group,method,budget_bpw,invocations,requests,mean_recovery,median_recovery,p10_recovery,p25_recovery,p75_recovery,p90_recovery,p95_remaining_damage,fraction_above_80,fraction_above_90,fraction_above_95,fraction_above_99,median_relative_output_error,median_logical_bpw,median_physical_bpw,median_page_amplification,median_external_storage_multiplier,median_extra_flops,median_ci_low,median_ci_high
all_four,A3_pages_1024,0.0,39,10,0.0,0.0,0.0,0.0,0.0,0.0,1.0,0.0,0.0,0.0,0.0,,0.0,0.0,0.0,,,0.0,0.0
all_four,A3_pages_1024,0.5,39,10,0.7803673364633402,0.8010490066752218,0.6520619053232632,0.7219086824395743,0.8424822547789449,0.8916390880569656,0.3644642430196682,0.5128205128205128,0.10256410256410256,0.0,0.0,,0.20089213053385416,0.5,2.4759348811302124,,,0.7210634094526529,0.8280975150551899
all_four,A3_pages_1024,0.75,39,10,0.8038360764307516,0.81923285594459,0.6920613991073105,0.7487903133967793,0.8619666965772763,0.9069600232670652,0.31263537702822125,0.5897435897435898,0.1282051282051282,0.0,0.0,,0.3352101643880208,0.75,2.2374023215234047,,,0.7507351979134178,0.8434091195562635
all_four,A3_pages_1024,1.0,39,10,0.8189556662652734,0.8316157572415563,0.7313861895364675,0.7659902030000464,0.8765845001311217,0.9133725134716386,0.2942096861553941,0.6153846153846154,0.1282051282051282,0.0,0.0,,0.4798024495442708,0.9973958333333334,2.069299702698985,,,0.7659902030000464,0.8556708003467994
all_four,A3_pages_1024,1.5,39,10,0.832568001412227,0.84585158267761,0.7549551184622207,0.7839021031886089,0.8845667611251157,0.9190390068657547,0.2814207695739516,0.6410256410256411,0.15384615384615385,0.0,0.0,,0.8182830810546875,1.4973958333333333,1.8062125367347064,,,0.7838891636291747,0.8640244317585873
all_four,A3_pages_1024,2.0,39,10,0.835511411445782,0.846244791718159,0.7584284042013079,0.7894999296780585,0.8888017660996279,0.9190390068657547,0.28084531388286116,0.6666666666666666,0.15384615384615385,0.0,0.0,,1.124359130859375,1.9947916666666667,1.696593144869007,,,0.7896420769899065,0.8648960690335802
all_four,A3_pages_1024,2.5,39,10,0.8360570882571272,0.846244791718159,0.758504423946494,0.7896175579251958,0.8888878937070286,0.9190390068657547,0.2808437332459112,0.6923076923076923,0.15384615384615385,0.0,0.0,,1.1821543375651042,2.0651041666666665,1.6777246274198283,,,0.7928460467607242,0.864927475500464
all_four,A3_pages_1024,3.0,39,10,0.8360589390893052,0.846244791718159,0.758504423946494,0.7896175579251958,0.8888878937070286,0.9190390068657547,0.2808437332459112,0.6923076923076923,0.15384615384615385,0.0,0.0,,1.1821543375651042,2.0651041666666665,1.6777246274198283,,,0.791324581206496,0.864927475500464
all_four,A3_pages_1024,4.0,39,10,0.8360589390893052,0.846244791718159,0.758504423946494,0.7896175579251958,0.8888878937070286,0.9190390068657547,0.2808437332459112,0.6923076923076923,0.15384615384615385,0.0,0.0,,1.1821543375651042,2.0651041666666665,1.6777246274198283,,,0.7898773334841813,0.864927475500464
all_four,A3_pages_2048,0.0,39,10,0.0,0.0,0.0,0.0,0.0,0.0,1.0,0.0,0.0,0.0,0.0,,0.0,0.0,0.0,,,0.0,0.0
all_four,A3_pages_2048,0.5,39,10,0.7567344930286068,0.7787385281773066,0.6077986164105472,0.6950154869494656,0.8311319991796982,0.8807133615032302,0.4294501066680279,0.4358974358974359,0.05128205128205128,0.0,0.0,,0.136505126953125,0.5,3.662866085401297,,,0.6927828346331264,0.8033512190058782
all_four,A3_pages_2048,0.75,39,10,0.7867073356598644,0.802672475472205,0.6655908250667881,0.725992933565154,0.8476901040662895,0.8985665928345826,0.3603291924146345,0.5128205128205128,0.10256410256410256,0.0,0.0,,0.2261810302734375,0.75,3.292900672378511,,,0.7306059172836497,0.8316278826534553
all_four,A3_pages_2048,1.0,39,10,0.8046344613321466,0.8173744465822617,0.693523227645931,0.7495314551363635,0.8657334769726722,0.9094505215179909,0.31357890721055515,0.5897435897435898,0.1282051282051282,0.0,0.0,,0.3413594563802083,0.9947916666666666,2.9226263917587074,,,0.7550349924232107,0.844280817263336
all_four,A3_pages_2048,1.5,39,10,0.8255670533705389,0.8424384369213482,0.7394802702367581,0.7747176364249078,0.8768361773901869,0.9190079247855801,0.285502034878559,0.6153846153846154,0.1282051282051282,0.0,0.0,,0.6234537760416666,1.5,2.3576550720698393,,,0.7745864018426241,0.8590492640992485
all_four,A3_pages_2048,2.0,39,10,0.8343342063273342,0.846244791718159,0.7561471170928007,0.7876747445011705,0.8865738000809905,0.9190390068657547,0.2811560568980848,0.6410256410256411,0.15384615384615385,0.0,0.0,,0.9146016438802084,1.9947916666666667,2.131425319131637,,,0.7882557559611638,0.8644098869589538
all_four,A3_pages_2048,2.5,39,10,0.8359850578403759,0.846244791718159,0.7584801647695412,0.7895804169587901,0.8888195516530619,0.9190390068657547,0.2808446633018557,0.6666666666666666,0.15384615384615385,0.0,0.0,,1.1407419840494792,2.4947916666666665,2.069496899038765,,,0.7898030515513698,0.8649232298291702
all_four,A3_pages_2048,3.0,39,10,0.8360577059935529,0.846244791718159,0.758504423946494,0.7896175579251958,0.8888878937070286,0.9190390068657547,0.2808437332459112,0.6923076923076923,0.15384615384615385,0.0,0.0,,1.1821543375651042,2.5520833333333335,2.0427310058178625,,,0.7898773334841813,0.864927475500464
all_four,A3_pages_2048,4.0,39,10,0.8360589390893052,0.846244791718159,0.758504423946494,0.7896175579251958,0.8888878937070286,0.9190390068657547,0.2808437332459112,0.6923076923076923,0.15384615384615385,0.0,0.0,,1.1821543375651042,2.5520833333333335,2.0427310058178625,,,0.7898773334841813,0.864927475500464
all_four,A3_pages_512,0.0,39,10,0.0,0.0,0.0,0.0,0.0,0.0,1.0,0.0,0.0,0.0,0.0,,0.0,0.0,0.0,,,0.0,0.0
all_four,A3_pages_512,0.5,39,10,0.7965350030173056,0.8131083584421557,0.6837345822905213,0.7391632177825419,0.8523018755651168,0.9004131184917662,0.3303180913934996,0.5384615384615384,0.10256410256410256,0.0,0.0,,0.2827860514322917,0.4986979166666667,1.7659612689972335,,,0.7391632177825419,0.8378437968741048
all_four,A3_pages_512,0.75,39,10,0.8168629744174317,0.8300394731606258,0.730233573041038,0.7634098641480149,0.8699756453835166,0.9102680623780064,0.2967136528206587,0.6153846153846154,0.1282051282051282,0.0,0.0,,0.4485880533854167,0.7486979166666666,1.6652525595339103,,,0.7638462776142808,0.8536348140752494
all_four,A3_pages_512,1.0,39,10,0.826690702756479,0.8429810021750581,0.7416608327539931,0.7737787321997764,0.8768164860153368,0.9189066452018485,0.2849836519279096,0.6153846153846154,0.1282051282051282,0.0,0.0,,0.6358489990234375,0.9986979166666666,1.560863931572295,,,0.7727209468581244,0.8602124514747564
all_four,A3_pages_512,1.5,39,10,0.8348791817613624,0.846244791718159,0.7565624321527279,0.7892679248188101,0.8885342316942126,0.9190390068657547,0.280920043076707,0.6410256410256411,0.15384615384615385,0.0,0.0,,1.0110321044921875,1.4973958333333333,1.4505248039977572,,,0.7909203167904955,0.8647306316117466
all_four,A3_pages_512,2.0,39,10,0.8360532607561066,0.846244791718159,0.758504423946494,0.7896175579251958,0.8888878937070286,0.9190390068657547,0.2808437332459112,0.6923076923076923,0.15384615384615385,0.0,0.0,,1.1821543375651042,1.69921875,1.4035468736168077,,,0.7898773334841813,0.864927475500464
all_four,A3_pages_512,2.5,39,10,0.8360589390893052,0.846244791718159,0.758504423946494,0.7896175579251958,0.8888878937070286,0.9190390068657547,0.2808437332459112,0.6923076923076923,0.15384615384615385,0.0,0.0,,1.1821543375651042,1.69921875,1.4016532836460966,,,0.7898773334841813,0.864927475500464
all_four,A3_pages_512,3.0,39,10,0.8360589390893052,0.846244791718159,0.758504423946494,0.7896175579251958,0.8888878937070286,0.9190390068657547,0.2808437332459112,0.6923076923076923,0.15384615384615385,0.0,0.0,,1.1821543375651042,1.69921875,1.4016532836460966,,,0.7898773334841813,0.864927475500464
all_four,A3_pages_512,4.0,39,10,0.8360589390893052,0.846244791718159,0.758504423946494,0.7896175579251958,0.8888878937070286,0.9190390068657547,0.2808437332459112,0.6923076923076923,0.15384615384615385,0.0,0.0,,1.1821543375651042,1.69921875,1.4016532836460966,,,0.7913616901224527,0.864927475500464
all_four,A4_fixed_sequence_hypergraph,0.0,39,10,0.0,0.0,0.0,0.0,0.0,0.0,1.0,0.0,0.0,0.0,0.0,,0.0,0.0,0.0,,,0.0,0.0
all_four,A4_fixed_sequence_hypergraph,0.5,39,10,0.7310312089929574,0.7642547143150215,0.5690579777156696,0.6607440867640768,0.8096071180299949,0.8545009379351877,0.4701358547594009,0.28205128205128205,0.02564102564102564,0.0,0.0,,0.09064229329427083,0.5,5.401268166769541,,,0.6626354936957812,0.7813802419781297
all_four,A4_fixed_sequence_hypergraph,0.75,39,10,0.7641771960923578,0.7855404095444417,0.6191473113773767,0.6954272954120012,0.842201448374168,0.8843272254609525,0.42252656910046993,0.46153846153846156,0.07692307692307693,0.0,0.0,,0.15802001953125,0.75,4.746234067207416,,,0.7048884751606792,0.8155204707932349
all_four,A4_fixed_sequence_hypergraph,1.0,39,10,0.7880394621252631,0.8024218340751889,0.6581322389501101,0.7217682598363973,0.8523389425282673,0.9033842366574687,0.36445473387648647,0.5641025641025641,0.1282051282051282,0.0,0.0,,0.23153177897135416,1.0,4.319061532040157,,,0.7353151847615312,0.8346442763628551
all_four,A4_fixed_sequence_hypergraph,1.5,39,10,0.8165671153581159,0.8307598264923621,0.7185742491273353,0.7653337314628131,0.8767228045967124,0.9186470606001054,0.30083782611779014,0.6153846153846154,0.1282051282051282,0.0,0.0,,0.4832509358723958,1.5,3.083627846671825,,,0.7659375744006144,0.8533018037482876
all_four,A4_fixed_sequence_hypergraph,2.0,39,10,0.8299921745808521,0.8450924199169203,0.746434430093925,0.7810876483539597,0.8815138659489605,0.9190390068657547,0.2836400408936548,0.6410256410256411,0.1282051282051282,0.0,0.0,,0.7516530354817709,2.0,2.6457621730572822,,,0.7826275617221026,0.8634145693497725
all_four,A4_fixed_sequence_hypergraph,2.5,39,10,0.8351029627219078,0.846244791718159,0.7563738626940498,0.7882586251238622,0.8870060644307269,0.9190390068657547,0.28111709796364065,0.6666666666666666,0.15384615384615385,0.0,0.0,,0.9676767985026041,2.5,2.5099449009084456,,,0.7889010282579925,0.8647332959382017
all_four,A4_fixed_sequence_hypergraph,3.0,39,10,0.8359852112168695,0.846244791718159,0.7584854589584098,0.7894926217646488,0.8888150537845567,0.9190390068657547,0.2808463307930292,0.6666666666666666,0.15384615384615385,0.0,0.0,,1.1309254964192708,3.0,2.5056366337498908,,,0.7896274611630874,0.8649232298291702
all_four,A4_fixed_sequence_hypergraph,4.0,39,10,0.8360589390893052,0.846244791718159,0.758504423946494,0.7896175579251958,0.8888878937070286,0.9190390068657547,0.2808437332459112,0.6923076923076923,0.15384615384615385,0.0,0.0,,1.1821543375651042,3.1041666666666665,2.505047535553234,,,0.7898773334841813,0.864927475500464
all_four,A4_fixed_sequence_importance,0.0,39,10,0.0,0.0,0.0,0.0,0.0,0.0,1.0,0.0,0.0,0.0,0.0,,0.0,0.0,0.0,,,0.0,0.0
all_four,A4_fixed_sequence_importance,0.5,39,10,0.715000022508212,0.7411945628713228,0.5621663566637011,0.6503479647414351,0.7972744101117377,0.8481952042058654,0.4872363894244521,0.2564102564102564,0.0,0.0,0.0,,0.068511962890625,0.5,7.259193619849357,,,0.6558353613630761,0.7584687847164774
all_four,A4_fixed_sequence_importance,0.75,39,10,0.7494447653322648,0.7678965199904354,0.6008742643423741,0.6921729540913637,0.8176454060475484,0.8726786517125756,0.43771445502863365,0.4358974358974359,0.05128205128205128,0.0,0.0,,0.115447998046875,0.75,6.4964314036478985,,,0.6972481392658048,0.8015368822873068
all_four,A4_fixed_sequence_importance,1.0,39,10,0.7734592192051613,0.7925341415804721,0.6414599485734065,0.7149116724517914,0.8490283693528013,0.8897779294842488,0.381286461348856,0.46153846153846156,0.07692307692307693,0.0,0.0,,0.16611226399739584,1.0,5.957316513059188,,,0.7258723509287102,0.8206018049098651
all_four,A4_fixed_sequence_importance,1.5,39,10,0.8062950995489253,0.8210449547934942,0.6931518715613384,0.7532047399443842,0.8732987309634627,0.9138238877632378,0.3205977509930662,0.5897435897435898,0.1282051282051282,0.0,0.0,,0.3474019368489583,1.5,4.31776521917367,,,0.7640851921725776,0.846244791718159
all_four,A4_fixed_sequence_importance,2.0,39,10,0.8250020183531288,0.8423738528412512,0.7367379559781935,0.7759782757271758,0.8768455993034043,0.9190363430174024,0.28589478848792244,0.6153846153846154,0.1282051282051282,0.0,0.0,,0.6127522786458334,2.0,3.0473592436160732,,,0.7755904901640438,0.8583237655178542
all_four,A4_fixed_sequence_importance,2.5,39,10,0.8338069447036067,0.846244791718159,0.755331849102381,0.7871868190267736,0.8845513433576733,0.9190390068657547,0.2812628276971535,0.6410256410256411,0.15384615384615385,0.0,0.0,,0.89794921875,2.5,2.7312280857731865,,,0.786656674546035,0.8644560143086981
all_four,A4_fixed_sequence_importance,3.0,39,10,0.8358384000721865,0.846244791718159,0.7566804867479346,0.789323980831987,0.8884808433061023,0.9190390068657547,0.2808519454176056,0.6666666666666666,0.15384615384615385,0.0,0.0,,1.0924835205078125,3.0,2.635813972195037,,,0.7892910602313485,0.8649188979027036
all_four,A4_fixed_sequence_importance,4.0,39,10,0.8360586719927556,0.846244791718159,0.758504423946494,0.7896175579251958,0.8888878937070286,0.9190390068657547,0.2808437332459112,0.6923076923076923,0.15384615384615385,0.0,0.0,,1.1821543375651042,3.2083333333333335,2.5906092822937685,,,0.7898773334841813,0.864927475500464
all_four,A4_fixed_sequence_naive,0.0,39,10,0.0,0.0,0.0,0.0,0.0,0.0,1.0,0.0,0.0,0.0,0.0,,0.0,0.0,0.0,,,0.0,0.0
all_four,A4_fixed_sequence_naive,0.5,39,10,0.7062625524859664,0.7237527049006656,0.5495564673572496,0.6331652765577278,0.7916541870097491,0.8331677101548427,0.4788933802478964,0.23076923076923078,0.0,0.0,0.0,,0.06336466471354167,0.5,7.887034659820283,,,0.6295746377693533,0.7533399034712989
all_four,A4_fixed_sequence_naive,0.75,39,10,0.73778339889034,0.7567842952947,0.5990953502328833,0.6738648483942268,0.813598519549328,0.8592328858174875,0.43771445502863365,0.3333333333333333,0.0,0.0,0.0,,0.10306803385416667,0.75,7.217974448088501,,,0.6738648483942268,0.778956395716297
all_four,A4_fixed_sequence_naive,1.0,39,10,0.7624398522457418,0.7832952284453544,0.6247495585580216,0.7050800947158622,0.8354393192306926,0.8814641741062026,0.40160307653093436,0.41025641025641024,0.05128205128205128,0.0,0.0,,0.149322509765625,0.9895833333333334,6.696913958716534,,,0.707239787250539,0.8006565108002689
all_four,A4_fixed_sequence_naive,1.5,39,10,0.7984174273478245,0.816624976348661,0.6860646310858218,0.7415736424930881,0.8530091144070246,0.9028929838950464,0.32601504040210344,0.5641025641025641,0.1282051282051282,0.0,0.0,,0.2914174397786458,1.5,5.147255432411205,,,0.749916988226928,0.8341628860823345
all_four,A4_fixed_sequence_naive,2.0,39,10,0.8220036783274497,0.8424384369213482,0.7282220584289718,0.7689821538874244,0.8727887389947733,0.9187976302564796,0.29045765729532175,0.6153846153846154,0.1282051282051282,0.0,0.0,,0.5494740804036459,2.0,3.639844118817747,,,0.7733199002392759,0.8483691600226015
all_four,A4_fixed_sequence_naive,2.5,39,10,0.8324742638952949,0.846244791718159,0.7468935211346472,0.7870988976284549,0.8793653554443077,0.9190388326116448,0.281343186583763,0.6410256410256411,0.15384615384615385,0.0,0.0,,0.852325439453125,2.5,2.9331519209423895,,,0.7849185722744323,0.8643163096801458
all_four,A4_fixed_sequence_naive,3.0,39,10,0.8356091883865117,0.846244791718159,0.7564663458915066,0.788969816841193,0.8883919537048377,0.9190390068657547,0.2808536749551378,0.6666666666666666,0.15384615384615385,0.0,0.0,,1.0667673746744792,3.0,2.8122344863756643,,,0.7891205138655633,0.8648917946105621
all_four,A4_fixed_sequence_naive,4.0,39,10,0.8360587477236132,0.846244791718159,0.758504423946494,0.7896175579251958,0.8888878937070286,0.9190390068657547,0.2808437332459112,0.6923076923076923,0.15384615384615385,0.0,0.0,,1.1821543375651042,3.2916666666666665,2.7392910151530843,,,0.791324581206496,0.864927475500464
all_four,A4_fixed_sequence_pairwise,0.0,39,10,0.0,0.0,0.0,0.0,0.0,0.0,1.0,0.0,0.0,0.0,0.0,,0.0,0.0,0.0,,,0.0,0.0
all_four,A4_fixed_sequence_pairwise,0.5,39,10,0.7174920388517847,0.7390037985269247,0.552865278663605,0.6468513454762308,0.7996015096290048,0.848041428604434,0.4801575518446775,0.2564102564102564,0.02564102564102564,0.0,0.0,,0.07193501790364583,0.5,6.95071766951849,,,0.6459490383942048,0.7689376866078604
all_four,A4_fixed_sequence_pairwise,0.75,39,10,0.7514319261600122,0.7766942702048747,0.6012249778284845,0.6846544398454404,0.8269621264043179,0.8777028111658208,0.4316826025724786,0.4358974358974359,0.05128205128205128,0.0,0.0,,0.11731974283854167,0.75,6.39278591866817,,,0.705252864412209,0.8001550219379177
all_four,A4_fixed_sequence_pairwise,1.0,39,10,0.7745114773530346,0.7930516137344044,0.6375617331019737,0.707813755011287,0.8496667091596908,0.8963025517527572,0.37761991480361,0.48717948717948717,0.10256410256410256,0.0,0.0,,0.17639668782552084,1.0,5.669040685101352,,,0.7191617561922974,0.8155204707932349
all_four,A4_fixed_sequence_pairwise,1.5,39,10,0.8079489123861219,0.8217539666321303,0.6934669000932787,0.7539325075236571,0.8759404872435244,0.9143266732196793,0.31549410264504724,0.5641025641025641,0.1282051282051282,0.0,0.0,,0.3726298014322917,1.5,4.025442930850919,,,0.7653843706454302,0.8457709926126483
all_four,A4_fixed_sequence_pairwise,2.0,39,10,0.8257878057810145,0.8415537136652128,0.734748965791737,0.77681126410749,0.8771813542661404,0.9190390068657547,0.28680708985108244,0.6153846153846154,0.1282051282051282,0.0,0.0,,0.6355997721354166,2.0,3.093485221577991,,,0.780954974876503,0.8593074909512574
all_four,A4_fixed_sequence_pairwise,2.5,39,10,0.8340072851235362,0.846244791718159,0.7561600287277853,0.7872705906147783,0.8835685121518901,0.9190390068657547,0.28125162368887224,0.6410256410256411,0.15384615384615385,0.0,0.0,,0.9159138997395834,2.5,2.6530366676603703,,,0.7880784279472381,0.8643836174668182
all_four,A4_fixed_sequence_pairwise,3.0,39,10,0.8359414811724611,0.846244791718159,0.758473291222923,0.7894251921396728,0.8887331084663957,0.9190390068657547,0.28085185607725627,0.6666666666666666,0.15384615384615385,0.0,0.0,,1.0986328125,3.0,2.5848057975734875,,,0.7894926019131352,0.8648960690335802
all_four,A4_fixed_sequence_pairwise,4.0,39,10,0.8360587719880889,0.846244791718159,0.758504423946494,0.7896175579251958,0.8888878937070286,0.9190390068657547,0.2808437332459112,0.6923076923076923,0.15384615384615385,0.0,0.0,,1.1821543375651042,3.1666666666666665,2.5539324276176165,,,0.7898773334841813,0.864927475500464
all_four,A4_gate_up_bundled,0.0,39,10,0.0,0.0,0.0,0.0,0.0,0.0,1.0,0.0,0.0,0.0,0.0,,0.0,0.0,0.0,,,0.0,0.0
all_four,A4_gate_up_bundled,0.5,39,10,0.7312705203723853,0.7632134212292687,0.5705042834326639,0.6581301356534982,0.8062921725181111,0.8600968772129229,0.4795963832230028,0.28205128205128205,0.02564102564102564,0.0,0.0,,0.09075927734375,0.5,5.509078681909886,,,0.6525603099715657,0.7749442801591304
all_four,A4_gate_up_bundled,0.75,39,10,0.7632930921266916,0.7839709312265463,0.619546868908988,0.6951808047291961,0.8388921851891873,0.8852698066065867,0.4270855804466198,0.46153846153846156,0.07692307692307693,0.0,0.0,,0.15069580078125,0.75,4.976913730255164,,,0.7047429144882364,0.8156508004842202
all_four,A4_gate_up_bundled,1.0,39,10,0.7868218188969792,0.8021248575218178,0.6608786121394103,0.7217682598363973,0.8519197161044851,0.9031361995117865,0.3637124111794901,0.5128205128205128,0.1282051282051282,0.0,0.0,,0.228851318359375,1.0,4.369649286571543,,,0.7476110482188365,0.8323795927965372
all_four,A4_gate_up_bundled,1.5,39,10,0.8154821674358282,0.8312496431655849,0.7134219387270891,0.7648806072322556,0.876145609685939,0.9186470606001054,0.30069473979117234,0.6153846153846154,0.1282051282051282,0.0,0.0,,0.4679311116536458,1.5,3.1805700850921563,,,0.7659072767184582,0.8475047042269808
all_four,A4_gate_up_bundled,2.0,39,10,0.8294193033436574,0.8450924199169203,0.7461748605671167,0.7807781587831274,0.8813760344135839,0.9190390068657547,0.2835752241259886,0.6410256410256411,0.15384615384615385,0.0,0.0,,0.7454477945963541,2.0,2.663397386833924,,,0.7823574601911052,0.8632199776794613
all_four,A4_gate_up_bundled,2.5,39,10,0.8349363265954147,0.846244791718159,0.7563504985712312,0.7873342865541268,0.8863356419337592,0.9190390068657547,0.28111379084392635,0.6666666666666666,0.15384615384615385,0.0,0.0,,0.9556172688802084,2.5,2.525173646788048,,,0.788848095008103,0.864726577618615
all_four,A4_gate_up_bundled,3.0,39,10,0.835973667042955,0.846244791718159,0.7584774003271161,0.7894644471159427,0.8887433754452368,0.9190390068657547,0.2808463078852473,0.6666666666666666,0.15384615384615385,0.0,0.0,,1.1276346842447917,2.9895833333333335,2.519902602448754,,,0.7958348569483386,0.8649226452107754
all_four,A4_gate_up_bundled,4.0,39,10,0.8360589390893052,0.846244791718159,0.758504423946494,0.7896175579251958,0.8888878937070286,0.9190390068657547,0.2808437332459112,0.6923076923076923,0.15384615384615385,0.0,0.0,,1.1821543375651042,3.1145833333333335,2.510488648042605,,,0.7928460467607242,0.864927475500464
all_four,A5_four_partial_layout_H0,0.0,39,10,0.0,0.0,0.0,0.0,0.0,0.0,1.0,0.0,0.0,0.0,0.0,,0.0,0.0,0.0,,,0.0,0.0
all_four,A5_four_partial_layout_H0,0.5,39,10,0.7314190774265552,0.7642547143150215,0.5700204527530597,0.6607440867640768,0.8068914555002054,0.8545009379351877,0.4694328517842945,0.28205128205128205,0.02564102564102564,0.0,0.0,,0.0886993408203125,0.5,5.613904117578444,,,0.6626354936957812,0.7749442801591304
all_four,A5_four_partial_layout_H0,0.75,39,10,0.7639477645571148,0.7839842578145939,0.6191473113773767,0.6951808047291961,0.8422067486557145,0.8852698066065867,0.42252656910046993,0.46153846153846156,0.07692307692307693,0.0,0.0,,0.15688069661458334,0.75,4.780702891972507,,,0.7048884751606792,0.8143056488296587
all_four,A5_four_partial_layout_H0,1.0,39,10,0.7877287002005736,0.8028105713599247,0.6587019350570229,0.7217682598363973,0.8523389425282673,0.9031361995117865,0.36473465993120036,0.5641025641025641,0.1282051282051282,0.0,0.0,,0.23153177897135416,1.0,4.319061532040157,,,0.7476110482188365,0.8340480624214829
all_four,A5_four_partial_layout_H0,1.5,39,10,0.8165268220573828,0.8305287196851961,0.7185742491273353,0.7650350272475099,0.8767374248068772,0.9186470606001054,0.30083782611779014,0.6153846153846154,0.1282051282051282,0.0,0.0,,0.4738972981770833,1.5,3.083627846671825,,,0.7660616967337124,0.8525815445308936
all_four,A5_four_partial_layout_H0,2.0,39,10,0.8296520128824909,0.8449337514790443,0.7465459091108374,0.7807781587831274,0.8815138659489605,0.9190390068657547,0.2838042577603572,0.6410256410256411,0.1282051282051282,0.0,0.0,,0.7416229248046875,2.0,2.6074121227794467,,,0.7806547205761383,0.8634145693497725
all_four,A5_four_partial_layout_H0,2.5,39,10,0.8350965439445884,0.846244791718159,0.7563756867343674,0.7883515317409677,0.8869939601096912,0.9190390068657547,0.2811467334308583,0.6666666666666666,0.15384615384615385,0.0,0.0,,0.966094970703125,2.5,2.5166017275012673,,,0.7925372725360572,0.8647332959382017
all_four,A5_four_partial_layout_H0,3.0,39,10,0.8359869889548188,0.846244791718159,0.7584891764749635,0.7895027453205068,0.8888190473709896,0.9190390068657547,0.28084567647472986,0.6666666666666666,0.15384615384615385,0.0,0.0,,1.137054443359375,2.9895833333333335,2.4812024381933138,,,0.7928060675296502,0.8649237761119327
all_four,A5_four_partial_layout_H0,4.0,39,10,0.8360589390893052,0.846244791718159,0.758504423946494,0.7896175579251958,0.8888878937070286,0.9190390068657547,0.2808437332459112,0.6923076923076923,0.15384615384615385,0.0,0.0,,1.1821543375651042,3.0416666666666665,2.4835449815999873,,,0.7928460467607242,0.864927475500464
all_four,A5_two_layout_H0,0.0,39,10,0.0,0.0,0.0,0.0,0.0,0.0,1.0,0.0,0.0,0.0,0.0,,0.0,0.0,0.0,,,0.0,0.0
all_four,A5_two_layout_H0,0.5,39,10,0.7314406092322342,0.7642547143150215,0.5700204527530597,0.6607440867640768,0.807793547513743,0.8545009379351877,0.4694328517842945,0.28205128205128205,0.02564102564102564,0.0,0.0,,0.09064229329427083,0.5,5.415899950415955,,,0.6626354936957812,0.7838328732302752
all_four,A5_two_layout_H0,0.75,39,10,0.7640191210421288,0.7855404095444417,0.6191473113773767,0.6954272954120012,0.842206027762499,0.8843272254609525,0.42252656910046993,0.46153846153846156,0.07692307692307693,0.0,0.0,,0.15802001953125,0.75,4.746234067207416,,,0.7048884751606792,0.8143056488296587
all_four,A5_two_layout_H0,1.0,39,10,0.7878279396249795,0.8028105713599247,0.6581322389501101,0.7217682598363973,0.8523389425282673,0.9033842366574687,0.36473465993120036,0.5641025641025641,0.1282051282051282,0.0,0.0,,0.22989400227864584,1.0,4.349830748467887,,,0.7476110482188365,0.8339440430125098
all_four,A5_two_layout_H0,1.5,39,10,0.8165577028926305,0.8307598264923621,0.7185742491273353,0.7654578537959111,0.8767374248068772,0.9186470606001054,0.30083782611779014,0.6153846153846154,0.1282051282051282,0.0,0.0,,0.4738972981770833,1.5,3.083627846671825,,,0.7663652488729564,0.8525815445308936
all_four,A5_two_layout_H0,2.0,39,10,0.8296932093242103,0.8449337514790443,0.7465281333683393,0.7811796981320325,0.8815025629152278,0.9190390068657547,0.2837709477156793,0.6410256410256411,0.1282051282051282,0.0,0.0,,0.7519887288411459,2.0,2.636750732587223,,,0.7789091823117108,0.8632199776794613
all_four,A5_two_layout_H0,2.5,39,10,0.8350952751535294,0.846244791718159,0.7563793539674386,0.7883515317409677,0.8869939601096912,0.9190390068657547,0.2811182181541747,0.6666666666666666,0.15384615384615385,0.0,0.0,,0.9578755696614584,2.5,2.5157988125298574,,,0.7873667645283141,0.8647332959382017
all_four,A5_two_layout_H0,3.0,39,10,0.83598777919342,0.846244791718159,0.7584891270429766,0.7895325054766111,0.8888160553600915,0.9190390068657547,0.2808463582823674,0.6666666666666666,0.15384615384615385,0.0,0.0,,1.131683349609375,2.9895833333333335,2.5084056664355976,,,0.7897072285870118,0.8649232298291702
all_four,A5_two_layout_H0,4.0,39,10,0.8360589390893052,0.846244791718159,0.758504423946494,0.7896175579251958,0.8888878937070286,0.9190390068657547,0.2808437332459112,0.6923076923076923,0.15384615384615385,0.0,0.0,,1.1821543375651042,3.0833333333333335,2.4966879314864983,,,0.7898773334841813,0.864927475500464
all_four,A6_corrected_screened_greedy,0.0,39,10,0.0,0.0,0.0,0.0,0.0,0.0,1.0,0.0,0.0,0.0,0.0,,0.0,0.0,0.0,,,0.0,0.0
all_four,A6_corrected_screened_greedy,0.5,39,10,0.7310312089929574,0.7642547143150215,0.5690579777156696,0.6607440867640768,0.8096071180299949,0.8545009379351877,0.4701358547594009,0.28205128205128205,0.02564102564102564,0.0,0.0,,0.09064229329427083,0.5,5.401268166769541,,,0.6626354936957812,0.7751662673540003
all_four,A6_corrected_screened_greedy,0.75,39,10,0.7641771960923578,0.7855404095444417,0.6191473113773767,0.6954272954120012,0.842201448374168,0.8843272254609525,0.42252656910046993,0.46153846153846156,0.07692307692307693,0.0,0.0,,0.15802001953125,0.75,4.746234067207416,,,0.7139645785426604,0.8155204707932349
all_four,A6_corrected_screened_greedy,1.0,39,10,0.7880394621252631,0.8024218340751889,0.6581322389501101,0.7217682598363973,0.8523389425282673,0.9033842366574687,0.36445473387648647,0.5641025641025641,0.1282051282051282,0.0,0.0,,0.23153177897135416,1.0,4.319061532040157,,,0.7350849591314725,0.8346246604418961
all_four,A6_corrected_screened_greedy,1.5,39,10,0.8165671153581159,0.8307598264923621,0.7185742491273353,0.7653337314628131,0.8767228045967124,0.9186470606001054,0.30083782611779014,0.6153846153846154,0.1282051282051282,0.0,0.0,,0.4832509358723958,1.5,3.083627846671825,,,0.765934471342287,0.8533018037482876
all_four,A6_corrected_screened_greedy,2.0,39,10,0.8299921745808521,0.8450924199169203,0.746434430093925,0.7810876483539597,0.8815138659489605,0.9190390068657547,0.2836400408936548,0.6410256410256411,0.1282051282051282,0.0,0.0,,0.7516530354817709,2.0,2.6457621730572822,,,0.7810562599250434,0.8634145693497725
all_four,A6_corrected_screened_greedy,2.5,39,10,0.8351029627219078,0.846244791718159,0.7563738626940498,0.7882586251238622,0.8870060644307269,0.9190390068657547,0.28111709796364065,0.6666666666666666,0.15384615384615385,0.0,0.0,,0.9676767985026041,2.5,2.5099449009084456,,,0.7871830825850346,0.8647332959382017
all_four,A6_corrected_screened_greedy,3.0,39,10,0.8359852112168695,0.846244791718159,0.7584854589584098,0.7894926217646488,0.8888150537845567,0.9190390068657547,0.2808463307930292,0.6666666666666666,0.15384615384615385,0.0,0.0,,1.1309254964192708,3.0,2.5056366337498908,,,0.7912367539619058,0.8649232298291702
all_four,A6_corrected_screened_greedy,4.0,39,10,0.8360589390893052,0.846244791718159,0.758504423946494,0.7896175579251958,0.8888878937070286,0.9190390068657547,0.2808437332459112,0.6923076923076923,0.15384615384615385,0.0,0.0,,1.1821543375651042,3.1041666666666665,2.505047535553234,,,0.791324581206496,0.864927475500464
all_four,bounded_exact_complete_marginal,0.0,12,7,0.0,0.0,0.0,0.0,0.0,0.0,1.0,0.0,0.0,0.0,0.0,,0.0,0.0,0.0,,,0.0,0.0
all_four,bounded_exact_complete_marginal,0.5,12,7,0.5409421765686923,0.5061440829452581,0.39952652359591867,0.4405106103256323,0.6432481618304835,0.7193420928257157,0.6066287843702473,0.0,0.0,0.0,0.0,,0.029719034830729164,0.05729166666666667,1.9634412072982292,,,0.4629467040918298,0.6411992919216507
all_four,bounded_exact_complete_marginal,0.75,12,7,0.5409421765686923,0.5061440829452581,0.39952652359591867,0.4405106103256323,0.6432481618304835,0.7193420928257157,0.6066287843702473,0.0,0.0,0.0,0.0,,0.029719034830729164,0.05729166666666667,1.9634412072982292,,,0.4629467040918298,0.6411992919216507
all_four,bounded_exact_complete_marginal,1.0,12,7,0.5409421765686923,0.5061440829452581,0.39952652359591867,0.4405106103256323,0.6432481618304835,0.7193420928257157,0.6066287843702473,0.0,0.0,0.0,0.0,,0.029719034830729164,0.05729166666666667,1.9634412072982292,,,0.4629467040918298,0.6411992919216507
all_four,bounded_exact_complete_marginal,1.5,12,7,0.5409421765686923,0.5061440829452581,0.39952652359591867,0.4405106103256323,0.6432481618304835,0.7193420928257157,0.6066287843702473,0.0,0.0,0.0,0.0,,0.029719034830729164,0.05729166666666667,1.9634412072982292,,,0.4629467040918298,0.6411992919216507
all_four,bounded_exact_complete_marginal,2.0,12,7,0.5409421765686923,0.5061440829452581,0.39952652359591867,0.4405106103256323,0.6432481618304835,0.7193420928257157,0.6066287843702473,0.0,0.0,0.0,0.0,,0.029719034830729164,0.05729166666666667,1.9634412072982292,,,0.4629467040918298,0.6411992919216507
all_four,bounded_exact_complete_marginal,2.5,12,7,0.5409421765686923,0.5061440829452581,0.39952652359591867,0.4405106103256323,0.6432481618304835,0.7193420928257157,0.6066287843702473,0.0,0.0,0.0,0.0,,0.029719034830729164,0.05729166666666667,1.9634412072982292,,,0.4629467040918298,0.6411992919216507
all_four,bounded_exact_complete_marginal,3.0,12,7,0.5409421765686923,0.5061440829452581,0.39952652359591867,0.4405106103256323,0.6432481618304835,0.7193420928257157,0.6066287843702473,0.0,0.0,0.0,0.0,,0.029719034830729164,0.05729166666666667,1.9634412072982292,,,0.4629467040918298,0.6411992919216507
all_four,bounded_exact_complete_marginal,4.0,12,7,0.5409421765686923,0.5061440829452581,0.39952652359591867,0.4405106103256323,0.6432481618304835,0.7193420928257157,0.6066287843702473,0.0,0.0,0.0,0.0,,0.029719034830729164,0.05729166666666667,1.9634412072982292,,,0.4629467040918298,0.6411992919216507
difficult,A3_pages_1024,0.0,27,9,0.0,0.0,0.0,0.0,0.0,0.0,1.0,0.0,0.0,0.0,0.0,,0.0,0.0,0.0,,,0.0,0.0
difficult,A3_pages_1024,0.5,27,9,0.7462918187499766,0.773344012446212,0.6455251201536722,0.6742971994907626,0.8147990750912943,0.8460856805002849,0.37317266831485796,0.3333333333333333,0.0,0.0,0.0,,0.19642130533854166,0.5,2.54554870785644,,,0.6659296689140383,0.788933713370549
difficult,A3_pages_1024,0.75,27,9,0.7738315142291797,0.7826879502396491,0.6906743382388596,0.715575855669631,0.8366912446377596,0.864819933899051,0.32256719625488856,0.4444444444444444,0.0,0.0,0.0,,0.319488525390625,0.7473958333333334,2.339351100073232,,,0.6962764026212257,0.8110111513629453
difficult,A3_pages_1024,1.0,27,9,0.7919725534456634,0.788591406145729,0.7120522228380425,0.7447955154749201,0.8496442689860664,0.8723338816781675,0.3051104891352898,0.48148148148148145,0.0,0.0,0.0,,0.4718068440755208,1.0,2.1195114326063753,,,0.7354788297949425,0.8257966132054582
difficult,A3_pages_1024,1.5,27,9,0.8100939713629787,0.8113467662367019,0.7366093395185495,0.7818029282623609,0.8586610757866688,0.8874931333455254,0.29306604887275495,0.5185185185185185,0.037037037037037035,0.0,0.0,,0.8158365885416666,1.5,1.8354114713216958,,,0.7780843156759994,0.8359774436782142
difficult,A3_pages_1024,2.0,27,9,0.8142662024030853,0.819521922900526,0.7373159530069496,0.7852980162171563,0.859291714221726,0.8895102974686055,0.2917999164261421,0.5555555555555556,0.037037037037037035,0.0,0.0,,1.1484781901041667,1.9973958333333333,1.7325380298591748,,,0.7827652997940819,0.8345541670731452
difficult,A3_pages_1024,2.5,27,9,0.8150541651931297,0.825046565332693,0.7373183998903023,0.7853090959393284,0.8593162912005119,0.8896261064708616,0.2917888519674924,0.5925925925925926,0.037037037037037035,0.0,0.0,,1.3088887532552083,2.171875,1.6815134489590966,,,0.7854119583654083,0.8393461296804793
difficult,A3_pages_1024,3.0,27,9,0.8150568386173868,0.8251155564738283,0.7373183998903023,0.7853090959393284,0.8593162912005119,0.8896261064708616,0.2917888519674924,0.5925925925925926,0.037037037037037035,0.0,0.0,,1.3088887532552083,2.171875,1.6815134489590966,,,0.7854454603726403,0.8441031144199234
difficult,A3_pages_1024,4.0,27,9,0.8150568386173868,0.8251155564738283,0.7373183998903023,0.7853090959393284,0.8593162912005119,0.8896261064708616,0.2917888519674924,0.5925925925925926,0.037037037037037035,0.0,0.0,,1.3088887532552083,2.171875,1.6815134489590966,,,0.7827652997940819,0.8390109983625751
difficult,A3_pages_2048,0.0,27,9,0.0,0.0,0.0,0.0,0.0,0.0,1.0,0.0,0.0,0.0,0.0,,0.0,0.0,0.0,,,0.0,0.0
difficult,A3_pages_2048,0.5,27,9,0.7188207589123954,0.7586197013578766,0.5913922973302228,0.6465942925056084,0.7972319074307883,0.8256480949397492,0.4305324330537754,0.25925925925925924,0.0,0.0,0.0,,0.12967427571614584,0.5,3.8457084735153746,,,0.6334209213788068,0.7710218032165072
difficult,A3_pages_2048,0.75,27,9,0.7521009027207559,0.7771568474861761,0.6495723715265099,0.6846130997614323,0.8214023213737589,0.8487327168189838,0.36253919931493317,0.3333333333333333,0.0,0.0,0.0,,0.2134552001953125,0.75,3.513617842590607,,,0.6694751258052837,0.7969837494887775
difficult,A3_pages_2048,1.0,27,9,0.7737533339868705,0.7825060038992612,0.6890249899149403,0.7191045623601773,0.8364124211098538,0.86473443814911,0.32433723623283267,0.4444444444444444,0.0,0.0,0.0,,0.3231557210286458,0.9947916666666666,3.0944833556307545,,,0.6945126466972704,0.8130775715646115
difficult,A3_pages_2048,1.5,27,9,0.8003246859930312,0.7986918438019082,0.7192964936324477,0.7638961066997789,0.8539982319328622,0.8798319998237116,0.2972783367669027,0.48148148148148145,0.0,0.0,0.0,,0.6182403564453125,1.5,2.4262408371794555,,,0.7488284922750434,0.8331893314909684
difficult,A3_pages_2048,2.0,27,9,0.812633221968148,0.8194607512040726,0.7370203281703898,0.784674974754799,0.8589646672954314,0.8883952160777416,0.2926609661469752,0.5185185185185185,0.037037037037037035,0.0,0.0,,0.9146016438802084,2.0,2.186014965698974,,,0.782680805764102,0.8363486413281367
difficult,A3_pages_2048,2.5,27,9,0.8149501955776544,0.8247502051363416,0.7373178363656514,0.7853087646210484,0.859305294619521,0.8895102974686055,0.2917953623591037,0.5555555555555556,0.037037037037037035,0.0,0.0,,1.1781209309895833,2.4947916666666665,2.0839425008927766,,,0.7827652997940819,0.8389034605687118
difficult,A3_pages_2048,3.0,27,9,0.8150550574790776,0.8250687712276824,0.7373183998903023,0.7853090959393284,0.8593162912005119,0.8896261064708616,0.2917888519674924,0.5925925925925926,0.037037037037037035,0.0,0.0,,1.3088887532552083,2.6302083333333335,2.0822353083392335,,,0.7827652997940819,0.839010345618475
difficult,A3_pages_2048,4.0,27,9,0.8150568386173868,0.8251155564738283,0.7373183998903023,0.7853090959393284,0.8593162912005119,0.8896261064708616,0.2917888519674924,0.5925925925925926,0.037037037037037035,0.0,0.0,,1.3088887532552083,2.6302083333333335,2.0822353083392335,,,0.7827652997940819,0.8345891449410352
difficult,A3_pages_512,0.0,27,9,0.0,0.0,0.0,0.0,0.0,0.0,1.0,0.0,0.0,0.0,0.0,,0.0,0.0,0.0,,,0.0,0.0
difficult,A3_pages_512,0.5,27,9,0.7655375815272721,0.7803727243046628,0.6780216209717286,0.7025537789771139,0.8297181600287002,0.8610792647586966,0.33714817216983944,0.37037037037037035,0.0,0.0,0.0,,0.2739512125651042,0.4986979166666667,1.8251424964259855,,,0.6851380530586122,0.8019785312399701
difficult,A3_pages_512,0.75,27,9,0.7899246761012535,0.7874142522600679,0.7110641371246853,0.7375503901477471,0.8464842893949468,0.8711856691643078,0.30781697009178494,0.48148148148148145,0.0,0.0,0.0,,0.44305419921875,0.7486979166666666,1.6898562703770033,,,0.7340380591756557,0.8242353067184165
difficult,A3_pages_512,1.0,27,9,0.8018664019954495,0.7986918438019082,0.7236905287631553,0.7681664427457157,0.8545553784816586,0.8797987944740355,0.29687997715774034,0.48148148148148145,0.0,0.0,0.0,,0.6309712727864584,0.9986979166666666,1.5786673545391523,,,0.7528080064989037,0.8332313584420439
difficult,A3_pages_512,1.5,27,9,0.8133548017031418,0.8195182825306686,0.7372713546708229,0.7851787420775882,0.8591964046092428,0.8893616492622196,0.29211405981148464,0.5185185185185185,0.037037037037037035,0.0,0.0,,1.0237172444661458,1.4986979166666667,1.4640938929779193,,,0.78522172850072,0.8377279345576992
difficult,A3_pages_512,2.0,27,9,0.8150486365805446,0.8249327064834455,0.7373183998903023,0.7853090959393284,0.8593162912005119,0.8896261064708616,0.2917888519674924,0.5925925925925926,0.037037037037037035,0.0,0.0,,1.3088887532552083,1.81640625,1.4143048688188897,,,0.7841053800833611,0.8390006294850296
difficult,A3_pages_512,2.5,27,9,0.8150568386173868,0.8251155564738283,0.7373183998903023,0.7853090959393284,0.8593162912005119,0.8896261064708616,0.2917888519674924,0.5925925925925926,0.037037037037037035,0.0,0.0,,1.3088887532552083,1.81640625,1.4131066056245913,,,0.7854454603726403,0.8390109983625751
difficult,A3_pages_512,3.0,27,9,0.8150568386173868,0.8251155564738283,0.7373183998903023,0.7853090959393284,0.8593162912005119,0.8896261064708616,0.2917888519674924,0.5925925925925926,0.037037037037037035,0.0,0.0,,1.3088887532552083,1.81640625,1.4131066056245913,,,0.7827652997940819,0.8345891449410352
difficult,A3_pages_512,4.0,27,9,0.8150568386173868,0.8251155564738283,0.7373183998903023,0.7853090959393284,0.8593162912005119,0.8896261064708616,0.2917888519674924,0.5925925925925926,0.037037037037037035,0.0,0.0,,1.3088887532552083,1.81640625,1.4131066056245913,,,0.7841053800833611,0.8390109983625751
difficult,A4_fixed_sequence_hypergraph,0.0,27,9,0.0,0.0,0.0,0.0,0.0,0.0,1.0,0.0,0.0,0.0,0.0,,0.0,0.0,0.0,,,0.0,0.0
difficult,A4_fixed_sequence_hypergraph,0.5,27,9,0.6891006055848783,0.7340741099484459,0.5500415651908971,0.6206028593091186,0.7719496052150514,0.8003530147177684,0.48130738576446286,0.1111111111111111,0.0,0.0,0.0,,0.0812530517578125,0.5,6.153615023474178,,,0.5852676402095174,0.7490612264834042
difficult,A4_fixed_sequence_hypergraph,0.75,27,9,0.7243450138890585,0.7609178736874713,0.5935233424604713,0.6510700425062494,0.8058264802826046,0.8318586544366194,0.4250688540896796,0.25925925925925924,0.0,0.0,0.0,,0.13925679524739584,0.75,5.385733591438694,,,0.6334209213788068,0.7813986603079789
difficult,A4_fixed_sequence_hypergraph,1.0,27,9,0.7524496031601958,0.7767462629345618,0.6445833727165649,0.7019142348988078,0.8253800774802018,0.8489143744698664,0.3694802605960711,0.4074074074074074,0.0,0.0,0.0,,0.20944722493489584,1.0,4.768450922849312,,,0.6645311546038085,0.8020211285198448
difficult,A4_fixed_sequence_hypergraph,1.5,27,9,0.7881938309002691,0.7878723320344243,0.7064033755187504,0.7459547303502131,0.8486962347672129,0.8716499083552498,0.31321506461562765,0.48148148148148145,0.0,0.0,0.0,,0.4549001057942708,1.5,3.2745284390129363,,,0.7207539127705536,0.8269527166667416
difficult,A4_fixed_sequence_hypergraph,2.0,27,9,0.806442926735791,0.8136013893755709,0.7339716615989101,0.7758150645849176,0.8576122004364051,0.8863159047098913,0.2952581898944434,0.5185185185185185,0.0,0.0,0.0,,0.7516530354817709,2.0,2.6576729410969553,,,0.7528080064989037,0.8352101334004587
difficult,A4_fixed_sequence_hypergraph,2.5,27,9,0.8136788985403747,0.8194803013384913,0.7372042326287922,0.7848832228574503,0.8591715126213761,0.8885423021243507,0.2925858233873167,0.5555555555555556,0.037037037037037035,0.0,0.0,,0.9747517903645834,2.5,2.5647554841268185,,,0.7827238525954254,0.8383573813865457
difficult,A4_fixed_sequence_hypergraph,3.0,27,9,0.8149504438907075,0.8249327064834455,0.7373173802087662,0.7853087200491236,0.8593049747455435,0.8895049000263994,0.29179552112127555,0.5555555555555556,0.037037037037037035,0.0,0.0,,1.168121337890625,3.0,2.546427893000846,,,0.782765252043853,0.8389184128054124
difficult,A4_fixed_sequence_hypergraph,4.0,27,9,0.8150568386173868,0.8251155564738283,0.7373183998903023,0.7853090959393284,0.8593162912005119,0.8896261064708616,0.2917888519674924,0.5925925925925926,0.037037037037037035,0.0,0.0,,1.3088887532552083,3.1666666666666665,2.546427893000846,,,0.7827652997940819,0.8390109983625751
difficult,A4_fixed_sequence_importance,0.0,27,9,0.0,0.0,0.0,0.0,0.0,0.0,1.0,0.0,0.0,0.0,0.0,,0.0,0.0,0.0,,,0.0,0.0
difficult,A4_fixed_sequence_importance,0.5,27,9,0.6757364031274579,0.7181391494666691,0.5307875555916779,0.5941507640685464,0.7628970030589172,0.7887569409321813,0.48929581836920133,0.1111111111111111,0.0,0.0,0.0,,0.065948486328125,0.5,7.581675150393337,,,0.5680921848262788,0.7367658274445497
difficult,A4_fixed_sequence_importance,0.75,27,9,0.7080417209124495,0.7415698160314312,0.578536195703971,0.6367059464445409,0.7931761330392816,0.8107274006997413,0.444571291435889,0.25925925925925924,0.0,0.0,0.0,,0.10503641764322917,0.75,7.072373540856031,,,0.6135519258411171,0.7611606148206702
difficult,A4_fixed_sequence_importance,1.0,27,9,0.7346383801657324,0.7646833257629939,0.6281199055393429,0.6591000678146872,0.8069913946054871,0.8387134851499187,0.40384394366727416,0.25925925925925924,0.0,0.0,0.0,,0.15668233235677084,1.0,6.382340529134881,,,0.6461728742131031,0.7855404095444417
difficult,A4_fixed_sequence_importance,1.5,27,9,0.7743357909344352,0.7860537001589777,0.6848181792316435,0.7259319887377171,0.8341604627270487,0.8646153401270618,0.32123068699357155,0.4444444444444444,0.0,0.0,0.0,,0.3108418782552083,1.5,4.794671414910805,,,0.6943502211618802,0.8112370169741747
difficult,A4_fixed_sequence_importance,2.0,27,9,0.7995394510808589,0.7917182962230553,0.7176484095110588,0.7662264665970976,0.854256152874523,0.8803418461194437,0.2968895228813185,0.48148148148148145,0.0,0.0,0.0,,0.6075998942057291,2.0,3.2916398094743804,,,0.7412252188838524,0.8331247664663457
difficult,A4_fixed_sequence_importance,2.5,27,9,0.8118778262532109,0.8194204644443188,0.7369800933908426,0.7834706509814234,0.858989887362118,0.8883281593719365,0.29265090883996503,0.5185185185185185,0.037037037037037035,0.0,0.0,,0.89794921875,2.5,2.7800590491057795,,,0.7793957809903276,0.8325435739831356
difficult,A4_fixed_sequence_importance,3.0,27,9,0.8147392121377992,0.8238884125885326,0.7373127928703337,0.7852949602765928,0.859301998067229,0.8891239934287231,0.29179893512011446,0.5555555555555556,0.037037037037037035,0.0,0.0,,1.1162007649739583,3.0,2.6876885360941247,,,0.7827646074157634,0.8344305535792585
difficult,A4_fixed_sequence_importance,4.0,27,9,0.8150564528112594,0.8251067465263597,0.7373183998903023,0.7853090959393284,0.8593162912005119,0.8896260999816014,0.2917888519674924,0.5925925925925926,0.037037037037037035,0.0,0.0,,1.3088887532552083,3.3020833333333335,2.594681864897692,,,0.7827652997940819,0.8390102030651657
difficult,A4_fixed_sequence_naive,0.0,27,9,0.0,0.0,0.0,0.0,0.0,0.0,1.0,0.0,0.0,0.0,0.0,,0.0,0.0,0.0,,,0.0,0.0
difficult,A4_fixed_sequence_naive,0.5,27,9,0.6708069466230102,0.7169483975615858,0.5325479584835711,0.5862639677863242,0.7501405376558259,0.7848259222982216,0.47953987442658547,0.07407407407407407,0.0,0.0,0.0,,0.06252034505208333,0.5,7.89083319955049,,,0.5650647040101893,0.7250447109409774
difficult,A4_fixed_sequence_naive,0.75,27,9,0.7018773691685015,0.7434552082420993,0.5731994533754985,0.6177809460265846,0.7721120509164501,0.8080771587557389,0.444571291435889,0.18518518518518517,0.0,0.0,0.0,,0.1016387939453125,0.75,7.379072211379673,,,0.615332676133303,0.7567842952947
difficult,A4_fixed_sequence_naive,1.0,27,9,0.7275790451816171,0.7629725688595382,0.6108475038653098,0.6534530902534772,0.7919660670394608,0.836335486439363,0.4065080995241514,0.2222222222222222,0.0,0.0,0.0,,0.14756266276041666,0.9895833333333334,6.707423580786026,,,0.6421645025038571,0.777265673825492
difficult,A4_fixed_sequence_naive,1.5,27,9,0.7686092898344441,0.7834034606576709,0.6777883960850707,0.7098492647800598,0.8279279021067194,0.8619086579798093,0.3274291156182375,0.4074074074074074,0.0,0.0,0.0,,0.2914174397786458,1.5,5.147255432411205,,,0.6875390636219287,0.8103183376532106
difficult,A4_fixed_sequence_naive,2.0,27,9,0.7977295817917275,0.7931666726088888,0.7123250762709536,0.7597166117479875,0.8490786737117738,0.8824663459742136,0.2984104791504516,0.48148148148148145,0.0,0.0,0.0,,0.5923868815104166,2.0,3.3410035374523472,,,0.7319534267589619,0.8331413038249256
difficult,A4_fixed_sequence_naive,2.5,27,9,0.8106595522293069,0.8192845707858324,0.7339175212375015,0.7829461929431374,0.8589140677436391,0.8884326887463929,0.2927305815679431,0.5185185185185185,0.037037037037037035,0.0,0.0,,0.8996531168619791,2.5,2.7788488175532424,,,0.7646231711810011,0.8380337333018542
difficult,A4_fixed_sequence_naive,3.0,27,9,0.8144631680053794,0.8195219094176746,0.7373127928703337,0.7852803539099845,0.859287111774562,0.8890132363572302,0.2918110418828399,0.5555555555555556,0.037037037037037035,0.0,0.0,,1.1332295735677083,3.0,2.635813972195037,,,0.7827454834491021,0.8385829486591592
difficult,A4_fixed_sequence_naive,4.0,27,9,0.815056562200276,0.8251085433801814,0.7373183998903023,0.7853090959393284,0.8593162912005119,0.8896261064708616,0.2917888519674924,0.5925925925925926,0.037037037037037035,0.0,0.0,,1.3088887532552083,3.375,2.5967008963318183,,,0.7827652997940819,0.8390107732784027
difficult,A4_fixed_sequence_pairwise,0.0,27,9,0.0,0.0,0.0,0.0,0.0,0.0,1.0,0.0,0.0,0.0,0.0,,0.0,0.0,0.0,,,0.0,0.0
difficult,A4_fixed_sequence_pairwise,0.5,27,9,0.6758894688116999,0.7191472991799406,0.5337419460010033,0.5963012762684328,0.7696396892205105,0.7894240048263893,0.4819241338171624,0.1111111111111111,0.0,0.0,0.0,,0.06428019205729167,0.5,7.651510333863275,,,0.5558588471239916,0.7368531659111989
difficult,A4_fixed_sequence_pairwise,0.75,27,9,0.7096382988974385,0.747352322975742,0.586554978203728,0.6376216946069526,0.7946090601614293,0.8144383470151605,0.43533664052745474,0.25925925925925924,0.0,0.0,0.0,,0.10740152994791667,0.75,6.9831407463534765,,,0.6068688481401743,0.7699783112224269
difficult,A4_fixed_sequence_pairwise,1.0,27,9,0.7355678888498268,0.7655009431338057,0.6292137441231234,0.6690299130908728,0.807938586096387,0.8411599327624775,0.39458569660725873,0.2962962962962963,0.0,0.0,0.0,,0.16116841634114584,1.0,6.204689620349039,,,0.6411433813430607,0.788933713370549
difficult,A4_fixed_sequence_pairwise,1.5,27,9,0.7764341837032631,0.7843475490026305,0.6874671769291789,0.7300200833389761,0.8367909308999931,0.864429030135347,0.3192870368670038,0.4074074074074074,0.0,0.0,0.0,,0.3220723470052083,1.5,4.657338681658823,,,0.6945786435725425,0.8172683436712553
difficult,A4_fixed_sequence_pairwise,2.0,27,9,0.8004723839928898,0.7931666726088888,0.7180521903005546,0.7676371175312631,0.8536833669530881,0.8813921992377126,0.29653755973441737,0.48148148148148145,0.0,0.0,0.0,,0.6109720865885416,2.0,3.273471970163667,,,0.7383835704693524,0.833597726659971
difficult,A4_fixed_sequence_pairwise,2.5,27,9,0.8121618498984245,0.819273083396505,0.7370129430453529,0.783666191907392,0.8589536889411781,0.8883952160777416,0.2926381332326212,0.5185185185185185,0.037037037037037035,0.0,0.0,,0.922882080078125,2.5,2.708905128798651,,,0.7827089306489046,0.8364143251135765
difficult,A4_fixed_sequence_pairwise,3.0,27,9,0.8148885727041082,0.8241769953578952,0.7373135195205415,0.7853067065839012,0.8592890338983965,0.889423485767405,0.29179830973766907,0.5555555555555556,0.037037037037037035,0.0,0.0,,1.1486460367838542,3.0,2.6100139389782506,,,0.7854105961527761,0.8387115033499248
difficult,A4_fixed_sequence_pairwise,4.0,27,9,0.815056597248963,0.8251090395263858,0.7373183998903023,0.7853090959393284,0.8593162912005119,0.8896261064708616,0.2917888519674924,0.5925925925925926,0.037037037037037035,0.0,0.0,,1.3088887532552083,3.3229166666666665,2.588130926376928,,,0.7827652997940819,0.8390109983625751
difficult,A4_gate_up_bundled,0.0,27,9,0.0,0.0,0.0,0.0,0.0,0.0,1.0,0.0,0.0,0.0,0.0,,0.0,0.0,0.0,,,0.0,0.0
difficult,A4_gate_up_bundled,0.5,27,9,0.6893154554572787,0.7324406894763433,0.5501758030247237,0.6156772077782626,0.7736242516761603,0.7977229355439722,0.48446089525233016,0.1111111111111111,0.0,0.0,0.0,,0.08720906575520833,0.5,5.73334888603756,,,0.5852676402095174,0.7492584614221491
difficult,A4_gate_up_bundled,0.75,27,9,0.7233048170757789,0.7601663125890138,0.5930271583958323,0.6500955025905271,0.8044300015482697,0.8328528881149733,0.43155908362063183,0.25925925925925924,0.0,0.0,0.0,,0.14108784993489584,0.75,5.310476464868369,,,0.631691734206852,0.7807132583525289
difficult,A4_gate_up_bundled,1.0,27,9,0.7508525487060077,0.7767462629345618,0.6417527594120885,0.6987254880933347,0.822832772214543,0.8473461931010325,0.37177580851982833,0.3333333333333333,0.0,0.0,0.0,,0.20667521158854166,1.0,4.838509622483635,,,0.6649731968154315,0.7990574540923483
difficult,A4_gate_up_bundled,1.5,27,9,0.786861736345927,0.7882092066405703,0.701507392072263,0.7427338644803612,0.8455612209261569,0.8703149363399422,0.3123404593348471,0.48148148148148145,0.0,0.0,0.0,,0.4269307454427083,1.5,3.4903404960253614,,,0.7161795970324774,0.826334192388204
difficult,A4_gate_up_bundled,2.0,27,9,0.8056196783170875,0.8053386394376041,0.7337035308611427,0.7749911074241855,0.8573321628038773,0.8861505068674393,0.29500681925293026,0.5185185185185185,0.037037037037037035,0.0,0.0,,0.7444864908854166,2.0,2.6829511261522505,,,0.7510508998173642,0.8289730505489694
difficult,A4_gate_up_bundled,2.5,27,9,0.8134382864782659,0.8194844675395501,0.7371991922670984,0.7844995377208086,0.8591615960450423,0.8885296276412209,0.2925847210140786,0.5555555555555556,0.037037037037037035,0.0,0.0,,0.9735921223958334,2.5,2.5571112132737075,,,0.7827238525954254,0.83782285171471
difficult,A4_gate_up_bundled,3.0,27,9,0.8149337689728308,0.8249022672433334,0.7373170687872486,0.7853087292026718,0.8593044121979856,0.8894297446589083,0.2917953607668023,0.5555555555555556,0.037037037037037035,0.0,0.0,,1.1683349609375,3.0,2.5468001213224145,,,0.7840716447728402,0.8346699072782171
difficult,A4_gate_up_bundled,4.0,27,9,0.8150568386173868,0.8251155564738283,0.7373183998903023,0.7853090959393284,0.8593162912005119,0.8896261064708616,0.2917888519674924,0.5925925925925926,0.037037037037037035,0.0,0.0,,1.3088887532552083,3.21875,2.5288437365984944,,,0.7827652997940819,0.8345891449410352
difficult,A5_four_partial_layout_H0,0.0,27,9,0.0,0.0,0.0,0.0,0.0,0.0,1.0,0.0,0.0,0.0,0.0,,0.0,0.0,0.0,,,0.0,0.0
difficult,A5_four_partial_layout_H0,0.5,27,9,0.6898682193965796,0.7340741099484459,0.5529289903030674,0.6211832565028514,0.7719496052150514,0.8003530147177684,0.47638636493871817,0.1111111111111111,0.0,0.0,0.0,,0.08112080891927083,0.5,6.163646623612766,,,0.5852676402095174,0.7569108268529339
difficult,A5_four_partial_layout_H0,0.75,27,9,0.7240639279767016,0.7620593901931069,0.5935233424604713,0.6494119084815511,0.8052190693008165,0.8318586544366194,0.4250688540896796,0.25925925925925924,0.0,0.0,0.0,,0.13678487141927084,0.75,5.483062506972074,,,0.6334209213788068,0.7812979888761404
difficult,A5_four_partial_layout_H0,1.0,27,9,0.7521138638212207,0.7767462629345618,0.6462924610373034,0.699675313069045,0.8252391794172006,0.8481656648586252,0.371439742979068,0.4074074074074074,0.0,0.0,0.0,,0.20934549967447916,1.0,4.768450922849312,,,0.6601527023740874,0.8024218340751889
difficult,A5_four_partial_layout_H0,1.5,27,9,0.7881477972340465,0.7881593677300657,0.7064033755187504,0.7459547303502131,0.8483361051585159,0.8711791993854707,0.31321506461562765,0.48148148148148145,0.0,0.0,0.0,,0.4549001057942708,1.5,3.2745284390129363,,,0.7207539127705536,0.8270060799386929
difficult,A5_four_partial_layout_H0,2.0,27,9,0.8059627958185662,0.8070718775993471,0.7338986763248202,0.7749575151381778,0.8577482516631858,0.8862938903114919,0.2953129288500109,0.5185185185185185,0.0,0.0,0.0,,0.7406260172526041,2.0,2.7004182318886363,,,0.7528080064989037,0.8352478161277095
difficult,A5_four_partial_layout_H0,2.5,27,9,0.8136697104508622,0.8194884854292444,0.7371965334309813,0.7848689880605028,0.8591752683830787,0.8885484468552933,0.2925957018763893,0.5555555555555556,0.037037037037037035,0.0,0.0,,0.9829152425130209,2.5,2.532856573643331,,,0.7827238525954254,0.8330859548676872
difficult,A5_four_partial_layout_H0,3.0,27,9,0.8149529729894757,0.8249416371151259,0.7373178409606697,0.7853089224716685,0.8593055677609023,0.8895069295425401,0.2917947379565559,0.5555555555555556,0.037037037037037035,0.0,0.0,,1.1643778483072917,3.0,2.51106083893139,,,0.7827652997940819,0.8389272632161029
difficult,A5_four_partial_layout_H0,4.0,27,9,0.8150568386173868,0.8251155564738283,0.7373183998903023,0.7853090959393284,0.8593162912005119,0.8896261064708616,0.2917888519674924,0.5925925925925926,0.037037037037037035,0.0,0.0,,1.3088887532552083,3.1458333333333335,2.5056366337498908,,,0.7827652997940819,0.8390109983625751
difficult,A5_two_layout_H0,0.0,27,9,0.0,0.0,0.0,0.0,0.0,0.0,1.0,0.0,0.0,0.0,0.0,,0.0,0.0,0.0,,,0.0,0.0
difficult,A5_two_layout_H0,0.5,27,9,0.689832499263039,0.7340741099484459,0.5529289903030674,0.6206028593091186,0.7719496052150514,0.8003530147177684,0.47638636493871817,0.1111111111111111,0.0,0.0,0.0,,0.0812530517578125,0.5,6.153615023474178,,,0.5852676402095174,0.7569108268529339
difficult,A5_two_layout_H0,0.75,27,9,0.7242614911836337,0.7609178736874713,0.5935233424604713,0.6510700425062494,0.8052190693008165,0.8318586544366194,0.4250688540896796,0.25925925925925924,0.0,0.0,0.0,,0.13678487141927084,0.75,5.483062506972074,,,0.6332908775205224,0.7818707342771545
difficult,A5_two_layout_H0,1.0,27,9,0.7522121843734169,0.7760673604552742,0.6445833727165649,0.7019142348988078,0.8252391794172006,0.8487657738879273,0.371439742979068,0.4074074074074074,0.0,0.0,0.0,,0.20944722493489584,1.0,4.768450922849312,,,0.6656435578506211,0.8024218340751889
difficult,A5_two_layout_H0,1.5,27,9,0.7881686494957637,0.7878723320344243,0.7064033755187504,0.7459547303502131,0.8483361051585159,0.8711791993854707,0.31321506461562765,0.48148148148148145,0.0,0.0,0.0,,0.4549001057942708,1.5,3.2745284390129363,,,0.7207539127705536,0.8270060799386929
difficult,A5_two_layout_H0,2.0,27,9,0.8060218896489284,0.8070718775993471,0.7339134807891214,0.7749575151381778,0.8576437255731229,0.8863019885168125,0.2953018255017849,0.5185185185185185,0.0,0.0,0.0,,0.7516530354817709,2.0,2.6608021328858245,,,0.7528080064989037,0.8352390131955238
difficult,A5_two_layout_H0,2.5,27,9,0.8136679626392987,0.8194844675395501,0.7372042326287922,0.7848748485617907,0.8591715126213761,0.8885488985624175,0.2925936647210554,0.5555555555555556,0.037037037037037035,0.0,0.0,,0.9829152425130209,2.5,2.532856573643331,,,0.7824783177735134,0.8382555307984998
difficult,A5_two_layout_H0,3.0,27,9,0.8149541383966481,0.8249476713257209,0.7373174395271505,0.7853087660655513,0.8593051071071893,0.8895049000263994,0.2917957135466433,0.5555555555555556,0.037037037037037035,0.0,0.0,,1.1643778483072917,3.0,2.5289281089058218,,,0.7854454603726403,0.8389204281600653
difficult,A5_two_layout_H0,4.0,27,9,0.8150568386173868,0.8251155564738283,0.7373183998903023,0.7853090959393284,0.8593162912005119,0.8896261064708616,0.2917888519674924,0.5925925925925926,0.037037037037037035,0.0,0.0,,1.3088887532552083,3.1666666666666665,2.5281411366926947,,,0.7827652997940819,0.8390109983625751
difficult,A6_corrected_screened_greedy,0.0,27,9,0.0,0.0,0.0,0.0,0.0,0.0,1.0,0.0,0.0,0.0,0.0,,0.0,0.0,0.0,,,0.0,0.0
difficult,A6_corrected_screened_greedy,0.5,27,9,0.6891006055848783,0.7340741099484459,0.5500415651908971,0.6206028593091186,0.7719496052150514,0.8003530147177684,0.48130738576446286,0.1111111111111111,0.0,0.0,0.0,,0.0812530517578125,0.5,6.153615023474178,,,0.5852676402095174,0.7490612264834042
difficult,A6_corrected_screened_greedy,0.75,27,9,0.7243450138890585,0.7609178736874713,0.5935233424604713,0.6510700425062494,0.8058264802826046,0.8318586544366194,0.4250688540896796,0.25925925925925924,0.0,0.0,0.0,,0.13925679524739584,0.75,5.385733591438694,,,0.6332908775205224,0.7801197421167116
difficult,A6_corrected_screened_greedy,1.0,27,9,0.7524496031601958,0.7767462629345618,0.6445833727165649,0.7019142348988078,0.8253800774802018,0.8489143744698664,0.3694802605960711,0.4074074074074074,0.0,0.0,0.0,,0.20944722493489584,1.0,4.768450922849312,,,0.6645311546038085,0.8020211285198448
difficult,A6_corrected_screened_greedy,1.5,27,9,0.7881938309002691,0.7878723320344243,0.7064033755187504,0.7459547303502131,0.8486962347672129,0.8716499083552498,0.31321506461562765,0.48148148148148145,0.0,0.0,0.0,,0.4549001057942708,1.5,3.2745284390129363,,,0.7207539127705536,0.8269527166667416
difficult,A6_corrected_screened_greedy,2.0,27,9,0.806442926735791,0.8136013893755709,0.7339716615989101,0.7758150645849176,0.8576122004364051,0.8863159047098913,0.2952581898944434,0.5185185185185185,0.0,0.0,0.0,,0.7516530354817709,2.0,2.6576729410969553,,,0.7528080064989037,0.8290726620198792
difficult,A6_corrected_screened_greedy,2.5,27,9,0.8136788985403747,0.8194803013384913,0.7372042326287922,0.7848832228574503,0.8591715126213761,0.8885423021243507,0.2925858233873167,0.5555555555555556,0.037037037037037035,0.0,0.0,,0.9747517903645834,2.5,2.5647554841268185,,,0.7840406647790645,0.8383573813865457
difficult,A6_corrected_screened_greedy,3.0,27,9,0.8149504438907075,0.8249327064834455,0.7373173802087662,0.7853087200491236,0.8593049747455435,0.8895049000263994,0.29179552112127555,0.5555555555555556,0.037037037037037035,0.0,0.0,,1.168121337890625,3.0,2.546427893000846,,,0.782765252043853,0.8389281953120941
difficult,A6_corrected_screened_greedy,4.0,27,9,0.8150568386173868,0.8251155564738283,0.7373183998903023,0.7853090959393284,0.8593162912005119,0.8896261064708616,0.2917888519674924,0.5925925925925926,0.037037037037037035,0.0,0.0,,1.3088887532552083,3.1666666666666665,2.546427893000846,,,0.7841053800833611,0.8393461296804793
difficult,bounded_exact_complete_marginal,0.0,9,7,0.0,0.0,0.0,0.0,0.0,0.0,1.0,0.0,0.0,0.0,0.0,,0.0,0.0,0.0,,,0.0,0.0
difficult,bounded_exact_complete_marginal,0.5,9,7,0.5304842534909405,0.46893078830176294,0.3953657329881945,0.42261311408465585,0.6411992919216507,0.6702499991690867,0.6078254947853122,0.0,0.0,0.0,0.0,,0.026377360026041668,0.052083333333333336,1.9809769466387233,,,0.3969613468749479,0.6452970317393162
difficult,bounded_exact_complete_marginal,0.75,9,7,0.5304842534909405,0.46893078830176294,0.3953657329881945,0.42261311408465585,0.6411992919216507,0.6702499991690867,0.6078254947853122,0.0,0.0,0.0,0.0,,0.026377360026041668,0.052083333333333336,1.9809769466387233,,,0.3969613468749479,0.6452970317393162
difficult,bounded_exact_complete_marginal,1.0,9,7,0.5304842534909405,0.46893078830176294,0.3953657329881945,0.42261311408465585,0.6411992919216507,0.6702499991690867,0.6078254947853122,0.0,0.0,0.0,0.0,,0.026377360026041668,0.052083333333333336,1.9809769466387233,,,0.3969613468749479,0.6452970317393162
difficult,bounded_exact_complete_marginal,1.5,9,7,0.5304842534909405,0.46893078830176294,0.3953657329881945,0.42261311408465585,0.6411992919216507,0.6702499991690867,0.6078254947853122,0.0,0.0,0.0,0.0,,0.026377360026041668,0.052083333333333336,1.9809769466387233,,,0.3969613468749479,0.6452970317393162
difficult,bounded_exact_complete_marginal,2.0,9,7,0.5304842534909405,0.46893078830176294,0.3953657329881945,0.42261311408465585,0.6411992919216507,0.6702499991690867,0.6078254947853122,0.0,0.0,0.0,0.0,,0.026377360026041668,0.052083333333333336,1.9809769466387233,,,0.3969613468749479,0.6452970317393162
difficult,bounded_exact_complete_marginal,2.5,9,7,0.5304842534909405,0.46893078830176294,0.3953657329881945,0.42261311408465585,0.6411992919216507,0.6702499991690867,0.6078254947853122,0.0,0.0,0.0,0.0,,0.026377360026041668,0.052083333333333336,1.9809769466387233,,,0.3969613468749479,0.6452970317393162
difficult,bounded_exact_complete_marginal,3.0,9,7,0.5304842534909405,0.46893078830176294,0.3953657329881945,0.42261311408465585,0.6411992919216507,0.6702499991690867,0.6078254947853122,0.0,0.0,0.0,0.0,,0.026377360026041668,0.052083333333333336,1.9809769466387233,,,0.3969613468749479,0.6452970317393162
difficult,bounded_exact_complete_marginal,4.0,9,7,0.5304842534909405,0.46893078830176294,0.3953657329881945,0.42261311408465585,0.6411992919216507,0.6702499991690867,0.6078254947853122,0.0,0.0,0.0,0.0,,0.026377360026041668,0.052083333333333336,1.9809769466387233,,,0.3969613468749479,0.6452970317393162
layer0,A3_pages_1024,0.0,12,6,0.0,0.0,0.0,0.0,0.0,0.0,1.0,0.0,0.0,0.0,0.0,,0.0,0.0,0.0,,,0.0,0.0
layer0,A3_pages_1024,0.5,12,6,0.8570372513184082,0.8552653874778329,0.8210283646093748,0.8307306219374329,0.9066101786158898,0.9157221166118805,0.22438786884950537,0.9166666666666666,0.3333333333333333,0.0,0.0,,0.23967742919921875,0.49869791666666663,2.0819280096381014,,,0.8280975150551899,0.9062566299048923
layer0,A3_pages_1024,0.75,12,6,0.8713463413842885,0.8682133764978085,0.8403818912554896,0.8472030843393061,0.915618740762747,0.918803211890013,0.20031740911005025,0.9166666666666666,0.4166666666666667,0.0,0.0,,0.39240010579427087,0.75,1.9113300118877055,,,0.8468836534655904,0.914796411396425
layer0,A3_pages_1024,1.0,12,6,0.8796676701093954,0.8792840824304463,0.8464027184637031,0.853722669126074,0.9190753281030298,0.9221056686331442,0.18969515943776627,0.9166666666666666,0.4166666666666667,0.0,0.0,,0.5407892862955729,0.9973958333333334,1.7522046460975156,,,0.8556888724435654,0.9188895975590227
layer0,A3_pages_1024,1.5,12,6,0.8831345690230356,0.8869726480644363,0.8465574040762166,0.8621086405310489,0.9196684205599707,0.9237235821567427,0.18896039865508607,0.9166666666666666,0.4166666666666667,0.0,0.0,,0.8753865559895833,1.484375,1.6479745606446885,,,0.8493709152987347,0.9196366440926825
layer0,A3_pages_1024,2.0,12,6,0.8833131317918502,0.8869726480644363,0.8465574682818983,0.863600346985375,0.9196756278697975,0.9238345497663153,0.1889603598947251,0.9166666666666666,0.4166666666666667,0.0,0.0,,0.9184112548828125,1.4908854166666665,1.6431788911264738,,,0.8493715573555518,0.9196366440926825
layer0,A3_pages_1024,2.5,12,6,0.883313665151122,0.8869726480644363,0.8465574682818983,0.8636051472188219,0.9196756278697975,0.9238345497663153,0.1889603598947251,0.9166666666666666,0.4166666666666667,0.0,0.0,,0.9184112548828125,1.4908854166666665,1.6431788911264738,,,0.8493715573555518,0.9196366440926825
layer0,A3_pages_1024,3.0,12,6,0.883313665151122,0.8869726480644363,0.8465574682818983,0.8636051472188219,0.9196756278697975,0.9238345497663153,0.1889603598947251,0.9166666666666666,0.4166666666666667,0.0,0.0,,0.9184112548828125,1.4908854166666665,1.6431788911264738,,,0.8633864430774187,0.9196366440926825
layer0,A3_pages_1024,4.0,12,6,0.883313665151122,0.8869726480644363,0.8465574682818983,0.8636051472188219,0.9196756278697975,0.9238345497663153,0.1889603598947251,0.9166666666666666,0.4166666666666667,0.0,0.0,,0.9184112548828125,1.4908854166666665,1.6431788911264738,,,0.8633864430774187,0.9196366440926825
layer0,A3_pages_2048,0.0,12,6,0.0,0.0,0.0,0.0,0.0,0.0,1.0,0.0,0.0,0.0,0.0,,0.0,0.0,0.0,,,0.0,0.0
layer0,A3_pages_2048,0.5,12,6,0.8420403947900824,0.8518146281472025,0.7868072223632756,0.8125997028121689,0.8843338326074676,0.9095008268926043,0.25444003056082004,0.8333333333333334,0.16666666666666666,0.0,0.0,,0.16956583658854169,0.5,2.9490823124654026,,,0.8005634255828996,0.880461438103447
layer0,A3_pages_2048,0.75,12,6,0.8645718097728589,0.8587918292988936,0.8340083263181792,0.8421112581045667,0.9104294236526305,0.9180963171568043,0.21091172664217403,0.9166666666666666,0.3333333333333333,0.0,0.0,,0.29726155598958337,0.75,2.514640064814713,,,0.8423339642992146,0.9113220319060307
layer0,A3_pages_2048,1.0,12,6,0.8741169978590179,0.8730203819758326,0.8444772147088183,0.8489876423761313,0.9189822603053668,0.9194551814851697,0.1958798039147203,0.9166666666666666,0.4166666666666667,0.0,0.0,,0.44839986165364587,0.9973958333333333,2.219682312874192,,,0.846244791718159,0.9188895975590227
layer0,A3_pages_2048,1.5,12,6,0.8823623799699313,0.886947394961264,0.8465435292283969,0.8565949897795708,0.9195200862920282,0.9225480142761214,0.18900247302691628,0.9166666666666666,0.4166666666666667,0.0,0.0,,0.7006937662760417,1.4973958333333335,2.024750175826304,,,0.8492321668205377,0.9195589388922463
layer0,A3_pages_2048,2.0,12,6,0.8831614211355031,0.8869726480644363,0.8465574682818983,0.8622404116062651,0.9196738076937924,0.9238338216959132,0.1889603598947251,0.9166666666666666,0.4166666666666667,0.0,0.0,,0.9096399943033854,1.8411458333333335,2.004609260295087,,,0.8633864430774187,0.9196366440926825
layer0,A3_pages_2048,2.5,12,6,0.8833134979314989,0.8869726480644363,0.8465574682818983,0.8636036422422136,0.9196756278697975,0.9238345497663153,0.1889603598947251,0.9166666666666666,0.4166666666666667,0.0,0.0,,0.9184112548828125,1.8411458333333335,2.004609260295087,,,0.8493715573555518,0.9196366440926825
layer0,A3_pages_2048,3.0,12,6,0.883313665151122,0.8869726480644363,0.8465574682818983,0.8636051472188219,0.9196756278697975,0.9238345497663153,0.1889603598947251,0.9166666666666666,0.4166666666666667,0.0,0.0,,0.9184112548828125,1.8411458333333335,2.004609260295087,,,0.8493715573555518,0.9196366440926825
layer0,A3_pages_2048,4.0,12,6,0.883313665151122,0.8869726480644363,0.8465574682818983,0.8636051472188219,0.9196756278697975,0.9238345497663153,0.1889603598947251,0.9166666666666666,0.4166666666666667,0.0,0.0,,0.9184112548828125,1.8411458333333335,2.004609260295087,,,0.8633864430774187,0.9196366440926825
layer0,A3_pages_512,0.0,12,6,0.0,0.0,0.0,0.0,0.0,0.0,1.0,0.0,0.0,0.0,0.0,,0.0,0.0,0.0,,,0.0,0.0
layer0,A3_pages_512,0.5,12,6,0.8662792013698808,0.8583604155201159,0.8352637059580937,0.8456680010051068,0.9123517441845941,0.9181558939858158,0.2074466242098781,0.9166666666666666,0.3333333333333333,0.0,0.0,,0.3104095458984375,0.5,1.6108181188458286,,,0.8439459088394542,0.9114732308567941
layer0,A3_pages_512,0.75,12,6,0.8774741456288325,0.8753676152729754,0.8463433140828621,0.8532700031147242,0.9190567079171863,0.9215790102516859,0.1908345396285861,0.9166666666666666,0.4166666666666667,0.0,0.0,,0.4846827189127604,0.7473958333333334,1.5058565080485817,,,0.855283332364569,0.9188895975590227
layer0,A3_pages_512,1.0,12,6,0.882545379468796,0.8869253971409224,0.8465349462128646,0.8591725840474651,0.9191402878530347,0.9225446764042972,0.18918680761358742,0.9166666666666666,0.4166666666666667,0.0,0.0,,0.6817601521809895,0.9967447916666667,1.4377701118148885,,,0.8625146665082154,0.9192631208258526
layer0,A3_pages_512,1.5,12,6,0.8833090368923587,0.8869726480644363,0.8465574682818983,0.8635634928899518,0.9196756278697975,0.9238345497663153,0.1889603598947251,0.9166666666666666,0.4166666666666667,0.0,0.0,,0.9184112548828125,1.2623697916666667,1.3973430388401025,,,0.8585963154529119,0.9196366440926825
layer0,A3_pages_512,2.0,12,6,0.883313665151122,0.8869726480644363,0.8465574682818983,0.8636051472188219,0.9196756278697975,0.9238345497663153,0.1889603598947251,0.9166666666666666,0.4166666666666667,0.0,0.0,,0.9184112548828125,1.2623697916666667,1.3973430388401025,,,0.8633864430774187,0.9196366440926825
layer0,A3_pages_512,2.5,12,6,0.883313665151122,0.8869726480644363,0.8465574682818983,0.8636051472188219,0.9196756278697975,0.9238345497663153,0.1889603598947251,0.9166666666666666,0.4166666666666667,0.0,0.0,,0.9184112548828125,1.2623697916666667,1.3973430388401025,,,0.8633864430774187,0.9196366440926825
layer0,A3_pages_512,3.0,12,6,0.883313665151122,0.8869726480644363,0.8465574682818983,0.8636051472188219,0.9196756278697975,0.9238345497663153,0.1889603598947251,0.9166666666666666,0.4166666666666667,0.0,0.0,,0.9184112548828125,1.2623697916666667,1.3973430388401025,,,0.8633864430774187,0.9196366440926825
layer0,A3_pages_512,4.0,12,6,0.883313665151122,0.8869726480644363,0.8465574682818983,0.8636051472188219,0.9196756278697975,0.9238345497663153,0.1889603598947251,0.9166666666666666,0.4166666666666667,0.0,0.0,,0.9184112548828125,1.2623697916666667,1.3973430388401025,,,0.8586233907666773,0.9196366440926825
layer0,A4_fixed_sequence_hypergraph,0.0,12,6,0.0,0.0,0.0,0.0,0.0,0.0,1.0,0.0,0.0,0.0,0.0,,0.0,0.0,0.0,,,0.0,0.0
layer0,A4_fixed_sequence_hypergraph,0.5,12,6,0.8253750666611351,0.847454056845504,0.7642844973440459,0.7856655779628705,0.8715887607026394,0.8927726497053439,0.27694010228773963,0.6666666666666666,0.08333333333333333,0.0,0.0,,0.11841328938802083,0.5,4.22589531241964,,,0.7645525446052663,0.8821387372041805
layer0,A4_fixed_sequence_hypergraph,0.75,12,6,0.8537996060497818,0.8553074258507727,0.8163144573975112,0.8299756528058778,0.8903650123428233,0.9150301332473084,0.2303165391468212,0.9166666666666666,0.25,0.0,0.0,,0.23827870686848956,0.75,3.1476554757919875,,,0.8314009242833051,0.9070162437825309
layer0,A4_fixed_sequence_hypergraph,1.0,12,6,0.8681166447966643,0.8645587237182095,0.8361427182747443,0.8449022986171936,0.9102166074281803,0.9182404550444498,0.20419701725736042,0.9166666666666666,0.4166666666666667,0.0,0.0,,0.35111745198567706,1.0,2.8491467280515224,,,0.8457452171017171,0.9124742227648044
layer0,A4_fixed_sequence_hypergraph,1.5,12,6,0.8804070053882714,0.8792693761554515,0.846483882150079,0.8536214232827665,0.9190758075596044,0.9221636316674707,0.1899493111246301,0.9166666666666666,0.4166666666666667,0.0,0.0,,0.5618031819661458,1.5,2.5315456492197463,,,0.8486356960373589,0.9188951184190687
layer0,A4_fixed_sequence_hypergraph,2.0,12,6,0.8829779822322393,0.8869614272031634,0.846554919316334,0.8617238521221928,0.9196684205599707,0.9225738412169434,0.18898032148062333,0.9166666666666666,0.4166666666666667,0.0,0.0,,0.7549184163411458,1.9947916666666665,2.4913872317506733,,,0.8633736982495973,0.9196366440926825
layer0,A4_fixed_sequence_hypergraph,2.5,12,6,0.8833071071303573,0.8869726480644363,0.8465574682818983,0.8635461250319383,0.9196756278697975,0.9238345497663153,0.1889603598947251,0.9166666666666666,0.4166666666666667,0.0,0.0,,0.9184112548828125,2.28125,2.4660979879222245,,,0.8493715573555518,0.9196366440926825
layer0,A4_fixed_sequence_hypergraph,3.0,12,6,0.8833134377007342,0.8869726480644363,0.8465574682818983,0.8636031001653312,0.9196756278697975,0.9238345497663153,0.1889603598947251,0.9166666666666666,0.4166666666666667,0.0,0.0,,0.9184112548828125,2.28125,2.4660979879222245,,,0.8493715573555518,0.9196366440926825
layer0,A4_fixed_sequence_hypergraph,4.0,12,6,0.883313665151122,0.8869726480644363,0.8465574682818983,0.8636051472188219,0.9196756278697975,0.9238345497663153,0.1889603598947251,0.9166666666666666,0.4166666666666667,0.0,0.0,,0.9184112548828125,2.28125,2.4660979879222245,,,0.8633864430774187,0.9196366440926825
layer0,A4_fixed_sequence_importance,0.0,12,6,0.0,0.0,0.0,0.0,0.0,0.0,1.0,0.0,0.0,0.0,0.0,,0.0,0.0,0.0,,,0.0,0.0
layer0,A4_fixed_sequence_importance,0.5,12,6,0.8033431661149085,0.8372943932271668,0.7056004808092339,0.7501140777803732,0.8593783357863389,0.8606930640933076,0.31892957163492186,0.5833333333333334,0.0,0.0,0.0,,0.083251953125,0.5,6.053634945016071,,,0.7472711110774166,0.8589411742871048
layer0,A4_fixed_sequence_importance,0.75,12,6,0.8426016152768491,0.8533617408120386,0.7942328725937051,0.8151316262177197,0.8830701307810518,0.9080482249242848,0.2503791077482312,0.8333333333333334,0.16666666666666666,0.0,0.0,,0.17900594075520834,0.75,4.184755871387054,,,0.8100867873199434,0.8944514088805668
layer0,A4_fixed_sequence_importance,1.0,12,6,0.8608061070438758,0.8600264073322166,0.8194108964435453,0.8394431950931066,0.9017301289062949,0.9180492487330735,0.22039117768732863,0.9166666666666666,0.25,0.0,0.0,,0.2893397013346354,1.0,3.4598340106890317,,,0.841580103169691,0.9108100444605752
layer0,A4_fixed_sequence_importance,1.5,12,6,0.8782035439315289,0.8765265809374824,0.8463201037289203,0.8496570085037116,0.9190702486988345,0.9208020815470103,0.19072702807735253,0.9166666666666666,0.4166666666666667,0.0,0.0,,0.48996480305989587,1.5,2.8266285006714513,,,0.8487263246664328,0.9188895975590227
layer0,A4_fixed_sequence_importance,2.0,12,6,0.8822927947157361,0.8869499412336297,0.8465521751654973,0.8560724806862761,0.9196266546613618,0.922548678783529,0.18918091603872034,0.9166666666666666,0.4166666666666667,0.0,0.0,,0.695709228515625,2.0,2.6359790798423735,,,0.8633599774954137,0.9196234913414437
layer0,A4_fixed_sequence_importance,2.5,12,6,0.8831474612169966,0.8869726480644363,0.8465574682818983,0.8621208551232995,0.9196736884282275,0.9238269040054119,0.1889603598947251,0.9166666666666666,0.4166666666666667,0.0,0.0,,0.8885904947916666,2.359375,2.558330689459116,,,0.8493715573555518,0.9196366440926825
layer0,A4_fixed_sequence_importance,3.0,12,6,0.8833115729245579,0.8869726480644363,0.8465574682818983,0.8635863171797435,0.9196756278697975,0.9238345497663153,0.1889603598947251,0.9166666666666666,0.4166666666666667,0.0,0.0,,0.9184112548828125,2.359375,2.558330689459116,,,0.8493715573555518,0.9196366440926825
layer0,A4_fixed_sequence_importance,4.0,12,6,0.883313665151122,0.8869726480644363,0.8465574682818983,0.8636051472188219,0.9196756278697975,0.9238345497663153,0.1889603598947251,0.9166666666666666,0.4166666666666667,0.0,0.0,,0.9184112548828125,2.359375,2.558330689459116,,,0.8493715573555518,0.9196366440926825
layer0,A4_fixed_sequence_naive,0.0,12,6,0.0,0.0,0.0,0.0,0.0,0.0,1.0,0.0,0.0,0.0,0.0,,0.0,0.0,0.0,,,0.0,0.0
layer0,A4_fixed_sequence_naive,0.5,12,6,0.7860376656776178,0.8253308659476344,0.7038172335321501,0.7269398328858483,0.8341513313780169,0.8405221414546125,0.33081021336696215,0.5833333333333334,0.0,0.0,0.0,,0.06708526611328125,0.5,7.2956549986178185,,,0.712677443029268,0.8332686227591772
layer0,A4_fixed_sequence_naive,0.75,12,6,0.8185719657644767,0.8402504487141527,0.7497007690853166,0.7785342174773688,0.8666800924111593,0.8727867432298366,0.2825345946184721,0.6666666666666666,0.0,0.0,0.0,,0.10799916585286459,0.75,6.954481370518522,,,0.7661313007418313,0.8660776601078719
layer0,A4_fixed_sequence_naive,1.0,12,6,0.8408766681400229,0.8491352522160314,0.785728661932548,0.8042805194644596,0.8887117475718564,0.9008888708254387,0.25016410744416806,0.8333333333333334,0.16666666666666666,0.0,0.0,,0.1678314208984375,1.0,5.919323468087482,,,0.803072516576396,0.888177580404352
layer0,A4_fixed_sequence_naive,1.5,12,6,0.8654857367529307,0.8573079164672741,0.8317123688442155,0.840065049138763,0.9105890643309091,0.917559192465322,0.20543245022521228,0.9166666666666666,0.4166666666666667,0.0,0.0,,0.29644266764322913,1.4947916666666665,5.048464378232548,,,0.8391184466919963,0.9103157401984641
layer0,A4_fixed_sequence_naive,2.0,12,6,0.8766203955328242,0.8703320692529439,0.8464234222278305,0.8482846442206697,0.9190204187254779,0.9206178782149165,0.18979290337803603,0.9166666666666666,0.4166666666666667,0.0,0.0,,0.5135726928710938,2.0,3.88646614882005,,,0.8482001284187379,0.9190937603278437
layer0,A4_fixed_sequence_naive,2.5,12,6,0.8815573651437681,0.878241025630867,0.8465521751654973,0.862118577991397,0.9196684294896571,0.9225237927360375,0.18898032148062333,0.9166666666666666,0.4166666666666667,0.0,0.0,,0.697095235188802,2.494791666666667,3.608148708963437,,,0.8493186261915419,0.9196357728221329
layer0,A4_fixed_sequence_naive,3.0,12,6,0.8831877342440594,0.8869378017414065,0.8465574682818983,0.8635682360626742,0.9196756278697975,0.9225817641739809,0.1889603598947251,0.9166666666666666,0.4166666666666667,0.0,0.0,,0.8396581013997395,2.880208333333333,3.4452064827474302,,,0.8633864430774187,0.9196366440926825
layer0,A4_fixed_sequence_naive,4.0,12,6,0.883313665151122,0.8869726480644363,0.8465574682818983,0.8636051472188219,0.9196756278697975,0.9238345497663153,0.1889603598947251,0.9166666666666666,0.4166666666666667,0.0,0.0,,0.9184112548828125,2.880208333333333,3.335866513651818,,,0.8633864430774187,0.9196366440926825
layer0,A4_fixed_sequence_pairwise,0.0,12,6,0.0,0.0,0.0,0.0,0.0,0.0,1.0,0.0,0.0,0.0,0.0,,0.0,0.0,0.0,,,0.0,0.0
layer0,A4_fixed_sequence_pairwise,0.5,12,6,0.8110978214419754,0.8372226379583756,0.7287100264577732,0.7627541141776063,0.8617149613364536,0.8918829896761434,0.30984428106470213,0.5833333333333334,0.08333333333333333,0.0,0.0,,0.08734639485677084,0.5,5.673491159305012,,,0.7501768738120023,0.8569969601335241
layer0,A4_fixed_sequence_pairwise,0.75,12,6,0.8454675875008032,0.8527533815285351,0.7857325152667712,0.8175322442758717,0.8847822370223736,0.9117655912187985,0.25211742063105824,0.8333333333333334,0.16666666666666666,0.0,0.0,,0.19158935546875,0.75,3.932053775673725,,,0.8192189193276999,0.880945889423262
layer0,A4_fixed_sequence_pairwise,1.0,12,6,0.8621345514852518,0.8627745488231109,0.8145814966951088,0.8394497900010779,0.9035927804857224,0.918196408795268,0.2208878357700192,0.9166666666666666,0.3333333333333333,0.0,0.0,,0.3049418131510417,1.0,3.27934176244242,,,0.8425586897900914,0.8952646344195494
layer0,A4_fixed_sequence_pairwise,1.5,12,6,0.8788570519225543,0.8766073008932129,0.8458183725231994,0.8504209364491502,0.9190755923196906,0.9216999954271629,0.1903632947611898,0.9166666666666666,0.4166666666666667,0.0,0.0,,0.4996770222981771,1.5,2.656585220782585,,,0.851812984692814,0.9188895975590227
layer0,A4_fixed_sequence_pairwise,2.0,12,6,0.8827475048042949,0.8869599906863082,0.8465482380730942,0.8598044876866875,0.9196385913247733,0.9225573550913247,0.18898032148062333,0.9166666666666666,0.4166666666666667,0.0,0.0,,0.7270558675130209,2.0,2.5421155352504794,,,0.86313747795276,0.9196366440926825
layer0,A4_fixed_sequence_pairwise,2.5,12,6,0.8831595143800367,0.8869726480644363,0.8465574682818983,0.8622183077081198,0.9196754553934422,0.9238344807757731,0.1889603598947251,0.9166666666666666,0.4166666666666667,0.0,0.0,,0.8918533325195312,2.296875,2.499080562660983,,,0.8493715573555518,0.9196366440926825
layer0,A4_fixed_sequence_pairwise,3.0,12,6,0.8833105252262555,0.8869726480644363,0.8465574682818983,0.8635768878950234,0.9196756278697975,0.9238345497663153,0.1889603598947251,0.9166666666666666,0.4166666666666667,0.0,0.0,,0.9184112548828125,2.296875,2.499080562660983,,,0.8633864430774187,0.9196366440926825
layer0,A4_fixed_sequence_pairwise,4.0,12,6,0.883313665151122,0.8869726480644363,0.8465574682818983,0.8636051472188219,0.9196756278697975,0.9238345497663153,0.1889603598947251,0.9166666666666666,0.4166666666666667,0.0,0.0,,0.9184112548828125,2.296875,2.499080562660983,,,0.8633864430774187,0.9196366440926825
layer0,A4_gate_up_bundled,0.0,12,6,0.0,0.0,0.0,0.0,0.0,0.0,1.0,0.0,0.0,0.0,0.0,,0.0,0.0,0.0,,,0.0,0.0
layer0,A4_gate_up_bundled,0.5,12,6,0.8256694164313753,0.848157666638462,0.7649327790597058,0.7850583333656767,0.8700427266900085,0.8914619802903617,0.27677629562810496,0.6666666666666666,0.08333333333333333,0.0,0.0,,0.11491139729817709,0.5,4.356101433148356,,,0.7906261481043485,0.8664238303003603
layer0,A4_gate_up_bundled,0.75,12,6,0.8532667109912454,0.8552419809873003,0.8175071889756367,0.8270674538420844,0.8935188939095984,0.9146088351672358,0.22948237957197173,0.9166666666666666,0.25,0.0,0.0,,0.22594960530598956,0.75,3.30110555466224,,,0.8280975150551899,0.8894696889477183
layer0,A4_gate_up_bundled,1.0,12,6,0.8677526768266652,0.8641394972944274,0.8362964554968646,0.8433991807223216,0.9101425829418691,0.9182124514857978,0.2038848422889316,0.9166666666666666,0.4166666666666667,0.0,0.0,,0.34455617268880206,1.0,2.8922020464591904,,,0.8442784039210178,0.909464068982639
layer0,A4_gate_up_bundled,1.5,12,6,0.8798781373881056,0.8765188591389932,0.8464895759099339,0.8531145577486856,0.9190758075596044,0.9220313998049562,0.1899765790385707,0.9166666666666666,0.4166666666666667,0.0,0.0,,0.5341542561848958,1.5,2.5321254931695583,,,0.8486926336359082,0.919110431960863
layer0,A4_gate_up_bundled,2.0,12,6,0.8829684596534401,0.8869544419087556,0.8465550657052884,0.8616553671979036,0.9196667967134338,0.9225724351622031,0.18898150367163286,0.9166666666666666,0.4166666666666667,0.0,0.0,,0.7483291625976562,1.9947916666666665,2.498047257602766,,,0.8657579790673874,0.9196366440926825
layer0,A4_gate_up_bundled,2.5,12,6,0.8833069168589992,0.8869726480644363,0.8465574682818983,0.8635444346079757,0.9196756205303781,0.9238345468305476,0.1889603598947251,0.9166666666666666,0.4166666666666667,0.0,0.0,,0.9184112548828125,2.3125,2.497950174369781,,,0.8493715573555518,0.9196366440926825
layer0,A4_gate_up_bundled,3.0,12,6,0.8833134377007342,0.8869726480644363,0.8465574682818983,0.8636031001653312,0.9196756278697975,0.9238345497663153,0.1889603598947251,0.9166666666666666,0.4166666666666667,0.0,0.0,,0.9184112548828125,2.3125,2.497950174369781,,,0.8633864430774187,0.9196366440926825
layer0,A4_gate_up_bundled,4.0,12,6,0.883313665151122,0.8869726480644363,0.8465574682818983,0.8636051472188219,0.9196756278697975,0.9238345497663153,0.1889603598947251,0.9166666666666666,0.4166666666666667,0.0,0.0,,0.9184112548828125,2.3125,2.497950174369781,,,0.8632732974320932,0.9196366440926825
layer0,A5_four_partial_layout_H0,0.0,12,6,0.0,0.0,0.0,0.0,0.0,0.0,1.0,0.0,0.0,0.0,0.0,,0.0,0.0,0.0,,,0.0,0.0
layer0,A5_four_partial_layout_H0,0.5,12,6,0.8249085079940007,0.847502136990155,0.7642844973440459,0.7856655779628705,0.8715887607026394,0.8927726497053439,0.27694010228773963,0.6666666666666666,0.08333333333333333,0.0,0.0,,0.11841328938802083,0.5,4.22589531241964,,,0.7645525446052663,0.8821387372041805
layer0,A5_four_partial_layout_H0,0.75,12,6,0.8536863968630448,0.8552472812688469,0.8142391776518044,0.8291321716665014,0.8935188939095984,0.9150301332473084,0.23137858137957226,0.9166666666666666,0.25,0.0,0.0,,0.23827870686848956,0.75,3.1476554757919875,,,0.8314009242833051,0.8890197772852876
layer0,A5_four_partial_layout_H0,1.0,12,6,0.8678620820541179,0.8645587237182095,0.8347194072919578,0.844499290607846,0.9102166074281803,0.9182437330768426,0.20484859396970792,0.9166666666666666,0.4166666666666667,0.0,0.0,,0.34844716389973956,1.0,2.870296368387678,,,0.8457452171017171,0.9124742227648044
layer0,A5_four_partial_layout_H0,1.5,12,6,0.8803796279098896,0.8792693761554515,0.8464719848372563,0.8530705800669915,0.9190759918668361,0.9220314735278489,0.18969515943776627,0.9166666666666666,0.4166666666666667,0.0,0.0,,0.5561472574869791,1.5,2.526222334692182,,,0.8485167229091317,0.9192623861746496
layer0,A5_four_partial_layout_H0,2.0,12,6,0.8829527512763224,0.8869668896663985,0.8465525090350423,0.8614913381383232,0.9196684205599707,0.9225748942056047,0.18897706561030206,0.9166666666666666,0.4166666666666667,0.0,0.0,,0.7680155436197917,1.9947916666666665,2.438117251542586,,,0.8633616468431384,0.9196366440926825
layer0,A5_four_partial_layout_H0,2.5,12,6,0.8833069193054724,0.8869726480644363,0.8465574682818983,0.8635444346079757,0.9196756278697975,0.9238345497663153,0.1889603598947251,0.9166666666666666,0.4166666666666667,0.0,0.0,,0.9184112548828125,2.192708333333333,2.408390874123252,,,0.8633864430774187,0.9196366440926825
layer0,A5_four_partial_layout_H0,3.0,12,6,0.8833135248768412,0.8869726480644363,0.8465574682818983,0.8636038847502927,0.9196756278697975,0.9238345497663153,0.1889603598947251,0.9166666666666666,0.4166666666666667,0.0,0.0,,0.9184112548828125,2.192708333333333,2.408390874123252,,,0.8632732763909511,0.9196366440926825
layer0,A5_four_partial_layout_H0,4.0,12,6,0.883313665151122,0.8869726480644363,0.8465574682818983,0.8636051472188219,0.9196756278697975,0.9238345497663153,0.1889603598947251,0.9166666666666666,0.4166666666666667,0.0,0.0,,0.9184112548828125,2.192708333333333,2.408390874123252,,,0.8493715573555518,0.9196366440926825
layer0,A5_two_layout_H0,0.0,12,6,0.0,0.0,0.0,0.0,0.0,0.0,1.0,0.0,0.0,0.0,0.0,,0.0,0.0,0.0,,,0.0,0.0
layer0,A5_two_layout_H0,0.5,12,6,0.8250588566629234,0.847502136990155,0.7642844973440459,0.7856655779628705,0.8715887607026394,0.8927726497053439,0.27694010228773963,0.6666666666666666,0.08333333333333333,0.0,0.0,,0.11841328938802083,0.5,4.22589531241964,,,0.7786279001770025,0.8682479348104846
layer0,A5_two_layout_H0,0.75,12,6,0.8534737882237424,0.8553120052391038,0.8144043132904721,0.8295450107631708,0.8903650123428233,0.9150301332473084,0.23137858137957226,0.9166666666666666,0.25,0.0,0.0,,0.23827870686848956,0.75,3.1476554757919875,,,0.8314009242833051,0.9070162437825309
layer0,A5_two_layout_H0,1.0,12,6,0.8679633889409958,0.8645587237182095,0.83481015666817,0.8447261640483764,0.9102166074281803,0.9182420612803223,0.20484859396970792,0.9166666666666666,0.4166666666666667,0.0,0.0,,0.35111745198567706,1.0,2.8491467280515224,,,0.8457452171017171,0.9124742227648044
layer0,A5_two_layout_H0,1.5,12,6,0.8804330730355803,0.8792693761554515,0.8464719848372563,0.8534962816019706,0.9190759351569187,0.9221433743377014,0.18970100256218209,0.9166666666666666,0.4166666666666667,0.0,0.0,,0.5547154744466145,1.5,2.548029909357213,,,0.8550731418547028,0.9191106871554914
layer0,A5_two_layout_H0,2.0,12,6,0.8829536785935946,0.8869634925814747,0.8465525090350423,0.8615099042715507,0.9196684205599707,0.9225738412169434,0.1889785966445603,0.9166666666666666,0.4166666666666667,0.0,0.0,,0.7601572672526041,1.9947916666666665,2.473751639797746,,,0.8633616468431384,0.9196366440926825
layer0,A5_two_layout_H0,2.5,12,6,0.8833067283105475,0.8869726480644363,0.8465574682818983,0.8635427156536507,0.9196756278697975,0.9238345497663153,0.1889603598947251,0.9166666666666666,0.4166666666666667,0.0,0.0,,0.9184112548828125,2.244791666666667,2.4412101646059954,,,0.8633864430774187,0.9196366440926825
layer0,A5_two_layout_H0,3.0,12,6,0.8833134709861566,0.8869726480644363,0.8465574682818983,0.8636033997341346,0.9196756278697975,0.9238345497663153,0.1889603598947251,0.9166666666666666,0.4166666666666667,0.0,0.0,,0.9184112548828125,2.244791666666667,2.4412101646059954,,,0.8493715573555518,0.9196366440926825
layer0,A5_two_layout_H0,4.0,12,6,0.883313665151122,0.8869726480644363,0.8465574682818983,0.8636051472188219,0.9196756278697975,0.9238345497663153,0.1889603598947251,0.9166666666666666,0.4166666666666667,0.0,0.0,,0.9184112548828125,2.244791666666667,2.4412101646059954,,,0.8683496771732452,0.9196366440926825
layer0,A6_corrected_screened_greedy,0.0,12,6,0.0,0.0,0.0,0.0,0.0,0.0,1.0,0.0,0.0,0.0,0.0,,0.0,0.0,0.0,,,0.0,0.0
layer0,A6_corrected_screened_greedy,0.5,12,6,0.8253750666611351,0.847454056845504,0.7642844973440459,0.7856655779628705,0.8715887607026394,0.8927726497053439,0.27694010228773963,0.6666666666666666,0.08333333333333333,0.0,0.0,,0.11841328938802083,0.5,4.22589531241964,,,0.7863186808236498,0.8680721018687924
layer0,A6_corrected_screened_greedy,0.75,12,6,0.8537996060497818,0.8553074258507727,0.8163144573975112,0.8299756528058778,0.8903650123428233,0.9150301332473084,0.2303165391468212,0.9166666666666666,0.25,0.0,0.0,,0.23827870686848956,0.75,3.1476554757919875,,,0.8314009242833051,0.8857034434918165
layer0,A6_corrected_screened_greedy,1.0,12,6,0.8681166447966643,0.8645587237182095,0.8361427182747443,0.8449022986171936,0.9102166074281803,0.9182404550444498,0.20419701725736042,0.9166666666666666,0.4166666666666667,0.0,0.0,,0.35111745198567706,1.0,2.8491467280515224,,,0.8457452171017171,0.9124742227648044
layer0,A6_corrected_screened_greedy,1.5,12,6,0.8804070053882714,0.8792693761554515,0.846483882150079,0.8536214232827665,0.9190758075596044,0.9221636316674707,0.1899493111246301,0.9166666666666666,0.4166666666666667,0.0,0.0,,0.5618031819661458,1.5,2.5315456492197463,,,0.855283332364569,0.9188951184190687
layer0,A6_corrected_screened_greedy,2.0,12,6,0.8829779822322393,0.8869614272031634,0.846554919316334,0.8617238521221928,0.9196684205599707,0.9225738412169434,0.18898032148062333,0.9166666666666666,0.4166666666666667,0.0,0.0,,0.7549184163411458,1.9947916666666665,2.4913872317506733,,,0.8633736982495973,0.9196366440926825
layer0,A6_corrected_screened_greedy,2.5,12,6,0.8833071071303573,0.8869726480644363,0.8465574682818983,0.8635461250319383,0.9196756278697975,0.9238345497663153,0.1889603598947251,0.9166666666666666,0.4166666666666667,0.0,0.0,,0.9184112548828125,2.28125,2.4660979879222245,,,0.8630360709343721,0.9196366440926825
layer0,A6_corrected_screened_greedy,3.0,12,6,0.8833134377007342,0.8869726480644363,0.8465574682818983,0.8636031001653312,0.9196756278697975,0.9238345497663153,0.1889603598947251,0.9166666666666666,0.4166666666666667,0.0,0.0,,0.9184112548828125,2.28125,2.4660979879222245,,,0.8633864430774187,0.9196366440926825
layer0,A6_corrected_screened_greedy,4.0,12,6,0.883313665151122,0.8869726480644363,0.8465574682818983,0.8636051472188219,0.9196756278697975,0.9238345497663153,0.1889603598947251,0.9166666666666666,0.4166666666666667,0.0,0.0,,0.9184112548828125,2.28125,2.4660979879222245,,,0.8493715573555518,0.9196366440926825
layer0,bounded_exact_complete_marginal,0.0,3,3,0.0,0.0,0.0,0.0,0.0,0.0,1.0,0.0,0.0,0.0,0.0,,0.0,0.0,0.0,,,0.0,0.0
layer0,bounded_exact_complete_marginal,0.5,3,3,0.5723159458019472,0.5433573775887532,0.46585262944251693,0.49491690999735555,0.6352356974999419,0.6903626894466551,0.5438354640757626,0.0,0.0,0.0,0.0,,0.032012939453125,0.0625,1.7344173441734418,,,0.44647644240595785,0.7271140174111306
layer0,bounded_exact_complete_marginal,0.75,3,3,0.5723159458019472,0.5433573775887532,0.46585262944251693,0.49491690999735555,0.6352356974999419,0.6903626894466551,0.5438354640757626,0.0,0.0,0.0,0.0,,0.032012939453125,0.0625,1.7344173441734418,,,0.44647644240595785,0.7271140174111306
layer0,bounded_exact_complete_marginal,1.0,3,3,0.5723159458019472,0.5433573775887532,0.46585262944251693,0.49491690999735555,0.6352356974999419,0.6903626894466551,0.5438354640757626,0.0,0.0,0.0,0.0,,0.032012939453125,0.0625,1.7344173441734418,,,0.44647644240595785,0.7271140174111306
layer0,bounded_exact_complete_marginal,1.5,3,3,0.5723159458019472,0.5433573775887532,0.46585262944251693,0.49491690999735555,0.6352356974999419,0.6903626894466551,0.5438354640757626,0.0,0.0,0.0,0.0,,0.032012939453125,0.0625,1.7344173441734418,,,0.44647644240595785,0.7271140174111306
layer0,bounded_exact_complete_marginal,2.0,3,3,0.5723159458019472,0.5433573775887532,0.46585262944251693,0.49491690999735555,0.6352356974999419,0.6903626894466551,0.5438354640757626,0.0,0.0,0.0,0.0,,0.032012939453125,0.0625,1.7344173441734418,,,0.44647644240595785,0.7271140174111306
layer0,bounded_exact_complete_marginal,2.5,3,3,0.5723159458019472,0.5433573775887532,0.46585262944251693,0.49491690999735555,0.6352356974999419,0.6903626894466551,0.5438354640757626,0.0,0.0,0.0,0.0,,0.032012939453125,0.0625,1.7344173441734418,,,0.44647644240595785,0.7271140174111306
layer0,bounded_exact_complete_marginal,3.0,3,3,0.5723159458019472,0.5433573775887532,0.46585262944251693,0.49491690999735555,0.6352356974999419,0.6903626894466551,0.5438354640757626,0.0,0.0,0.0,0.0,,0.032012939453125,0.0625,1.7344173441734418,,,0.44647644240595785,0.7271140174111306
layer0,bounded_exact_complete_marginal,4.0,3,3,0.5723159458019472,0.5433573775887532,0.46585262944251693,0.49491690999735555,0.6352356974999419,0.6903626894466551,0.5438354640757626,0.0,0.0,0.0,0.0,,0.032012939453125,0.0625,1.7344173441734418,,,0.44647644240595785,0.7271140174111306
