factor_config_id,physical_budget_pages,layer,recovery_p10,recovery_median,recovery_p90,retention_p10,retention_median,retention_p90
exact_proxy_plus_eigh_tail_tail0_exact4_fp32,384,0,0.9467974958011659,0.9943432500992407,0.9978830761348361,0.9983645812163541,0.9999597949214575,1.0010851502939646
exact_proxy_plus_eigh_tail_tail0_exact4_fp32,384,4,0.8585088454672752,0.8908196649593699,0.9497560239329653,0.9842924629164843,0.9939389595679766,0.9997416459827692
exact_proxy_plus_eigh_tail_tail0_exact4_fp32,384,20,0.8487065541410669,0.8785094233295332,0.9249276544828515,0.9672013214225484,0.9887147310875277,0.9998242945086049
exact_proxy_plus_eigh_tail_tail0_exact4_fp32,384,39,0.9137338470028769,0.9536709459548278,0.9834288925929643,0.9900756349994024,0.9967125832075465,0.9999889550512439
exact_proxy_plus_eigh_tail_tail0_exact4_fp32,576,0,0.9786374965536208,0.9998745396253845,0.9999748730588214,0.9996751450648204,0.9999999917068417,1.0001482062405784
exact_proxy_plus_eigh_tail_tail0_exact4_fp32,576,4,0.9208910455499207,0.9467459879354544,0.9741034850059171,0.9938339078945017,0.9980163037268739,1.0047855609293894
exact_proxy_plus_eigh_tail_tail0_exact4_fp32,576,20,0.9105625208109709,0.9372970908666275,0.9585642187042029,0.9914629923033212,0.9980981021117543,1.0051924817706246
exact_proxy_plus_eigh_tail_tail0_exact4_fp32,576,39,0.9559336493895697,0.9759027796081653,0.9933427948081348,0.9961924676066316,0.9987984904548763,1.0024268014722182
exact_proxy_plus_eigh_tail_tail0_exact4_fp32,768,0,0.9930722881438409,1.0,1.0,0.9998240978088533,1.0,1.0
exact_proxy_plus_eigh_tail_tail0_exact4_fp32,768,4,0.9619744275943107,0.9754794686095715,0.9887852307212093,0.9979522859977265,0.9997592597802909,1.001947334359382
exact_proxy_plus_eigh_tail_tail0_exact4_fp32,768,20,0.9558730457135443,0.969205080680795,0.9785368057214643,0.9989892533439441,1.0009674779222157,1.0046247720464585
exact_proxy_plus_eigh_tail_tail0_exact4_fp32,768,39,0.9775426225321163,0.9895031120304738,0.9973530406855469,0.9994420174662856,0.9999598863195273,1.0017860914232388
exact_proxy_plus_eigh_tail_tail16_exact4_fp32,384,0,0.943831334324453,0.9941414260964863,0.9977742685635482,0.9964771262016986,0.9998878689159291,1.0007225998422875
exact_proxy_plus_eigh_tail_tail16_exact4_fp32,384,4,0.8614054623738278,0.9012563614807049,0.9492968362642566,0.9902733013632881,0.997040670959916,1.0029336782832339
exact_proxy_plus_eigh_tail_tail16_exact4_fp32,384,20,0.8376819976138555,0.8870184578932774,0.9229051431440155,0.9668508053774147,0.9924011030185261,1.0014927134842446
exact_proxy_plus_eigh_tail_tail16_exact4_fp32,384,39,0.9179610275191251,0.956695459209384,0.9852548943739755,0.9934511221046702,0.9982948641539747,1.0007088278768759
exact_proxy_plus_eigh_tail_tail16_exact4_fp32,576,0,0.9779984715357617,0.9998970977899585,0.9999782259382072,0.9999919562232642,1.0000059935587682,1.00057509436423
exact_proxy_plus_eigh_tail_tail16_exact4_fp32,576,4,0.9256293021178905,0.9509460874646564,0.9756872436766141,0.995750050353467,1.0004035918046676,1.0040440027423565
exact_proxy_plus_eigh_tail_tail16_exact4_fp32,576,20,0.9159728162598746,0.9384535097862666,0.9588867505077109,0.9971306002067865,1.000392575098817,1.0095772932298699
exact_proxy_plus_eigh_tail_tail16_exact4_fp32,576,39,0.9562394922011717,0.9774339920477481,0.9936565903380766,0.9979437839870864,0.9999070085108434,1.0024759355024389
exact_proxy_plus_eigh_tail_tail16_exact4_fp32,768,0,0.993272913093456,1.0,1.0,0.9999893540764397,1.0,1.0000177267699535
exact_proxy_plus_eigh_tail_tail16_exact4_fp32,768,4,0.9630513904291006,0.9781312513892159,0.9885979075723325,0.998269084236395,1.0002564303320802,1.0031961508600649
exact_proxy_plus_eigh_tail_tail16_exact4_fp32,768,20,0.957347646186062,0.9711374329891038,0.9797527700129061,0.9998932570789343,1.0022103476721775,1.0051051441818093
exact_proxy_plus_eigh_tail_tail16_exact4_fp32,768,39,0.9781845539162726,0.9900305709794698,0.9974901009111299,0.9991955829812154,1.0001387311769716,1.0036849630898979
exact_proxy_plus_eigh_tail_tail32_exact4_fp32,384,0,0.9428233569500747,0.9946459436648041,0.9977057885360233,0.9954129250454445,0.9998701318598208,1.0007837525403183
exact_proxy_plus_eigh_tail_tail32_exact4_fp32,384,4,0.8621474340358696,0.8994264214627057,0.9507300015838889,0.9919746489664754,0.9968454359919383,1.0013804352841553
exact_proxy_plus_eigh_tail_tail32_exact4_fp32,384,20,0.8415089308080115,0.8851285524073338,0.926209950756784,0.9658150646153905,0.9948146213890193,1.0012219231813946
exact_proxy_plus_eigh_tail_tail32_exact4_fp32,384,39,0.9196499819925167,0.955990659930194,0.9849976632656952,0.9934678107302918,0.9979396003426053,1.0000707894483494
exact_proxy_plus_eigh_tail_tail32_exact4_fp32,576,0,0.9796912800097487,0.9998559580465513,0.9999707198946909,0.9994316037957519,1.0000005710759075,1.0001347388624202
exact_proxy_plus_eigh_tail_tail32_exact4_fp32,576,4,0.9256291052251332,0.9496798791423644,0.9761171934798456,0.9973397431900629,1.0004323868178568,1.0065955354592857
exact_proxy_plus_eigh_tail_tail32_exact4_fp32,576,20,0.9137825918215459,0.9412003430962899,0.9590246157163361,0.9962014463720589,1.0008670131969173,1.0080472416706967
exact_proxy_plus_eigh_tail_tail32_exact4_fp32,576,39,0.9583148027116878,0.9779511030280578,0.9933704816473936,0.9992656747452987,1.0003025007758424,1.0037664901920498
exact_proxy_plus_eigh_tail_tail32_exact4_fp32,768,0,0.9933906840652341,1.0,1.0,0.9997555055750574,1.0,1.0
exact_proxy_plus_eigh_tail_tail32_exact4_fp32,768,4,0.9641034183733818,0.9767973360938274,0.9887185793350018,0.9976421721553614,1.0010484690079833,1.0023122648511453
exact_proxy_plus_eigh_tail_tail32_exact4_fp32,768,20,0.9591386129237273,0.9696563009335029,0.9801692279972377,1.0002629589687824,1.0022553676439494,1.0055728874577838
exact_proxy_plus_eigh_tail_tail32_exact4_fp32,768,39,0.9785581588806612,0.9902680725377796,0.9973682831882974,0.9997880532674213,1.0002272079511827,1.0039936536672052
exact_proxy_plus_eigh_tail_tail4_exact4_fp32,384,0,0.9488550000186025,0.9948001718807008,0.9979204375019629,0.9989611249989605,0.9999272273632062,1.001590827322685
exact_proxy_plus_eigh_tail_tail4_exact4_fp32,384,4,0.8563880952203436,0.8997162222890132,0.9506192286483237,0.9862195817130133,0.9938253895208409,0.999376043072928
exact_proxy_plus_eigh_tail_tail4_exact4_fp32,384,20,0.8489306244221049,0.881564945864639,0.9236145147104876,0.9678546058388535,0.9919706220257314,1.0013930262070745
exact_proxy_plus_eigh_tail_tail4_exact4_fp32,384,39,0.9147221949538883,0.9564892070944091,0.9842511261744916,0.9929850024692399,0.9975471196614633,1.000079734376662
exact_proxy_plus_eigh_tail_tail4_exact4_fp32,576,0,0.9792855029776321,0.9998711404889024,0.9999777823562537,0.9999683534505417,1.0000049061496588,1.0000872227143063
exact_proxy_plus_eigh_tail_tail4_exact4_fp32,576,4,0.9270484547201038,0.9496603416472594,0.9753933072972433,0.9959804754962797,1.0000651468068469,1.0053439621456801
exact_proxy_plus_eigh_tail_tail4_exact4_fp32,576,20,0.9116611791354078,0.9386094322202738,0.9598164974910915,0.9932155825328807,0.9991850772823327,1.007895045548568
exact_proxy_plus_eigh_tail_tail4_exact4_fp32,576,39,0.956092302340232,0.9778070750499013,0.993193490746855,0.9977270769929714,0.9999161927056814,1.0016773828141772
exact_proxy_plus_eigh_tail_tail4_exact4_fp32,768,0,0.9929801719891552,1.0,1.0,0.9999236248097785,1.0,1.0000273789652054
exact_proxy_plus_eigh_tail_tail4_exact4_fp32,768,4,0.962798393619221,0.9757493873082894,0.9883401955599653,0.9987350819685868,1.0005194825010564,1.0017180735191766
exact_proxy_plus_eigh_tail_tail4_exact4_fp32,768,20,0.9575732704423139,0.9698776256454198,0.978811381853749,0.9993768179634945,1.0017117496562595,1.0041728966131613
exact_proxy_plus_eigh_tail_tail4_exact4_fp32,768,39,0.9782090118711398,0.9908907008618671,0.9974083613697866,0.9988780486335584,1.000220263412786,1.0032094334891208
exact_proxy_plus_eigh_tail_tail8_exact4_fp32,384,0,0.9476217137646201,0.9942727699316707,0.9979558383419902,0.9984489620933725,0.9999436278117801,1.0012562397280906
exact_proxy_plus_eigh_tail_tail8_exact4_fp32,384,4,0.8595807381361062,0.9016035144051501,0.9488855822750976,0.9872424530679662,0.9948847724889498,0.9995871062580564
exact_proxy_plus_eigh_tail_tail8_exact4_fp32,384,20,0.8362401154840583,0.8813432394247219,0.9222036090620679,0.9648677849669929,0.9917253220359856,0.9982847369964655
exact_proxy_plus_eigh_tail_tail8_exact4_fp32,384,39,0.9149445273871825,0.9545128355682369,0.984233469217003,0.9889089112078275,0.9976776327675944,1.0000644196097392
exact_proxy_plus_eigh_tail_tail8_exact4_fp32,576,0,0.9782263267486776,0.9998824137100469,0.9999754984257122,0.9999073886996884,0.9999978402757815,1.000024993756755
exact_proxy_plus_eigh_tail_tail8_exact4_fp32,576,4,0.9243477014593624,0.9498999039011248,0.9760243102226057,0.9948962802166222,1.0000498966954128,1.004995328590802
exact_proxy_plus_eigh_tail_tail8_exact4_fp32,576,20,0.9168609202829988,0.9381470995131836,0.9580525376835309,0.9965648109109851,0.9995530445727415,1.0079453189987249
exact_proxy_plus_eigh_tail_tail8_exact4_fp32,576,39,0.9558307592122552,0.9778730612414726,0.9933007202714648,0.9975186695031097,0.9999223532287396,1.0023700871485641
exact_proxy_plus_eigh_tail_tail8_exact4_fp32,768,0,0.9931319515781337,1.0,1.0,0.9998975135666399,1.0,1.000447877069832
exact_proxy_plus_eigh_tail_tail8_exact4_fp32,768,4,0.9637048893497743,0.9763565941909113,0.9882074758160058,0.9982971158064292,1.0002821275932152,1.0030905754530577
exact_proxy_plus_eigh_tail_tail8_exact4_fp32,768,20,0.9538966959797002,0.9693797647340494,0.9785129913089902,0.9988033860746316,1.0005093881789158,1.0047623433688204
exact_proxy_plus_eigh_tail_tail8_exact4_fp32,768,39,0.9782217040046229,0.9909001687466132,0.9973214124613707,0.999363618164116,1.0000695083257478,1.001829097437301
joint_eigh_tail16_exact0_fp32,384,0,0.94678981091814,0.9950798560090961,0.99774681816863,0.9971867586945032,1.0001137301755827,1.0013214123207035
joint_eigh_tail16_exact0_fp32,384,4,0.8630397805793922,0.900044118945092,0.9499257988112413,0.9912024151125703,0.9965493239658706,0.9999483183051536
joint_eigh_tail16_exact0_fp32,384,20,0.8379869141215247,0.880366332135835,0.9235485519561973,0.9638533034912522,0.9920873220158779,0.999237155203147
joint_eigh_tail16_exact0_fp32,384,39,0.9157138315442118,0.9565732294874817,0.984275246923193,0.9927241379810225,0.9981239226936693,1.0007127166001768
joint_eigh_tail16_exact0_fp32,576,0,0.9792802378720928,0.9998668367375287,0.9999774188525958,0.9999525953788988,1.000006940597257,1.0001275272597026
joint_eigh_tail16_exact0_fp32,576,4,0.924912965716105,0.9474490613548388,0.9760136251637812,0.9957551948616702,0.9998273542351974,1.004464038959044
joint_eigh_tail16_exact0_fp32,576,20,0.9150903756346044,0.9394717363914878,0.9581814092479667,0.9965597768754225,0.9998748870275808,1.0079321953836644
joint_eigh_tail16_exact0_fp32,576,39,0.955888856727477,0.9790597981824657,0.9932878633479096,0.9969964380104533,0.9999665758377657,1.002638809722536
joint_eigh_tail16_exact0_fp32,768,0,0.9931800837659056,1.0,1.0,0.9998117437683356,1.0,1.0
joint_eigh_tail16_exact0_fp32,768,4,0.962880383712233,0.9756505221770047,0.9888193625867998,0.9986508035978191,1.000267134907594,1.0030057169994102
joint_eigh_tail16_exact0_fp32,768,20,0.9551394179599612,0.9700158709915483,0.9791955977949464,0.9997701599102162,1.0012736886399067,1.0051615777744793
joint_eigh_tail16_exact0_fp32,768,39,0.978536731594011,0.9906903897408239,0.9972298714813042,0.9993249370594964,1.0000795264012825,1.0039954099110402
joint_eigh_tail16_exact0_int4_per_row,384,0,0.9473461606724329,0.9939070241767409,0.997877421047636,0.9993921365055848,1.000033121980186,1.0009441400581183
joint_eigh_tail16_exact0_int4_per_row,384,4,0.8524189171110428,0.8976800203572313,0.947961259491094,0.9829375196233964,0.9922319535748908,1.000507061969414
joint_eigh_tail16_exact0_int4_per_row,384,20,0.8378214690769593,0.8762283497854593,0.9198843126858507,0.9607466741881137,0.9847817754597792,0.9932156314498735
joint_eigh_tail16_exact0_int4_per_row,384,39,0.9108779017819745,0.954899118968982,0.9846614484079682,0.9912407814998028,0.9981844007824663,0.9997434093543427
joint_eigh_tail16_exact0_int4_per_row,576,0,0.9782810054037623,0.9999410564557972,0.9999797061986658,0.9997080339545668,1.0000187625495245,1.0001441159435618
joint_eigh_tail16_exact0_int4_per_row,576,4,0.9239461765741472,0.9466098615594922,0.9737074573833872,0.9954067667773943,0.9987835278768892,1.0024536588202233
joint_eigh_tail16_exact0_int4_per_row,576,20,0.9122755736899365,0.9348847443629072,0.955964891974045,0.9925427538340116,0.9972676647244901,1.0012481498036478
joint_eigh_tail16_exact0_int4_per_row,576,39,0.9554813153467556,0.9786305346555779,0.9930588463729748,0.9978592161198637,0.9998111065952806,1.0020078909997623
joint_eigh_tail16_exact0_int4_per_row,768,0,0.993761068640763,1.0,1.0,1.0,1.0,1.0004353311644878
joint_eigh_tail16_exact0_int4_per_row,768,4,0.9642883659084441,0.9775755317281125,0.9883059747386743,0.9998077521126983,1.0008432077722877,1.0027942021735314
joint_eigh_tail16_exact0_int4_per_row,768,20,0.9588798035019848,0.9664831506483095,0.9771004487756153,0.9980402348127622,0.9999028806419482,1.0042172362971482
joint_eigh_tail16_exact0_int4_per_row,768,39,0.9778904933283773,0.99059080151545,0.9973153350920411,0.9993292316684852,1.0002735687074054,1.0025051735280368
joint_eigh_tail16_exact0_int4_per_row_hadamard,384,0,0.9476937331291739,0.9941756659939253,0.9977166084405998,0.9988742419223916,0.9999260090472957,1.0004565778021925
joint_eigh_tail16_exact0_int4_per_row_hadamard,384,4,0.8557046927761042,0.8948634513039225,0.9483623973789999,0.9836814892822526,0.9917882396845925,0.999486830113394
joint_eigh_tail16_exact0_int4_per_row_hadamard,384,20,0.8341152701276712,0.8795428860913042,0.9196335997650824,0.9628335343672433,0.9873444635973959,0.9962914696115828
joint_eigh_tail16_exact0_int4_per_row_hadamard,384,39,0.9109313725011114,0.9570575500387367,0.9836484691099582,0.9853784276352742,0.9965713484047848,0.9999318833764304
joint_eigh_tail16_exact0_int4_per_row_hadamard,576,0,0.9780883103545434,0.9998955997550636,0.9999748730588214,0.9987701512865101,1.0000086014061242,1.0000858355268176
joint_eigh_tail16_exact0_int4_per_row_hadamard,576,4,0.9200091129216535,0.9460269433783967,0.9746357123515558,0.9908389523790279,0.9976717095287339,1.0029057383093491
joint_eigh_tail16_exact0_int4_per_row_hadamard,576,20,0.9116375184969951,0.9357280854138046,0.9581361725529843,0.9923756537232785,0.997790350937886,1.005291725884948
joint_eigh_tail16_exact0_int4_per_row_hadamard,576,39,0.957469505901627,0.9782697637781118,0.9932018669488232,0.9969093719562377,0.999777784992137,1.001824378049775
joint_eigh_tail16_exact0_int4_per_row_hadamard,768,0,0.993269611548106,1.0,1.0,0.99963365732591,1.0,1.00000447290703
joint_eigh_tail16_exact0_int4_per_row_hadamard,768,4,0.9629296655125874,0.9771753443886665,0.988033164172826,0.9979900901468175,0.9997761947224151,1.002530471712005
joint_eigh_tail16_exact0_int4_per_row_hadamard,768,20,0.9544355463789209,0.9697203488392829,0.9773687028459799,0.9981871317012567,1.0011525577959834,1.0036898209620786
joint_eigh_tail16_exact0_int4_per_row_hadamard,768,39,0.9774311456710676,0.9901985054320936,0.9973096756359497,0.9992734939376321,1.0000566872607801,1.0035913781605934
joint_eigh_tail16_exact0_int8_per_row,384,0,0.9423372905414984,0.994510951312989,0.997906276863859,0.9948997464293649,0.9999358814025858,1.0002316517316563
joint_eigh_tail16_exact0_int8_per_row,384,4,0.8578281819857895,0.8978443625305923,0.9494026057055356,0.9893151673436688,0.9950920204947786,0.9997319152445711
joint_eigh_tail16_exact0_int8_per_row,384,20,0.8401870402200683,0.8821697072379369,0.924088768060153,0.9660249960142682,0.9915618676883493,1.002393343523915
joint_eigh_tail16_exact0_int8_per_row,384,39,0.9143909640247266,0.9553031523987496,0.9852069186904951,0.992179908564279,0.9980260288577977,0.9998065963847422
joint_eigh_tail16_exact0_int8_per_row,576,0,0.9790687353758225,0.9999082397877165,0.9999777463808163,0.999977159729483,1.0000189028653275,1.0001556607030915
joint_eigh_tail16_exact0_int8_per_row,576,4,0.9232835883358924,0.9502686238747667,0.976213329253846,0.994949757088958,0.9998263683203913,1.0050329012021553
joint_eigh_tail16_exact0_int8_per_row,576,20,0.916757007550137,0.9387966658090259,0.9597170380536753,0.9966960709235845,1.0004393644448621,1.0063682268042187
joint_eigh_tail16_exact0_int8_per_row,576,39,0.9560894681976644,0.9792427107377415,0.993412073140027,0.9974624047833136,0.9998938427297271,1.0024204023291434
joint_eigh_tail16_exact0_int8_per_row,768,0,0.9929746287148314,1.0,1.0,0.9999421616223122,1.0,1.0000757061828591
joint_eigh_tail16_exact0_int8_per_row,768,4,0.9642038599524926,0.977817147055212,0.9887062978408951,0.9996938844348376,1.0004664655307047,1.0029339789808036
joint_eigh_tail16_exact0_int8_per_row,768,20,0.9554075542631458,0.9705497390998787,0.9797295674154177,0.9996620650394473,1.002168753848758,1.0040632800922806
joint_eigh_tail16_exact0_int8_per_row,768,39,0.9777050114118465,0.9906722152079724,0.9972937666370504,0.9997934502750827,1.000145664316538,1.0021512733333142
joint_eigh_tail32_exact0_fp32,384,0,0.9430167897435217,0.9944505977468524,0.9979080865010561,0.9956171472905824,1.0000895261054892,1.0009504735836898
joint_eigh_tail32_exact0_fp32,384,4,0.8588554975964866,0.9031175506590566,0.9504889887021732,0.990967274277115,0.9966752678636516,1.003253885581007
joint_eigh_tail32_exact0_fp32,384,20,0.8436579307980433,0.8842768414731745,0.9225559444577912,0.9684012019299881,0.9923479260239898,1.0031443086074094
joint_eigh_tail32_exact0_fp32,384,39,0.9179058442728916,0.9559782563421938,0.985230039639902,0.9928262850230671,0.997627935564666,1.0006398424653462
joint_eigh_tail32_exact0_fp32,576,0,0.979017184250363,0.9999019291442905,0.9999742504214904,0.9997186663762341,0.9999950670204785,1.0000162130593524
joint_eigh_tail32_exact0_fp32,576,4,0.9279019729381959,0.9508279354505794,0.9753070991761651,0.9975318680303066,0.9994180709409002,1.0050747023412754
joint_eigh_tail32_exact0_fp32,576,20,0.9112236999661807,0.9402712970511159,0.9570633314406222,0.9941844177491747,1.0002500758666641,1.009401750309394
joint_eigh_tail32_exact0_fp32,576,39,0.9579838298077301,0.9776252581864422,0.9934623352892685,0.998639582217416,1.0001585999269096,1.0037127210506982
joint_eigh_tail32_exact0_fp32,768,0,0.9929879417725743,1.0,1.0,0.9997868141112293,1.0,1.0
joint_eigh_tail32_exact0_fp32,768,4,0.9647625011809469,0.977439750481582,0.9889649576883766,0.9993271179846148,1.0006052233463854,1.0030536586259053
joint_eigh_tail32_exact0_fp32,768,20,0.9549277276678814,0.9704759617707639,0.9788796480017763,0.9995894543338635,1.0022457389866335,1.0053878022004963
joint_eigh_tail32_exact0_fp32,768,39,0.978541462183003,0.9913032551420549,0.9972890317287583,0.9999219142529855,1.0003464444718537,1.002564574973316
joint_eigh_tail32_exact0_int4_per_row_hadamard,384,0,0.9404637719091391,0.9938461840896554,0.9976966154025331,0.9924866833847431,0.9998017808092572,1.0000376003141873
joint_eigh_tail32_exact0_int4_per_row_hadamard,384,4,0.8595214105971306,0.9005429828723693,0.9483231990782186,0.9867880982235692,0.9935950142830742,0.9996487618690894
joint_eigh_tail32_exact0_int4_per_row_hadamard,384,20,0.8380860957994946,0.8788263436816002,0.919664301247081,0.9616296469455555,0.9881408165968983,0.9959859833777405
joint_eigh_tail32_exact0_int4_per_row_hadamard,384,39,0.9137818269918241,0.9507780250953021,0.9846414844074374,0.9895550852171379,0.9964111739994093,0.9995398184196004
joint_eigh_tail32_exact0_int4_per_row_hadamard,576,0,0.977977569010098,0.9999209493578209,0.9999746209531365,0.9992617352185782,0.999994123174079,1.000076027616283
joint_eigh_tail32_exact0_int4_per_row_hadamard,576,4,0.9224057550241218,0.9489644706569194,0.9748313181863227,0.9935322525522973,0.9990438234649747,1.0028971001910318
joint_eigh_tail32_exact0_int4_per_row_hadamard,576,20,0.9127509768909247,0.9354615533596975,0.957945413587225,0.994409100703548,0.998404540607138,1.005648641466324
joint_eigh_tail32_exact0_int4_per_row_hadamard,576,39,0.955257167150046,0.9774646147404846,0.993401243904339,0.9963228329628754,0.9997503434069722,1.0006935817826226
joint_eigh_tail32_exact0_int4_per_row_hadamard,768,0,0.992818581631836,1.0,1.0,0.9994865385170619,1.0,1.0
joint_eigh_tail32_exact0_int4_per_row_hadamard,768,4,0.9630262122500355,0.9756101998622257,0.988591288179539,0.9974347131804105,1.000038821555078,1.0025136780061055
joint_eigh_tail32_exact0_int4_per_row_hadamard,768,20,0.957009803876724,0.9692172284093323,0.9780466390926985,0.9989853919938811,1.0004748711069058,1.0034358489447006
joint_eigh_tail32_exact0_int4_per_row_hadamard,768,39,0.9783580440094886,0.9898290729355678,0.9973632775555227,0.9984356742595661,0.9999882812625096,1.0011414193670163
joint_eigh_tail32_exact0_int8_per_row,384,0,0.9421851287309053,0.994244922823886,0.9977486665908722,0.9947390972135323,0.9999843215572596,1.0003623106247848
joint_eigh_tail32_exact0_int8_per_row,384,4,0.862061044097494,0.8992122647435519,0.9510386796493876,0.9884164442463739,0.9969161949490538,1.0002291410820938
joint_eigh_tail32_exact0_int8_per_row,384,20,0.8440964409008277,0.8850079844603516,0.9219445273580322,0.9682319274244926,0.9912549958772844,1.0035005446809213
joint_eigh_tail32_exact0_int8_per_row,384,39,0.9188478071489616,0.9554250500851814,0.9856070262041271,0.9939302528592839,0.9980467015444672,0.9999875232132556
joint_eigh_tail32_exact0_int8_per_row,576,0,0.9785889237884396,0.9998500870926218,0.9999757569625662,0.9999506371715134,1.0000009938231502,1.0011487237821537
joint_eigh_tail32_exact0_int8_per_row,576,4,0.9282742664846529,0.9517753536126927,0.9753529947765861,0.9967411957096366,1.0008780794440044,1.0054175757514625
joint_eigh_tail32_exact0_int8_per_row,576,20,0.9129920360139205,0.9402410781428385,0.9595591137565436,0.9985381339008813,0.9999777827653232,1.008565926163608
joint_eigh_tail32_exact0_int8_per_row,576,39,0.9573593255838367,0.9781474305403216,0.9932927842729281,0.9987624404289355,0.9999290541514563,1.0030956154240203
joint_eigh_tail32_exact0_int8_per_row,768,0,0.9932249173485109,1.0,1.0,0.9995886767630466,1.0,1.0
joint_eigh_tail32_exact0_int8_per_row,768,4,0.9637171934260748,0.9773886071940124,0.9886539998845603,0.9981328729125502,1.000674568994973,1.002391396161371
joint_eigh_tail32_exact0_int8_per_row,768,20,0.9543044644044232,0.970400586795289,0.9795362586648507,0.999962228941667,1.002130100185679,1.004301419715235
joint_eigh_tail32_exact0_int8_per_row,768,39,0.9782491636559674,0.9902118249325871,0.99735588856662,0.9993208398201131,1.0001556105907117,1.003395574217115
joint_eigh_tail4_exact0_fp32,384,0,0.9497930993049862,0.994565122777764,0.9980160665801889,0.9980693945165132,1.0001941746061724,1.0016900015994494
joint_eigh_tail4_exact0_fp32,384,4,0.8584194242552139,0.8943327501987914,0.9504246504150645,0.9848329573790825,0.991499720614972,0.999197813186429
joint_eigh_tail4_exact0_fp32,384,20,0.838321510278756,0.8773176261756258,0.9194631782850807,0.9644623157367661,0.9872136406998753,0.9946070132153108
joint_eigh_tail4_exact0_fp32,384,39,0.910922135468857,0.953834508215724,0.9841184881848389,0.9892691058156474,0.9959581283795558,1.0000439625031634
joint_eigh_tail4_exact0_fp32,576,0,0.9785540041917883,0.9999110681605736,0.9999758740772897,0.9994215561726622,1.0000013791451727,1.0001273378449875
joint_eigh_tail4_exact0_fp32,576,4,0.9209549486328975,0.9492651054432057,0.9745718242855859,0.9918634398477344,0.9986060579056837,1.0053173580098127
joint_eigh_tail4_exact0_fp32,576,20,0.9130324394704584,0.9355376997060603,0.9587502194583162,0.9936886685221589,0.9975522194161408,1.0052220921292718
joint_eigh_tail4_exact0_fp32,576,39,0.9566125404599012,0.9760858212257877,0.9934180375745926,0.9962760115112009,0.9998722238675882,1.0017447628134635
joint_eigh_tail4_exact0_fp32,768,0,0.9929481905296762,1.0,1.0,0.9997980347977161,1.0,1.0
joint_eigh_tail4_exact0_fp32,768,4,0.9614263110562922,0.9766818178687451,0.9882501959027674,0.997922640092871,0.9998307366092182,1.002693731828638
joint_eigh_tail4_exact0_fp32,768,20,0.9571475514184542,0.9694893695776845,0.9779679335651839,0.9988276074921129,1.001295804972226,1.0048258929784089
joint_eigh_tail4_exact0_fp32,768,39,0.977660631060563,0.9889464984795427,0.9974011040440657,0.9991375891943999,0.9999868792317433,1.0016698510406017
joint_eigh_tail8_exact0_fp32,384,0,0.94688935542522,0.9946983517185376,0.9977778216005915,0.997935086010856,0.9998310215387157,1.0010997061677511
joint_eigh_tail8_exact0_fp32,384,4,0.8571782934455845,0.8991779851151405,0.9499400698887812,0.9869960109681399,0.9952703061364991,0.9993690389551804
joint_eigh_tail8_exact0_fp32,384,20,0.840515532216835,0.8810849588206746,0.923463188631852,0.9658371100465767,0.9911685012293194,0.9966168643216994
joint_eigh_tail8_exact0_fp32,384,39,0.9166715788708701,0.9549698897851188,0.9842086531574726,0.9923199326779263,0.9975453679391072,0.9993464531247057
joint_eigh_tail8_exact0_fp32,576,0,0.979360375826512,0.9998697800051445,0.9999785747867015,0.9999294748477673,1.0000209990176567,1.0001574860199112
joint_eigh_tail8_exact0_fp32,576,4,0.9208602020399066,0.9499465966944185,0.9747456174057051,0.9932561203110896,0.9993950211117467,1.0041758096757625
joint_eigh_tail8_exact0_fp32,576,20,0.9147078707326044,0.9370813736600367,0.9581784852138672,0.9949145864232997,0.9989944951973886,1.0086424767438118
joint_eigh_tail8_exact0_fp32,576,39,0.9570612621077844,0.978059705711357,0.9936612394494103,0.9982631425837138,0.9997865442834083,1.0015327515074999
joint_eigh_tail8_exact0_fp32,768,0,0.9932617364248841,1.0,1.0,0.9999167103787994,1.0,1.0
joint_eigh_tail8_exact0_fp32,768,4,0.9625671994903225,0.9769970964288315,0.9884398877481313,0.9982748719470801,1.0002641350933688,1.0028679440785226
joint_eigh_tail8_exact0_fp32,768,20,0.9573592518136892,0.9682188780736476,0.978431089547317,0.9991999933410842,1.0001725581077046,1.0043234902166958
joint_eigh_tail8_exact0_fp32,768,39,0.9779837401941917,0.9899362131549937,0.9973465222406592,0.9997933240523903,1.0001281428359106,1.0034131521073952
joint_eigh_tail8_exact0_int4_per_row_hadamard,384,0,0.9479457708693498,0.9946530777345888,0.9978689074791031,0.9975893010721478,1.0001640452123017,1.0006310646868681
joint_eigh_tail8_exact0_int4_per_row_hadamard,384,4,0.848687915484437,0.8912764923407448,0.9467719642847985,0.9798892505732059,0.9878127686663861,0.9985476537381001
joint_eigh_tail8_exact0_int4_per_row_hadamard,384,20,0.8323623573729138,0.8763126243830082,0.9220763327349542,0.9604528206752828,0.9894164434475392,0.9950449992961324
joint_eigh_tail8_exact0_int4_per_row_hadamard,384,39,0.9121121342015869,0.9551102213562201,0.9849661565222654,0.9874643274100701,0.9972397995691736,0.9998313519818353
joint_eigh_tail8_exact0_int4_per_row_hadamard,576,0,0.9790823422259635,0.9999457495240535,0.9999781916798797,0.9998377956865242,1.0000119201391169,1.000100831628786
joint_eigh_tail8_exact0_int4_per_row_hadamard,576,4,0.9221832983483005,0.9462417198580263,0.973701541074237,0.9926099277528919,0.9984757504842872,1.0033267764803555
joint_eigh_tail8_exact0_int4_per_row_hadamard,576,20,0.9155559858768333,0.9363928685393872,0.9542835928110878,0.9927530452769556,0.9984840391771703,1.0062460081169695
joint_eigh_tail8_exact0_int4_per_row_hadamard,576,39,0.9549245513136022,0.977165515396798,0.9931475397865175,0.9965710851145508,0.9996582171456943,1.002354705400256
joint_eigh_tail8_exact0_int4_per_row_hadamard,768,0,0.9933303611720726,1.0,1.0,1.0,1.0,1.0004110867708422
joint_eigh_tail8_exact0_int4_per_row_hadamard,768,4,0.9633546490941246,0.9757425213625417,0.9878246328506463,0.9981442794357877,1.0002586938787614,1.0020297759642374
joint_eigh_tail8_exact0_int4_per_row_hadamard,768,20,0.95333316083646,0.9689803966971712,0.9786948260780941,0.9979769530502509,1.0001295860072288,1.0030016918357014
joint_eigh_tail8_exact0_int4_per_row_hadamard,768,39,0.9783641185701151,0.990269290107932,0.997173117792006,0.9990897231284488,1.0001492951249795,1.0032148379513814
joint_eigh_tail8_exact0_int8_per_row,384,0,0.9472011997721773,0.9941871378176294,0.997693819056548,0.9978553713797198,0.9999886835900975,1.000308568888551
joint_eigh_tail8_exact0_int8_per_row,384,4,0.8567903881933785,0.8995170198236314,0.9491118438670754,0.9861041137175999,0.9952607349117157,1.001951364623093
joint_eigh_tail8_exact0_int8_per_row,384,20,0.8341997321509189,0.8821477195057356,0.9245968734630201,0.9657947927025408,0.9913539903904556,1.0002308872885644
joint_eigh_tail8_exact0_int8_per_row,384,39,0.9157778328133819,0.9545721155559888,0.9843735030949524,0.9919491101611926,0.9973951238149075,0.9997166058197057
joint_eigh_tail8_exact0_int8_per_row,576,0,0.9783886629355855,0.9998031285523198,0.9999785747867015,0.9990768548731198,0.9999980770847545,1.0001034612012751
joint_eigh_tail8_exact0_int8_per_row,576,4,0.924335688107098,0.9504536824916069,0.9745037169734108,0.9959820681813797,0.9996175233335757,1.0033667714876047
joint_eigh_tail8_exact0_int8_per_row,576,20,0.9119283816431303,0.9380914482439433,0.9596526114410036,0.9950880322187848,0.9998021610297867,1.0061364791672502
joint_eigh_tail8_exact0_int8_per_row,576,39,0.9564902551328459,0.9778010835523232,0.9935198805833911,0.9982615672433668,0.9999261404204972,1.0017249483302288
joint_eigh_tail8_exact0_int8_per_row,768,0,0.9933013135480617,1.0,1.0,0.9999316930795961,1.0,1.0001587684475437
joint_eigh_tail8_exact0_int8_per_row,768,4,0.9621479485493897,0.9781467796398872,0.9882000944565459,0.9985289024421049,1.0004502386750926,1.0025394887903214
joint_eigh_tail8_exact0_int8_per_row,768,20,0.9570967310484914,0.9697585312757913,0.978987732030312,0.9994941691341724,1.0010666189759956,1.0040131499280254
joint_eigh_tail8_exact0_int8_per_row,768,39,0.9778711015243103,0.9904824181010989,0.9973074539160761,0.9994289509959569,1.0000677939779077,1.0035273248679069
joint_pivoted_cholesky_tail16_exact0_fp32,384,0,0.9472300072514691,0.9944612545660103,0.9978335349707343,0.9995223250542858,1.0000408946659025,1.0005307844935205
joint_pivoted_cholesky_tail16_exact0_fp32,384,4,0.8562442808331349,0.8964004079977992,0.9494934915517679,0.9857434246774867,0.9934916678128396,0.9991849104574327
joint_pivoted_cholesky_tail16_exact0_fp32,384,20,0.8374885418113114,0.8789552985594433,0.9246772740793073,0.9613345347384543,0.9898046831028537,0.995672521919977
joint_pivoted_cholesky_tail16_exact0_fp32,384,39,0.9150496366159616,0.9561215723384684,0.9845045499972778,0.9906429529084132,0.9969338184283141,1.0003659124941553
joint_pivoted_cholesky_tail16_exact0_fp32,576,0,0.978427667922287,0.999867273478315,0.9999756486759721,0.9998046510953769,1.0000012187045701,1.0001065101130155
joint_pivoted_cholesky_tail16_exact0_fp32,576,4,0.9245885053083579,0.948648993257581,0.9738185998457083,0.9964772003595006,0.9989566170177853,1.003899786543125
joint_pivoted_cholesky_tail16_exact0_fp32,576,20,0.9123643969138522,0.9381967020889523,0.9587429839107199,0.9943593814118417,0.9993813950974038,1.0073187966182835
joint_pivoted_cholesky_tail16_exact0_fp32,576,39,0.9571985933843075,0.9777197173531125,0.9933853587980103,0.9978967579685868,0.9999676767148776,1.001735678030735
joint_pivoted_cholesky_tail16_exact0_fp32,768,0,0.9938095878514761,1.0,1.0,1.0,1.0,1.000766764216706
joint_pivoted_cholesky_tail16_exact0_fp32,768,4,0.9630312047153755,0.9760418659456381,0.9884986216586217,0.998438928624418,1.0000837289107638,1.002296036079849
joint_pivoted_cholesky_tail16_exact0_fp32,768,20,0.9544940069675527,0.969687502840689,0.9786460924168293,0.9988160839291769,1.0011908823040463,1.0036322576763288
joint_pivoted_cholesky_tail16_exact0_fp32,768,39,0.9793919669471646,0.989795704537572,0.9973059360795629,0.9996468223321013,1.0000411699065412,1.0044546430995644
joint_pivoted_cholesky_tail32_exact0_fp32,384,0,0.946633715479317,0.9946241116267496,0.9977322065217853,0.9986649889656002,1.0000274743476174,1.0008507336652386
joint_pivoted_cholesky_tail32_exact0_fp32,384,4,0.8584329350778847,0.8977434210704311,0.9485214400635531,0.9881720121358564,0.9949801458250304,0.9991673204358036
joint_pivoted_cholesky_tail32_exact0_fp32,384,20,0.8390507587949949,0.8832551733360259,0.9222790698042459,0.9679151498293435,0.9902074237706597,0.9981422897169803
joint_pivoted_cholesky_tail32_exact0_fp32,384,39,0.9177580258460853,0.9543417525251755,0.9842555453186674,0.9931522012378657,0.99753031735736,0.9999422921418252
joint_pivoted_cholesky_tail32_exact0_fp32,576,0,0.9797918165993295,0.9999299371308012,0.9999769995074086,0.9999993115000138,1.0000210841987769,1.0005096784557959
joint_pivoted_cholesky_tail32_exact0_fp32,576,4,0.923707705735933,0.9480365235835463,0.9751780986353848,0.9952465602755156,0.9992847097462838,1.0044658209563735
joint_pivoted_cholesky_tail32_exact0_fp32,576,20,0.9115736240892213,0.9366685267384167,0.9594825601481198,0.9943521371870709,0.9988890893781335,1.0062661714999044
joint_pivoted_cholesky_tail32_exact0_fp32,576,39,0.9567972685740757,0.9765148826400332,0.9932340818321613,0.9970390612534344,0.9999735406579552,1.0018974331446506
joint_pivoted_cholesky_tail32_exact0_fp32,768,0,0.9930140920720585,1.0,1.0,0.999940831295601,1.0,1.000464348847993
joint_pivoted_cholesky_tail32_exact0_fp32,768,4,0.9618717762554363,0.9760703602307964,0.9882354308077373,0.9987807591303995,0.9999558981075074,1.0023803293652989
joint_pivoted_cholesky_tail32_exact0_fp32,768,20,0.9539313106222252,0.9707275002493655,0.9787001949817157,0.9990415425926659,1.0009653858140255,1.0046639143808387
joint_pivoted_cholesky_tail32_exact0_fp32,768,39,0.9783307242202101,0.9903806966491134,0.9972909604024071,0.9997937815371755,1.0002063685151237,1.0031069914486546
joint_pivoted_cholesky_tail4_exact0_fp32,384,0,0.9504748812616846,0.9946175847776173,0.9979815375001292,0.9999159553508351,1.0000961372457475,1.0017428394272734
joint_pivoted_cholesky_tail4_exact0_fp32,384,4,0.858837636096563,0.8982011511782393,0.9486730910482191,0.9871819986941923,0.9929440628682586,0.9989670622038256
joint_pivoted_cholesky_tail4_exact0_fp32,384,20,0.8426538666953225,0.8764167130983274,0.9224725379285411,0.9600042269666963,0.99042523590903,0.9971586411543765
joint_pivoted_cholesky_tail4_exact0_fp32,384,39,0.9125228530965837,0.9540394003049203,0.9846152601303508,0.9916685357287673,0.9979209797486162,0.9998554703604489
joint_pivoted_cholesky_tail4_exact0_fp32,576,0,0.9790050989645098,0.9999484093006605,0.9999800340895112,0.9997063255449901,1.0000137626108914,1.0001034918178993
joint_pivoted_cholesky_tail4_exact0_fp32,576,4,0.9234150027306252,0.9500815446734727,0.9742506300089604,0.9968090208807161,0.9996173483671648,1.0037509951699992
joint_pivoted_cholesky_tail4_exact0_fp32,576,20,0.9074312151562383,0.9350428951847561,0.9592974376367539,0.989580846520937,0.9981812100353779,1.0020067946720366
joint_pivoted_cholesky_tail4_exact0_fp32,576,39,0.9555650109379572,0.977716030994533,0.9931185334713383,0.9981442742760647,0.9999861173384257,1.002527258265995
joint_pivoted_cholesky_tail4_exact0_fp32,768,0,0.9938148665188246,1.0,1.0,1.0,1.0,1.0005630833157475
joint_pivoted_cholesky_tail4_exact0_fp32,768,4,0.9651067963077424,0.9758830926526822,0.9888108132408671,0.9989365139685131,1.0002860932075432,1.0035252384826379
joint_pivoted_cholesky_tail4_exact0_fp32,768,20,0.9517877151212923,0.9695267665953569,0.9796899325071976,0.9968848586901904,1.0005221543871845,1.004268585203897
joint_pivoted_cholesky_tail4_exact0_fp32,768,39,0.9782096587527324,0.9901818540564172,0.9973321976059629,0.9998689793563994,1.000410309517871,1.003127387259375
joint_pivoted_cholesky_tail8_exact0_fp32,384,0,0.9491416354477573,0.9941975263575783,0.9980079527396434,0.9997004395122303,1.00013137136287,1.000947643300494
joint_pivoted_cholesky_tail8_exact0_fp32,384,4,0.8603773472817606,0.8973976382674947,0.9499566322229818,0.987291479450106,0.9945969104644424,0.9990369823191964
joint_pivoted_cholesky_tail8_exact0_fp32,384,20,0.8513831639270204,0.8782088664720735,0.9241467447266104,0.9639809613295034,0.99100441723696,0.9978641862482773
joint_pivoted_cholesky_tail8_exact0_fp32,384,39,0.9135545373189999,0.955189091391918,0.9852002469572491,0.9928306451058214,0.997643899350253,0.9999882226185041
joint_pivoted_cholesky_tail8_exact0_fp32,576,0,0.9789868391972383,0.9999496105677074,0.9999785409174576,0.9996876796718851,1.0000122693884743,1.000147455647638
joint_pivoted_cholesky_tail8_exact0_fp32,576,4,0.9258378527446337,0.9500029381189296,0.9753404664422217,0.9957755464073497,1.0006222670333635,1.0054756466245722
joint_pivoted_cholesky_tail8_exact0_fp32,576,20,0.9088037755958326,0.9358762125098777,0.9597291245661904,0.9927676710672727,0.9986077425047841,1.0067797999573505
joint_pivoted_cholesky_tail8_exact0_fp32,576,39,0.9559909224968903,0.977864030879915,0.9932140125786754,0.9973047747436522,0.9997152810626727,1.0021150676308554
joint_pivoted_cholesky_tail8_exact0_fp32,768,0,0.9938114384675284,1.0,1.0,1.0,1.0,1.0006185099114413
joint_pivoted_cholesky_tail8_exact0_fp32,768,4,0.9641128079701564,0.9766354138334304,0.9878371722809938,0.9991276584131559,1.0004608702781514,1.0029687337802435
joint_pivoted_cholesky_tail8_exact0_fp32,768,20,0.9542784581263661,0.9702308769455711,0.9788562476517507,0.9984290068327981,1.0005578229734613,1.003882079125911
joint_pivoted_cholesky_tail8_exact0_fp32,768,39,0.9781388684148433,0.9900819513652663,0.9972979245850385,0.9996585493268363,1.000206704693358,1.0036403384593509
