factor_config_id,allocation_policy,mean_budget_pages_per_expert,burst_cap_pages_per_expert,layer,groups,overall_average_bpw,qenergy_recovery_p10,qenergy_recovery_median,qenergy_recovery_p90,qenergy_recovery_mean,paired_gain_vs_uniform_p10,paired_gain_vs_uniform_median,paired_gain_vs_uniform_p90,paired_gain_vs_uniform_mean
exact_proxy_rank4_fp32,pooled_exact_combined_moe_oracle,729,1536,0,32,0.9987284342447916,0.9998835020821503,0.9999901994465428,0.999997467062786,0.9999522547885213,1.908196613183977e-05,0.0001220834304758167,0.0007938013731283672,0.0002918098057329635
exact_proxy_rank4_fp32,pooled_exact_combined_moe_oracle,729,1536,4,32,0.9987284342447916,0.9959634414805242,0.9980464588514142,0.9992783400603481,0.9978224742553057,0.0010159606161882495,0.0028115846658617327,0.005333926219609443,0.0029947204702390103
exact_proxy_rank4_fp32,pooled_exact_combined_moe_oracle,729,1536,20,32,0.9987284342447916,0.9934726625885578,0.9963635484789655,0.9992138779980138,0.9963711307041176,0.0008943615783421288,0.0021824447256865165,0.004516842769502549,0.0023509252167748657
exact_proxy_rank4_fp32,pooled_exact_combined_moe_oracle,729,1536,39,32,0.9987284342447916,0.9959375136505707,0.998520291403442,0.9995985335426097,0.9978755086163374,0.00016632795360712604,0.0006607348107411926,0.00215251075413826,0.0009514293654284342
exact_proxy_rank4_fp32,pooled_router_square_compressed,729,1536,0,32,0.9987284342447916,0.9998832340902476,0.999990118074441,0.9999974318085211,0.9999519639245659,1.8499079252398688e-05,0.0001220834304758167,0.0007913894460046428,0.000291518941777473
exact_proxy_rank4_fp32,pooled_router_square_compressed,729,1536,4,32,0.9987284342447916,0.9958721028442342,0.9979795198068653,0.9992701439774513,0.9978008909482871,0.0009983283204485717,0.00279942329803079,0.0053249015573913604,0.0029731371632203095
exact_proxy_rank4_fp32,pooled_router_square_compressed,729,1536,20,32,0.9987284342447916,0.9929681012474035,0.9962342348279789,0.999212668751981,0.9962967493055281,0.0008943615783421288,0.0020597198330435385,0.004487356274351595,0.0022765438181853517
exact_proxy_rank4_fp32,pooled_router_square_compressed,729,1536,39,32,0.9987284342447916,0.9958806296358463,0.9984960178926368,0.9995953970186089,0.9978467304049778,0.0001610525422881648,0.0006100323172921751,0.002137759396386375,0.0009226511540688966
exact_proxy_rank4_fp32,uniform_per_expert,729,729,0,32,0.9987284342447916,0.9991033419607275,0.999868251683895,0.9999738510724822,0.9996604449827884,0.0,0.0,0.0,0.0
exact_proxy_rank4_fp32,uniform_per_expert,729,729,4,32,0.9987284342447916,0.9912287099828683,0.9947831384138723,0.9975659624567255,0.9948277537850668,0.0,0.0,0.0,0.0
exact_proxy_rank4_fp32,uniform_per_expert,729,729,20,32,0.9987284342447916,0.9902872443728087,0.994403844276673,0.9980710649829794,0.9940202054873428,0.0,0.0,0.0,0.0
exact_proxy_rank4_fp32,uniform_per_expert,729,729,39,32,0.9987284342447916,0.9935852152508661,0.9975304280996549,0.9995268779893057,0.996924079250909,0.0,0.0,0.0,0.0
matrix_free_joint_rank8_int4_per_row_hadamard,pooled_equal_weight_compressed,384,1536,0,32,0.5234781901041666,0.9928341703605089,0.9969154798870348,0.9989327271722621,0.9960982199480466,-0.0005932834688976318,0.0007521345741957619,0.005341822119061939,0.0016186134575806761
matrix_free_joint_rank8_int4_per_row_hadamard,pooled_equal_weight_compressed,384,1536,4,32,0.5234781901041666,0.9425950073642855,0.9720451450326679,0.9839571059031946,0.9691155615000502,-0.0007629742611791612,0.0019344241648169835,0.007186147936442344,0.0028002122664540392
matrix_free_joint_rank8_int4_per_row_hadamard,pooled_equal_weight_compressed,384,1536,20,32,0.5234781901041666,0.9290304085884317,0.9618974060653191,0.983036787272,0.9587767936622791,-0.003949731181884897,0.003570092445788875,0.009522526445220758,-0.0023070937073263707
matrix_free_joint_rank8_int4_per_row_hadamard,pooled_equal_weight_compressed,384,1536,39,32,0.5234781901041666,0.9631042493306571,0.9871736360873841,0.9967662838707387,0.9804643582536632,-0.00047782853774979144,0.0016406352457528084,0.005676673644081145,0.0020044590815633673
matrix_free_joint_rank8_int4_per_row_hadamard,pooled_equal_weight_compressed,576,1536,0,32,0.7734781901041666,0.9990942166779604,0.9996814665957992,0.9998905317525308,0.9994706155612149,3.94120792609476e-06,0.00031997800713301494,0.0020806655725653547,0.0006881561649283927
matrix_free_joint_rank8_int4_per_row_hadamard,pooled_equal_weight_compressed,576,1536,4,32,0.7734781901041666,0.9820057973523297,0.9895391171588936,0.9944813875084103,0.9885160614424543,-0.0004348846539986795,0.00032633787448327345,0.005605060051746974,0.0009269438714273638
matrix_free_joint_rank8_int4_per_row_hadamard,pooled_equal_weight_compressed,576,1536,20,32,0.7734781901041666,0.9744590628545314,0.9865920736924161,0.9950431499604173,0.9846574947997766,-0.0010533288864458033,0.0022539347944945387,0.004656531061554459,-0.0007033572160022247
matrix_free_joint_rank8_int4_per_row_hadamard,pooled_equal_weight_compressed,576,1536,39,32,0.7734781901041666,0.9872342818862119,0.9955051464422426,0.9988840831822781,0.9932173532955668,-0.00034124158046185956,0.0006574774055065902,0.0023946703139961834,0.0008700864607409271
matrix_free_joint_rank8_int4_per_row_hadamard,pooled_equal_weight_compressed,749,1536,0,32,0.9987386067708334,0.9998892534429173,0.9999856987991464,0.9999976565433016,0.99994992496933,1.2629745801862047e-05,0.00010440214937440517,0.0006405389737657587,0.00022997066381600859
matrix_free_joint_rank8_int4_per_row_hadamard,pooled_equal_weight_compressed,749,1536,4,32,0.9987386067708334,0.9932969117180717,0.9962907567144348,0.9981097200040215,0.9959559721501514,1.499611485650254e-05,0.0003678164011282625,0.0017743182524301414,0.000617183784396784
matrix_free_joint_rank8_int4_per_row_hadamard,pooled_equal_weight_compressed,749,1536,20,32,0.9987386067708334,0.9905942281500503,0.9948001332612411,0.9980176251317446,0.9942050969871483,-0.0006135160137554774,0.0005728644268957472,0.0017448041130597178,-0.0004205035906030691
matrix_free_joint_rank8_int4_per_row_hadamard,pooled_equal_weight_compressed,749,1536,39,32,0.9987386067708334,0.9954676390736582,0.9981361373649582,0.9995844014935593,0.9975695181148342,-3.286172732985815e-05,0.00016079269091140436,0.0010050666821592399,0.0002897251233249451
matrix_free_joint_rank8_int4_per_row_hadamard,pooled_equal_weight_compressed,768,1536,0,32,1.0234781901041667,0.9999130336520623,0.9999917712094358,0.999998285924607,0.9999631448409124,1.072354711663115e-05,8.391330797680174e-05,0.0005300886506611427,0.00019501762941953257
matrix_free_joint_rank8_int4_per_row_hadamard,pooled_equal_weight_compressed,768,1536,4,32,1.0234781901041667,0.9935932019672319,0.9966590715088406,0.9981837972760507,0.996359500953476,2.6244406820863387e-06,0.00031253946491938134,0.0014810790838242218,0.0004924551177738455
matrix_free_joint_rank8_int4_per_row_hadamard,pooled_equal_weight_compressed,768,1536,20,32,1.0234781901041667,0.9918868472892984,0.9953707970953252,0.997573838677568,0.9949063168893667,-0.00048568204802483804,0.00045700342165194696,0.0016510918446977054,-0.00036244982654035085
matrix_free_joint_rank8_int4_per_row_hadamard,pooled_equal_weight_compressed,768,1536,39,32,1.0234781901041667,0.9958668741649277,0.9984814715007813,0.9996076938610086,0.997830643502949,-4.9106301769397116e-05,0.00015511381482374853,0.0008764065846714964,0.0002850922796692225
matrix_free_joint_rank8_int4_per_row_hadamard,pooled_exact_combined_moe_oracle,384,1536,0,32,0.5234781901041666,0.9954880622504423,0.9985585029238839,0.9996612919234623,0.9975608646963728,0.0004297286034769754,0.0020613041626502127,0.006964265329921483,0.0030812582059069997
matrix_free_joint_rank8_int4_per_row_hadamard,pooled_exact_combined_moe_oracle,384,1536,4,32,0.5234781901041666,0.9748294501977744,0.9859574862561602,0.9946466222333292,0.9848641202403268,0.007376248770130667,0.01635959174401247,0.0320681560255757,0.018548771006730618
matrix_free_joint_rank8_int4_per_row_hadamard,pooled_exact_combined_moe_oracle,384,1536,20,32,0.5234781901041666,0.9560948065806015,0.975549827921343,0.9945346931570381,0.9755421205553052,0.004758097518625437,0.012355224036919021,0.028026893733040258,0.014458233185699762
matrix_free_joint_rank8_int4_per_row_hadamard,pooled_exact_combined_moe_oracle,384,1536,39,32,0.5234781901041666,0.9697991117558222,0.9895990249662912,0.9971885123533399,0.9850176194964639,0.0011519582547587005,0.004175529070498452,0.01426171891149365,0.006557720324364132
matrix_free_joint_rank8_int4_per_row_hadamard,pooled_exact_combined_moe_oracle,576,1536,0,32,0.7734781901041666,0.9993441711891946,0.9998519843089599,0.9999513223283418,0.9996431402255869,7.115573210044745e-05,0.0004625756623570787,0.002198650221637078,0.0008606808293004746
matrix_free_joint_rank8_int4_per_row_hadamard,pooled_exact_combined_moe_oracle,576,1536,4,32,0.7734781901041666,0.9906620949852748,0.9952307410057826,0.9982115837330005,0.9947077375347945,0.002594939025219001,0.00591022356650811,0.01263208221983362,0.00711861996376751
matrix_free_joint_rank8_int4_per_row_hadamard,pooled_exact_combined_moe_oracle,576,1536,20,32,0.7734781901041666,0.9838644276326917,0.9911823091494175,0.9981570206998868,0.9910767829839713,0.0020041959935808594,0.00515879005906994,0.010655089474171776,0.005715930968192402
matrix_free_joint_rank8_int4_per_row_hadamard,pooled_exact_combined_moe_oracle,576,1536,39,32,0.7734781901041666,0.9900124373836673,0.9963294842815953,0.9990033139483222,0.9947317898751442,0.0004241595529741127,0.001534459557389567,0.005821016293254777,0.0023845230403183974
matrix_free_joint_rank8_int4_per_row_hadamard,pooled_exact_combined_moe_oracle,749,1536,0,32,0.9987386067708334,0.999907085787459,0.9999941254663456,0.9999982256704465,0.9999651292887722,1.649430827089793e-05,0.00010951323449875927,0.0006603983110758829,0.00024517498325824297
matrix_free_joint_rank8_int4_per_row_hadamard,pooled_exact_combined_moe_oracle,749,1536,4,32,0.9987386067708334,0.9964064533994037,0.998263584287006,0.9993594948056571,0.9980566830551618,0.0010953463505139372,0.0024324886081961705,0.004847192900706044,0.002717894689407103
matrix_free_joint_rank8_int4_per_row_hadamard,pooled_exact_combined_moe_oracle,749,1536,20,32,0.9987386067708334,0.9941122910505127,0.9968156836288116,0.9992872189940228,0.9967536190456425,0.0008470103081943958,0.0018833470163878707,0.004035968501182441,0.002128018467891145
matrix_free_joint_rank8_int4_per_row_hadamard,pooled_exact_combined_moe_oracle,749,1536,39,32,0.9987386067708334,0.9964350756754684,0.9986622955143489,0.9996453735065479,0.9981284149487549,0.00015014986593142599,0.0005631117036896116,0.002232758399085312,0.0008486219572456585
matrix_free_joint_rank8_int4_per_row_hadamard,pooled_exact_combined_moe_oracle,768,1536,0,32,1.0234781901041667,0.9999297633413664,0.9999959543085045,0.9999989520288237,0.9999738325492008,1.3007320380498121e-05,9.159914844542039e-05,0.0005519076944033533,0.00020570533770793153
matrix_free_joint_rank8_int4_per_row_hadamard,pooled_exact_combined_moe_oracle,768,1536,4,32,1.0234781901041667,0.9967694269315002,0.9984575575497485,0.999431290863115,0.9982618891711603,0.0009996229976089398,0.002124086496920863,0.004097114386042834,0.0023948433354582035
matrix_free_joint_rank8_int4_per_row_hadamard,pooled_exact_combined_moe_oracle,768,1536,20,32,1.0234781901041667,0.9948738098644007,0.9971382926594083,0.9993764343012934,0.9971029596848954,0.0007441161384597828,0.00166435713270624,0.0033778559429092584,0.0018341929689882422
matrix_free_joint_rank8_int4_per_row_hadamard,pooled_exact_combined_moe_oracle,768,1536,39,32,1.0234781901041667,0.9968561335746652,0.9987988718293359,0.9996831255820308,0.9983403759098642,0.00012815672451939043,0.0005486668829817742,0.0020555163982645575,0.0007948246865843583
matrix_free_joint_rank8_int4_per_row_hadamard,pooled_router_square_compressed,384,768,0,32,0.5234781901041666,0.9954284508811262,0.998535773005552,0.9996376290446845,0.9975070231400978,0.00042970702606152103,0.0020385742443181365,0.0069214158076853285,0.003027416649631867
matrix_free_joint_rank8_int4_per_row_hadamard,pooled_router_square_compressed,384,768,4,32,0.5234781901041666,0.9741357020580833,0.9853976713740065,0.9945463400753833,0.9843655066536368,0.0066154709993744175,0.016157539622137673,0.03178579341895293,0.01805015742004064
matrix_free_joint_rank8_int4_per_row_hadamard,pooled_router_square_compressed,384,768,20,32,0.5234781901041666,0.9555274528375282,0.975549827921343,0.9934876638646014,0.9749519083207935,0.0037426693050605754,0.012228921466351794,0.02797615982515066,0.01386802095118797
matrix_free_joint_rank8_int4_per_row_hadamard,pooled_router_square_compressed,384,768,39,32,0.5234781901041666,0.9688314652081957,0.9893481000333362,0.997113525192946,0.9847346782958117,0.0011414882849233976,0.004112399938106026,0.013556531466077871,0.0062747791237119065
matrix_free_joint_rank8_int4_per_row_hadamard,pooled_router_square_compressed,384,1152,0,32,0.5234781901041666,0.9954880622504423,0.998535773005552,0.9996592132564359,0.9975225984938894,0.00042970702606152103,0.0020385742443181365,0.006928087474467583,0.003042992003423471
matrix_free_joint_rank8_int4_per_row_hadamard,pooled_router_square_compressed,384,1152,4,32,0.5234781901041666,0.9741357020580833,0.9854849430768253,0.9945262994177813,0.9846197495704141,0.0066154709993744175,0.016157539622137673,0.03178579341895293,0.01830440033681801
matrix_free_joint_rank8_int4_per_row_hadamard,pooled_router_square_compressed,384,1152,20,32,0.5234781901041666,0.9555274528375282,0.975549827921343,0.9945090721040378,0.975212440190829,0.0037426693050605754,0.012228921466351794,0.02797615982515066,0.014128552821223463
matrix_free_joint_rank8_int4_per_row_hadamard,pooled_router_square_compressed,384,1152,39,32,0.5234781901041666,0.9688314652081957,0.9893481000333362,0.997113525192946,0.9847676751673207,0.0011414882849233976,0.004112399938106026,0.014170614624414081,0.0063077759952209
matrix_free_joint_rank8_int4_per_row_hadamard,pooled_router_square_compressed,384,1536,0,32,0.5234781901041666,0.9954880622504423,0.998535773005552,0.9996592132564359,0.9975225984938894,0.00042970702606152103,0.0020385742443181365,0.006928087474467583,0.003042992003423471
matrix_free_joint_rank8_int4_per_row_hadamard,pooled_router_square_compressed,384,1536,4,32,0.5234781901041666,0.9741357020580833,0.9854849430768253,0.9945262994177813,0.9846183454882136,0.0066154709993744175,0.016157539622137673,0.03178579341895293,0.01830299625461751
matrix_free_joint_rank8_int4_per_row_hadamard,pooled_router_square_compressed,384,1536,20,32,0.5234781901041666,0.9555274528375282,0.975549827921343,0.9945090721040378,0.975212440190829,0.0037426693050605754,0.012228921466351794,0.02797615982515066,0.014128552821223463
matrix_free_joint_rank8_int4_per_row_hadamard,pooled_router_square_compressed,384,1536,39,32,0.5234781901041666,0.9688314652081957,0.9893481000333362,0.997113525192946,0.9847676751673207,0.0011414882849233976,0.004112399938106026,0.014170614624414081,0.0063077759952209
matrix_free_joint_rank8_int4_per_row_hadamard,pooled_router_square_compressed,576,768,0,32,0.7734781901041666,0.9989900584253182,0.999810025688552,0.9999116642479512,0.9995482853172132,7.105522569171852e-05,0.00045260341868857967,0.0018675875455818171,0.0007658259209267007
matrix_free_joint_rank8_int4_per_row_hadamard,pooled_router_square_compressed,576,768,4,32,0.7734781901041666,0.9902813031039399,0.9935335301394244,0.9974382640653169,0.9935268126210846,0.0022909513095316523,0.004797324267560743,0.010816919047902942,0.0059376950500577355
matrix_free_joint_rank8_int4_per_row_hadamard,pooled_router_square_compressed,576,768,20,32,0.7734781901041666,0.9821501738470485,0.9902963759971746,0.9973295658976662,0.9902383397236822,0.001753108292376937,0.004623288795008673,0.008576360080699553,0.004877487707903458
matrix_free_joint_rank8_int4_per_row_hadamard,pooled_router_square_compressed,576,768,39,32,0.7734781901041666,0.9892161788058784,0.9959380353872803,0.9989749410921577,0.9944679478618039,0.00036701135596888256,0.0014920658960297373,0.004911020149690327,0.0021206810269779504
matrix_free_joint_rank8_int4_per_row_hadamard,pooled_router_square_compressed,576,1152,0,32,0.7734781901041666,0.9993150529896327,0.9998509239840438,0.9999496371784642,0.9996369825104684,7.115573210044745e-05,0.00045689595213244116,0.0021948468107803047,0.0008545231141819619
matrix_free_joint_rank8_int4_per_row_hadamard,pooled_router_square_compressed,576,1152,4,32,0.7734781901041666,0.9906233733260573,0.9951511265194675,0.9981560823484457,0.99462317333697,0.0024312172969095493,0.005714529484797615,0.01263208221983362,0.007034055765943067
matrix_free_joint_rank8_int4_per_row_hadamard,pooled_router_square_compressed,576,1152,20,32,0.7734781901041666,0.9838005800179915,0.9910948239626376,0.9981472542397669,0.9909649511337723,0.0020003050045973247,0.005059939800530322,0.010483684318300202,0.005604099117993474
matrix_free_joint_rank8_int4_per_row_hadamard,pooled_router_square_compressed,576,1152,39,32,0.7734781901041666,0.9898510556677921,0.9962606641444347,0.9989734411947742,0.9946575942614754,0.00040888115173516316,0.001493421320073629,0.005786872788879949,0.0023103274266494597
matrix_free_joint_rank8_int4_per_row_hadamard,pooled_router_square_compressed,576,1536,0,32,0.7734781901041666,0.9993150529896327,0.9998509239840438,0.9999496371784642,0.9996369825104684,7.115573210044745e-05,0.00045689595213244116,0.0021948468107803047,0.0008545231141819619
matrix_free_joint_rank8_int4_per_row_hadamard,pooled_router_square_compressed,576,1536,4,32,0.7734781901041666,0.9906233733260573,0.9951511265194675,0.9981560823484457,0.9946247676391647,0.0024312172969095493,0.005714529484797615,0.01263208221983362,0.007035650068137774
matrix_free_joint_rank8_int4_per_row_hadamard,pooled_router_square_compressed,576,1536,20,32,0.7734781901041666,0.9838005800179915,0.9910948239626376,0.9981472542397669,0.9909663364636343,0.0020003050045973247,0.005059939800530322,0.010483684318300202,0.0056054844478554584
matrix_free_joint_rank8_int4_per_row_hadamard,pooled_router_square_compressed,576,1536,39,32,0.7734781901041666,0.9898510556677921,0.9962606641444347,0.9989734411947742,0.9946575942614754,0.00040888115173516316,0.001493421320073629,0.005786872788879949,0.0023103274266494597
matrix_free_joint_rank8_int4_per_row_hadamard,pooled_router_square_compressed,749,768,0,32,0.9987386067708334,0.9993858863164857,0.999906606181395,0.9999854028273865,0.9997677640084935,3.816431795400366e-06,1.9540982287458153e-05,0.00012854845609766577,4.780970297949341e-05
matrix_free_joint_rank8_int4_per_row_hadamard,pooled_router_square_compressed,749,768,4,32,0.9987386067708334,0.9925498214036333,0.9958824126967545,0.9980514181564027,0.9957949976830887,0.00016227220869677872,0.00035729096842263,0.0008591816237713435,0.00045620931733393946
matrix_free_joint_rank8_int4_per_row_hadamard,pooled_router_square_compressed,749,768,20,32,0.9987386067708334,0.9921216027256108,0.9953318224742793,0.9984137594092292,0.9950509202953137,0.00013746239332708133,0.00035069752870908744,0.0008461307020190657,0.00042531971756244735
matrix_free_joint_rank8_int4_per_row_hadamard,pooled_router_square_compressed,749,768,39,32,0.9987386067708334,0.9944528326589407,0.9981489713143737,0.9996037658183907,0.9974424252830595,3.2398061573069015e-05,0.00012579718793492844,0.00030845771920235966,0.00016263229155021736
matrix_free_joint_rank8_int4_per_row_hadamard,pooled_router_square_compressed,749,1152,0,32,0.9987386067708334,0.9999062757130892,0.9999941043952709,0.9999981944214557,0.9999635462583127,1.624800919926006e-05,0.00010949216342404089,0.0006531045355623213,0.0002435919527987336
matrix_free_joint_rank8_int4_per_row_hadamard,pooled_router_square_compressed,749,1152,4,32,0.9987386067708334,0.9963204597983847,0.9982277228438896,0.9993499518203075,0.9980109405040429,0.001051902745996014,0.0023890516307325527,0.004749267496144217,0.002672152138288239
matrix_free_joint_rank8_int4_per_row_hadamard,pooled_router_square_compressed,749,1152,20,32,0.9987386067708334,0.9941035136305051,0.996703590925079,0.9992728032552434,0.996692870956593,0.0007890858769948772,0.0018555014820699767,0.004015647794289268,0.002067270378841638
matrix_free_joint_rank8_int4_per_row_hadamard,pooled_router_square_compressed,749,1152,39,32,0.9987386067708334,0.9964350756754684,0.9986522612678782,0.9996435766193881,0.9981021718284452,0.00012288600237971847,0.0005449121642305821,0.0022261193476117566,0.0008223788369359462
matrix_free_joint_rank8_int4_per_row_hadamard,pooled_router_square_compressed,749,1536,0,32,0.9987386067708334,0.9999069533270001,0.9999941043952709,0.9999981944214557,0.99996480140497,1.624800919926006e-05,0.00010949216342404089,0.0006592030607595615,0.00024484709945594985
matrix_free_joint_rank8_int4_per_row_hadamard,pooled_router_square_compressed,749,1536,4,32,0.9987386067708334,0.9963204597983847,0.998238300534504,0.9993499518203075,0.9980204073080763,0.001051902745996014,0.0023890516307325527,0.004804469482898599,0.0026816189423215925
matrix_free_joint_rank8_int4_per_row_hadamard,pooled_router_square_compressed,749,1536,20,32,0.9987386067708334,0.9941035136305051,0.996703590925079,0.9992872189940228,0.9967027358374176,0.0007890858769948772,0.0018555014820699767,0.004015647794289268,0.002077135259666338
matrix_free_joint_rank8_int4_per_row_hadamard,pooled_router_square_compressed,749,1536,39,32,0.9987386067708334,0.9964350756754684,0.9986522612678782,0.9996435766193881,0.9981017791407045,0.00012288600237971847,0.0005449121642305821,0.0022148099406820074,0.00082198614919533
matrix_free_joint_rank8_int4_per_row_hadamard,pooled_router_square_compressed,768,768,0,32,1.0234781901041667,0.9993905423167465,0.9999066120978346,0.9999854028273865,0.9997681272114929,0.0,0.0,0.0,0.0
matrix_free_joint_rank8_int4_per_row_hadamard,pooled_router_square_compressed,768,768,4,32,1.0234781901041667,0.9927089486569691,0.9959920723136566,0.9980499812052697,0.9958670458357022,0.0,0.0,0.0,0.0
matrix_free_joint_rank8_int4_per_row_hadamard,pooled_router_square_compressed,768,768,20,32,1.0234781901041667,0.9923940095341394,0.9954133687183552,0.9984537727792905,0.995268766715907,0.0,0.0,0.0,0.0
matrix_free_joint_rank8_int4_per_row_hadamard,pooled_router_square_compressed,768,768,39,32,1.0234781901041667,0.9947227510997303,0.9982015715885022,0.999631462736945,0.9975455512232798,0.0,0.0,0.0,0.0
matrix_free_joint_rank8_int4_per_row_hadamard,pooled_router_square_compressed,768,1152,0,32,1.0234781901041667,0.9999270958478389,0.9999959543085045,0.9999989507143211,0.9999722251975854,1.2993961869300908e-05,9.158802902403673e-05,0.0005434674284828803,0.00020409798609255167
matrix_free_joint_rank8_int4_per_row_hadamard,pooled_router_square_compressed,768,1152,4,32,1.0234781901041667,0.9967076683754987,0.9984309886552019,0.9994286634942626,0.9982281719947874,0.0009430382332384247,0.002067568937571207,0.0040872689059629165,0.0023611261590852986
matrix_free_joint_rank8_int4_per_row_hadamard,pooled_router_square_compressed,768,1152,20,32,1.0234781901041667,0.994855965271104,0.9970769402904377,0.9993616120196053,0.9970578655233024,0.0006545279897771205,0.001612624044536659,0.003333043488027388,0.0017890988073954277
matrix_free_joint_rank8_int4_per_row_hadamard,pooled_router_square_compressed,768,1152,39,32,1.0234781901041667,0.9968313060769485,0.9987814598257976,0.9996776224088251,0.9983063398250066,0.0001255069039494239,0.0005418268563509021,0.00203743634430218,0.0007607886017267605
matrix_free_joint_rank8_int4_per_row_hadamard,pooled_router_square_compressed,768,1536,0,32,1.0234781901041667,0.9999288145766797,0.9999959543085045,0.9999989507143211,0.9999736463720054,1.2993961869300908e-05,9.158802902403673e-05,0.0005496230954122664,0.00020551916051254546
matrix_free_joint_rank8_int4_per_row_hadamard,pooled_router_square_compressed,768,1536,4,32,1.0234781901041667,0.9967076683754987,0.9984479822764138,0.9994285664599466,0.998236313243566,0.0009430382332384247,0.002067568937571207,0.0040872689059629165,0.002369267407863772
matrix_free_joint_rank8_int4_per_row_hadamard,pooled_router_square_compressed,768,1536,20,32,1.0234781901041667,0.994855965271104,0.9970769402904377,0.9993708266056549,0.9970617452874878,0.0006621382152012578,0.001612624044536659,0.003333043488027388,0.0017929785715807035
matrix_free_joint_rank8_int4_per_row_hadamard,pooled_router_square_compressed,768,1536,39,32,1.0234781901041667,0.9968313060769485,0.9987814598257976,0.9996776224088251,0.9983051971097634,0.0001255069039494239,0.0005418268563509021,0.002043618082874611,0.000759645886483553
matrix_free_joint_rank8_int4_per_row_hadamard,uniform_per_expert,384,384,0,32,0.5234781901041666,0.989144132662674,0.9962537154807871,0.9990832067678045,0.9944796064904659,0.0,0.0,0.0,0.0
matrix_free_joint_rank8_int4_per_row_hadamard,uniform_per_expert,384,384,4,32,0.5234781901041666,0.9428142872961257,0.9683942361317838,0.9835050364419963,0.9663153492335961,0.0,0.0,0.0,0.0
matrix_free_joint_rank8_int4_per_row_hadamard,uniform_per_expert,384,384,20,32,0.5234781901041666,0.9330816250562537,0.9610115687020693,0.987905235118614,0.9610838873696055,0.0,0.0,0.0,0.0
matrix_free_joint_rank8_int4_per_row_hadamard,uniform_per_expert,384,384,39,32,0.5234781901041666,0.9552050893900873,0.9830513242435097,0.9966744009721907,0.9784598991720999,0.0,0.0,0.0,0.0
matrix_free_joint_rank8_int4_per_row_hadamard,uniform_per_expert,576,576,0,32,0.7734781901041666,0.997247948153454,0.9993149403650564,0.9998380157875821,0.9987824593962865,0.0,0.0,0.0,0.0
matrix_free_joint_rank8_int4_per_row_hadamard,uniform_per_expert,576,576,4,32,0.7734781901041666,0.9787483152512041,0.9881375010511656,0.994226194595672,0.987589117571027,0.0,0.0,0.0,0.0
matrix_free_joint_rank8_int4_per_row_hadamard,uniform_per_expert,576,576,20,32,0.7734781901041666,0.975750998730912,0.9856156080804106,0.995760234822169,0.9853608520157787,0.0,0.0,0.0,0.0
matrix_free_joint_rank8_int4_per_row_hadamard,uniform_per_expert,576,576,39,32,0.7734781901041666,0.9847378029397603,0.9943341106856832,0.9988058454208869,0.9923472668348259,0.0,0.0,0.0,0.0
matrix_free_joint_rank8_int4_per_row_hadamard,uniform_per_expert,749,749,0,32,0.9987386067708334,0.9992628230044976,0.999885444139933,0.9999803741633934,0.999719954305514,0.0,0.0,0.0,0.0
matrix_free_joint_rank8_int4_per_row_hadamard,uniform_per_expert,749,749,4,32,0.9987386067708334,0.9921917857006898,0.9954766790234056,0.9978111627035355,0.9953387883657547,0.0,0.0,0.0,0.0
matrix_free_joint_rank8_int4_per_row_hadamard,uniform_per_expert,749,749,20,32,0.9987386067708334,0.9912897406501734,0.9949793463818729,0.9982565660900989,0.9946256005777514,0.0,0.0,0.0,0.0
matrix_free_joint_rank8_int4_per_row_hadamard,uniform_per_expert,749,749,39,32,0.9987386067708334,0.9943216168584978,0.9979714911863231,0.9995716662458556,0.9972797929915092,0.0,0.0,0.0,0.0
matrix_free_joint_rank8_int4_per_row_hadamard,uniform_per_expert,768,768,0,32,1.0234781901041667,0.9993905423167465,0.9999066120978346,0.9999854028273865,0.9997681272114929,0.0,0.0,0.0,0.0
matrix_free_joint_rank8_int4_per_row_hadamard,uniform_per_expert,768,768,4,32,1.0234781901041667,0.9927089486569691,0.9959920723136566,0.9980499812052697,0.9958670458357022,0.0,0.0,0.0,0.0
matrix_free_joint_rank8_int4_per_row_hadamard,uniform_per_expert,768,768,20,32,1.0234781901041667,0.9923940095341394,0.9954133687183552,0.9984537727792905,0.995268766715907,0.0,0.0,0.0,0.0
matrix_free_joint_rank8_int4_per_row_hadamard,uniform_per_expert,768,768,39,32,1.0234781901041667,0.9947227510997303,0.9982015715885022,0.999631462736945,0.9975455512232798,0.0,0.0,0.0,0.0
