factor_config_id,allocation_policy,mean_budget_pages_per_expert,burst_cap_pages_per_expert,groups,overall_average_bpw,selector_compute_macs,selector_dp_state_evaluations,selector_coordinate_sweeps_median,selector_local_passes_median,continuation_eligible,qenergy_recovery_p10,qenergy_recovery_median,qenergy_recovery_p90,qenergy_recovery_mean,additive_recovery_p10,additive_recovery_median,additive_recovery_p90,additive_recovery_mean,actual_total_bpw_p10,actual_total_bpw_median,actual_total_bpw_p90,actual_total_bpw_mean,paired_gain_vs_uniform_p10,paired_gain_vs_uniform_median,paired_gain_vs_uniform_p90,paired_gain_vs_uniform_mean,selector_runtime_ms_p10,selector_runtime_ms_median,selector_runtime_ms_p90,selector_runtime_ms_mean,actual_correction_pages_p10,actual_correction_pages_median,actual_correction_pages_p90,actual_correction_pages_mean
exact_proxy_rank4_fp16,pooled_exact_combined_moe_column_generated_local,745,1536,128,0.9987386067708334,39694080,50315264,2823.5,392.0,False,0.995719397176639,0.9988468811074227,0.999994834803535,0.9982592432529933,0.9957622562634177,0.9986176189216208,0.9999930746871989,0.9981531202323357,0.9977620442708334,0.9985758463541666,0.9987386067708334,0.9983749389648438,0.00010312990358218865,0.001472641448986678,0.004672996254504946,0.001858776421979476,61718.56479179114,84187.09236755967,86695.47229036689,79656.95590947871,744.25,744.875,745.0,744.720703125
exact_proxy_rank4_fp16,pooled_exact_combined_moe_oracle,745,1536,128,0.9987386067708334,33747200,50315264,2438.0,304.0,False,0.9955323902463795,0.9987845059042717,0.9999944530409227,0.9981886229163461,0.9955975568680712,0.9985750650858838,0.9999928878890066,0.9980984182561677,0.9967854817708334,0.9981689453125,0.9987386067708334,0.9979438781738282,0.00010066169001695658,0.001365598465535356,0.004482088896076153,0.0017881560853322959,50829.0088314563,65752.40965746343,67537.0469018817,62639.13054011937,743.5,744.5625,745.0,744.3896484375
exact_proxy_rank4_fp16,pooled_router_square_column_generated,745,1536,128,0.9987386067708334,39694080,50315264,2823.5,392.0,True,0.9956621892584715,0.9988186585214535,0.9999947112774269,0.9982279779991496,0.9958145044762229,0.9986331382840521,0.9999930840210144,0.9981748398661674,0.9975992838541666,0.9985758463541666,0.9987386067708334,0.9983456929524739,0.00010070523098782981,0.001397007331202904,0.004558546026957155,0.0018275111681358312,61611.89843341708,83871.90453428775,86382.27699138224,79399.39160554786,744.125,744.875,745.0,744.6982421875
exact_proxy_rank4_fp16,pooled_router_square_compressed,745,1536,128,0.9987386067708334,33747200,50315264,2438.0,304.0,True,0.9954449159995352,0.998775551187792,0.9999943809653751,0.9981576052055239,0.9956220091251428,0.9985771853775536,0.9999928878890066,0.9981064768777271,0.9974365234375,0.9984130859375,0.9987386067708334,0.9982083638509116,0.00010043227037510595,0.0013454979388914379,0.0041216472531853884,0.0017571383745100541,50701.38560831547,65579.96327802539,67381.89683239907,62497.21929979569,744.0,744.75,745.0,744.5927734375
exact_proxy_rank4_fp16,uniform_per_expert,745,745,128,0.9987386067708334,33747200,50315264,2438.0,304.0,True,0.9928313618692041,0.9968213235889192,0.999888062644548,0.9964004668310138,0.9921086898352433,0.9964381923216771,0.999870147041187,0.9962697984957074,0.9762776692708334,0.9788818359375,0.9818603515625,0.9783859252929686,0.0,0.0,0.0,0.0,50683.86874459684,65560.17345190048,67362.46463991702,62477.81615371059,727.75,729.75,732.0375,729.369140625
exact_proxy_rank4_fp32,pooled_exact_combined_moe_column_generated_local,729,1536,128,0.9987284342447916,39845888,50315264,2825.0,392.0,False,0.9953895557819781,0.998716057040183,0.9999922776151613,0.9980801318443093,0.9953385224212521,0.9984721171707311,0.9999904620316736,0.9979627684104208,0.9977518717447916,0.998565673828125,0.9987284342447916,0.998321533203125,9.223836915479567e-05,0.0013252973274103241,0.00422312558992871,0.0017220109677826955,62244.25759129226,83751.30089186132,86283.51499494165,79397.91132922983,728.25,728.875,729.0,728.6875
exact_proxy_rank4_fp32,pooled_exact_combined_moe_oracle,729,1536,128,0.9987284342447916,33625088,50315264,2436.5,304.0,False,0.995188782810916,0.9986738882500266,0.9999914951265946,0.9980053420910706,0.9952053664072038,0.9984251524140461,0.9999899614155175,0.9978967783700956,0.997052001953125,0.9982401529947916,0.9987284342447916,0.9979985555013021,8.260610507249135e-05,0.0012292605891514596,0.004190743801864848,0.0016472212145438184,51107.814525440335,65713.02009746432,66781.06380086392,62511.98213970929,727.7125,728.625,729.0,728.439453125
exact_proxy_rank4_fp32,pooled_router_square_column_generated,729,1536,128,0.9987284342447916,39845888,50315264,2825.0,392.0,True,0.9953191717312339,0.9986779003159076,0.9999920235343536,0.998044093863473,0.9953682674877579,0.9984950705010756,0.9999905958356463,0.9979831278409781,0.9977518717447916,0.998565673828125,0.9987284342447916,0.9984219868977864,8.473353710786169e-05,0.001283380058286987,0.004188230184376417,0.001685972986946305,61981.15877639502,83512.24397867918,86009.12585891783,79150.58710308222,728.25,728.875,729.0,728.7646484375
exact_proxy_rank4_fp32,pooled_router_square_compressed,729,1536,128,0.9987284342447916,33625088,50315264,2436.5,304.0,True,0.9951385996417649,0.9986476183499895,0.9999914255332703,0.9979740836458397,0.9952524643562203,0.9984401532374585,0.9999900162760779,0.9979147727727249,0.997100830078125,0.9982401529947916,0.9987284342447916,0.9980608622233074,8.221970019716141e-05,0.0011669362383035509,0.004186706938201334,0.0016159627693130077,50908.85530076921,65589.83074687421,66684.95654202998,62375.47266515321,727.75,728.625,729.0,728.4873046875
exact_proxy_rank4_fp32,uniform_per_expert,729,729,128,0.9987284342447916,33625088,50315264,2436.5,304.0,True,0.9927703115852672,0.9968343747509334,0.9998902400831284,0.9963581208765266,0.9920655224223566,0.9964499298451914,0.9998698880976238,0.9962368044527486,0.996612548828125,0.9987284342447916,0.9987284342447916,0.9974479675292967,0.0,0.0,0.0,0.0,50891.433574445546,65569.98079456389,66665.84344804287,62356.41949674755,727.375,729.0,729.0,728.0166015625
exact_proxy_rank4_int4_per_row_hadamard,pooled_exact_combined_moe_column_generated_local,753,1536,128,0.9987386067708334,39918848,50315264,2823.0,390.0,False,0.9960456196193844,0.9989093079852194,0.999995613557613,0.9983233711605586,0.9959577802184966,0.9986689573758165,0.9999943011385145,0.9982101560443075,0.9975992838541666,0.9985758463541666,0.9987386067708334,0.9982961018880209,7.713559421678175e-05,0.0011826985219097197,0.004069172827222966,0.0015767164923445182,62611.773743480444,83739.03037142009,86556.26392178237,79416.19240636646,752.125,752.875,753.0,752.66015625
exact_proxy_rank4_int4_per_row_hadamard,pooled_exact_combined_moe_oracle,753,1536,128,0.9987386067708334,34462208,50315264,2437.0,304.0,False,0.9959539200080963,0.9988754859218146,0.9999952977756346,0.9982627645727753,0.9958862728673257,0.9986271182777862,0.9999938883426186,0.9981671363573623,0.9968994140625,0.9982503255208334,0.9987386067708334,0.9979337056477865,7.689923934759424e-05,0.001128361264231048,0.003970119352122181,0.0015161099045614265,50910.5954060331,65678.5580990836,67372.71650526673,62733.46043402853,751.5875,752.625,753.0,752.3818359375
exact_proxy_rank4_int4_per_row_hadamard,pooled_router_square_column_generated,753,1536,128,0.9987386067708334,39918848,50315264,2823.0,390.0,True,0.9959026317130112,0.998869448260264,0.999995517184713,0.9982811417030211,0.9959829796912997,0.9986749763711644,0.9999943196934041,0.9982309418608158,0.9979248046875,0.9985758463541666,0.9987386067708334,0.9984385172526042,6.524938388396961e-05,0.0011228526604691869,0.003973359320935254,0.0015344870348071643,62294.704448617995,83537.49791253358,86318.4587592259,79149.74725639331,752.375,752.875,753.0,752.76953125
exact_proxy_rank4_int4_per_row_hadamard,pooled_router_square_compressed,753,1536,128,0.9987386067708334,34462208,50315264,2437.0,304.0,True,0.9958331200049633,0.9988390734909998,0.9999952902032665,0.9982315134368902,0.9958764813272623,0.9986391417495943,0.9999939069582254,0.9981757079540831,0.9975992838541666,0.9984130859375,0.9987386067708334,0.9982503255208333,6.295174571635531e-05,0.0010171049804597598,0.003964666916715875,0.0014848587686761517,50652.887264825404,65558.31001140177,67161.6459120065,62595.06698139012,752.125,752.75,753.0,752.625
exact_proxy_rank4_int4_per_row_hadamard,uniform_per_expert,753,753,128,0.9987386067708334,34462208,50315264,2437.0,304.0,True,0.9932483690832096,0.9971212629228127,0.9999172871295308,0.996746654668214,0.9930190929446525,0.9968053044441001,0.9998980741944615,0.9966373622782206,0.9863688151041666,0.9935302734375,0.9936930338541666,0.990997314453125,0.0,0.0,0.0,0.0,50634.856728464365,65530.30170314014,67141.80111214519,62575.21770300809,743.5,749.0,749.125,747.0546875
exact_proxy_rank4_int8_per_row,pooled_exact_combined_moe_column_generated_local,749,1536,128,0.9987386067708334,41192704,50315264,2820.5,389.0,False,0.9958081933893821,0.9988653442143911,0.9999952939937539,0.9983042414548057,0.9958330733272632,0.9986359709947613,0.9999938346389873,0.9981990048120406,0.9974365234375,0.9984130859375,0.9987386067708334,0.9982732137044271,7.993479182673014e-05,0.0011855408402847156,0.003834538159285993,0.00153860024118058,62850.757947564125,83899.10581428558,87252.02329903841,79652.20588289958,748.0,748.75,749.0,748.642578125
exact_proxy_rank4_int8_per_row,pooled_exact_combined_moe_oracle,749,1536,128,0.9987386067708334,34694144,50315264,2438.0,304.0,False,0.9956927649032635,0.9988208139517548,0.9999948614477064,0.998232019519435,0.9957438862467036,0.9985937765194546,0.9999936663494461,0.9981445954116188,0.9972737630208334,0.9982503255208334,0.9987386067708334,0.9980176289876301,6.94040853062683e-05,0.00109442056605763,0.003685681512397519,0.0014663783058098219,51092.45384018868,65644.7844253853,67541.0932123661,62730.21980904741,747.875,748.625,749.0,748.4462890625
exact_proxy_rank4_int8_per_row,pooled_router_square_column_generated,749,1536,128,0.9987386067708334,41192704,50315264,2820.5,389.0,True,0.9957257414355197,0.9988377895440177,0.9999952939937539,0.9982730192618758,0.9959877134224154,0.9986550280490232,0.9999938346389873,0.9982234485743208,0.9975992838541666,0.9985758463541666,0.9987386067708334,0.9983685811360679,7.17577478467013e-05,0.0011286537349677883,0.003779992517847085,0.0015073780482507057,62741.823897883296,83641.01528935134,87020.04148289561,79397.61033731338,748.125,748.875,749.0,748.7158203125
exact_proxy_rank4_int8_per_row,pooled_router_square_compressed,749,1536,128,0.9987386067708334,34694144,50315264,2438.0,304.0,True,0.9956357378371886,0.9988013858978436,0.9999948614477064,0.9982052616523033,0.9957597185207515,0.9986043840908507,0.9999936663494461,0.9981546157642653,0.9974365234375,0.9982503255208334,0.9987386067708334,0.9981307983398438,6.612942868426952e-05,0.001048769406897243,0.003675370282939326,0.0014396204386781996,50994.90874558687,65547.75513149798,67482.53795616329,62607.408236319316,748.0,748.625,749.0,748.533203125
exact_proxy_rank4_int8_per_row,uniform_per_expert,749,749,128,0.9987386067708334,34694144,50315264,2438.0,304.0,True,0.9933233850800205,0.9971228356352515,0.9999140358643057,0.996765641213625,0.9930401212561607,0.9967727180826633,0.9998944326734847,0.9966545720649987,0.9915283203125,0.9987386067708334,0.9987386067708334,0.9959526062011721,0.0,0.0,0.0,0.0,50975.86032524705,65528.02366018295,67462.74027619511,62587.98479223333,743.4625,749.0,749.0,746.8603515625
exact_proxy_rank4_int8_plus_euclidean_tail4_int4,pooled_exact_combined_moe_column_generated_local,741,1536,128,0.9987386067708334,60638208,50315264,2825.0,392.5,False,0.9957571076351696,0.9988447854215144,0.999994436559209,0.9982342428187857,0.9957954422726064,0.998590368481129,0.9999925288722025,0.9981241230548794,0.9975992838541666,0.9985758463541666,0.9987386067708334,0.998326619466146,0.00010347032722830551,0.0014759772356552903,0.004477270389005605,0.0018362181526851316,62822.14185278863,83871.20436877012,86397.75611367077,79476.52099102561,740.125,740.875,741.0,740.68359375
exact_proxy_rank4_int8_plus_euclidean_tail4_int4,pooled_exact_combined_moe_oracle,741,1536,128,0.9987386067708334,52473344,50315264,2439.5,304.0,False,0.9955906718499833,0.9988048986513716,0.99999404292633,0.9981673273987242,0.9956492924131947,0.9985301322753999,0.9999921049885105,0.9980714394504286,0.9967854817708334,0.9982503255208334,0.9987386067708334,0.9980023701985676,0.00010326053098679289,0.001402116944325793,0.004395828911944277,0.0017693027326236826,51047.17922452837,65792.21126344055,66798.19860495627,62623.764342439245,739.5,740.625,741.0,740.4345703125
exact_proxy_rank4_int8_plus_euclidean_tail4_int4,pooled_router_square_column_generated,741,1536,128,0.9987386067708334,60638208,50315264,2825.0,392.5,True,0.9956133399784936,0.9987959940583498,0.9999943914461664,0.9981988449094152,0.9958030590620183,0.9986112892169154,0.9999925318804568,0.9981504932806395,0.9978759765625,0.9985758463541666,0.9987386067708334,0.998455047607422,0.00010333948411307414,0.0014129517281974424,0.004467047299236415,0.001800820243314634,62542.53821577877,83684.75125636905,86110.8871564269,79222.67631268187,740.3375,740.875,741.0,740.7822265625
exact_proxy_rank4_int8_plus_euclidean_tail4_int4,pooled_router_square_compressed,741,1536,128,0.9987386067708334,52473344,50315264,2439.5,304.0,True,0.9955262923187462,0.9987806539861032,0.99999404292633,0.9981417953131223,0.9956454832135853,0.9985567245801614,0.9999921133313616,0.9980870479314546,0.9975504557291667,0.9984130859375,0.9987386067708334,0.9982070922851562,8.890178252114467e-05,0.001326897160056073,0.004383636730127793,0.0017437706470217907,50954.37217038125,65641.17548801005,66659.1647643596,62489.192217210075,740.0875,740.75,741.0,740.591796875
exact_proxy_rank4_int8_plus_euclidean_tail4_int4,uniform_per_expert,741,741,128,0.9987386067708334,52473344,50315264,2439.5,304.0,True,0.9924540820935359,0.9968410021268956,0.9998896651634793,0.9963980246661005,0.9921658399410758,0.9964994660956261,0.9998722472855417,0.996273615329102,0.9809977213541666,0.9831136067708334,0.9853759765625,0.982830047607422,0.0,0.0,0.0,0.0,50936.59826721996,65621.09558004886,66639.69656713307,62469.92613225302,727.375,729.0,730.7375,728.7822265625
matrix_free_joint_rank8_int4_per_row_hadamard,pooled_equal_weight_compressed,384,1536,128,0.5234781901041666,51343360,50315264,2447.0,304.0,False,0.9452299777020666,0.9789945502271202,0.9979231399233771,0.9761137333410097,0.9503865570264225,0.9775247881568876,0.9973488681945197,0.9759232562392082,0.5216878255208334,0.5228271484375,0.5234781901041666,0.5227063496907551,-0.0008738038666742608,0.0018343509512423473,0.0070873028005580254,0.001029047774567928,50775.75301211327,65840.86897596717,66789.46522027254,62645.13001672458,382.625,383.5,384.0,383.4072265625
matrix_free_joint_rank8_int4_per_row_hadamard,pooled_exact_combined_moe_column_generated_local,384,1536,128,0.5234781901041666,62635008,50315264,2837.0,394.0,False,0.9688711009679032,0.9906610941870555,0.998891493940977,0.986308409533763,0.9678730667659073,0.9890224477224212,0.9984298865500674,0.9855887618966165,0.5218505859375,0.5229899088541666,0.5234781901041666,0.5228513081868489,0.0013855664328984774,0.007692364516127481,0.02581463551146472,0.011223723967321055,66304.1321054101,83866.44456814975,86582.12281335145,80293.84835228848,382.75,383.625,384.0,383.5185546875
matrix_free_joint_rank8_int4_per_row_hadamard,pooled_exact_combined_moe_oracle,384,1536,128,0.5234781901041666,51343360,50315264,2447.0,304.0,False,0.9677916550986259,0.9901747010559201,0.9988238600388306,0.9857461812471171,0.96741237175311,0.9888013576951546,0.9983711277833338,0.985287018225345,0.5211507161458333,0.5228271484375,0.5234781901041666,0.5225232442220052,0.001299037035180628,0.007184310486658685,0.025013562449910782,0.010661495680675377,50892.828004807234,65881.1208140105,66874.32568427175,62710.408123995876,382.2125,383.5,384.0,383.2666015625
matrix_free_joint_rank8_int4_per_row_hadamard,pooled_router_square_column_generated,384,768,128,0.5234781901041666,62454784,50315264,2823.0,397.5,True,0.9678652874662417,0.9901879317193507,0.9988516922468461,0.985861422648845,0.9691833947060288,0.9888366322496016,0.9984516891831392,0.9856647246614434,0.5225016276041666,0.5233154296875,0.5234781901041666,0.5230865478515625,0.001369183630893478,0.0070420099523229585,0.025215667710549932,0.010776737082403206,65617.0931275934,83075.48981159925,85416.51072446257,79524.12351466774,383.25,383.875,384.0,383.69921875
matrix_free_joint_rank8_int4_per_row_hadamard,pooled_router_square_column_generated,384,1152,128,0.5234781901041666,62635008,50315264,2837.0,394.0,True,0.9678652874662417,0.9904174408523981,0.9988643944335137,0.9859686224378521,0.9691083602355641,0.9891640708992292,0.9984516891831392,0.9857997914993784,0.5225016276041666,0.5231526692708334,0.5234781901041666,0.5230789184570312,0.001369183630893478,0.0070420099523229585,0.024854114533815513,0.010883936871410396,66211.71252895147,83280.11116571724,85737.3314699158,79737.3811553989,383.25,383.75,384.0,383.693359375
matrix_free_joint_rank8_int4_per_row_hadamard,pooled_router_square_column_generated,384,1536,128,0.5234781901041666,62635008,50315264,2837.0,394.0,True,0.9678652874662417,0.9904174408523981,0.9988643944335137,0.9859701337348494,0.9691083602355641,0.9891640708992292,0.9984516891831392,0.9858004304854411,0.5225016276041666,0.5231526692708334,0.5234781901041666,0.5230776468912761,0.001369183630893478,0.0070420099523229585,0.024854114533815513,0.010885448168407733,66230.16177527606,83811.80169247091,86354.05737888068,80133.93911173625,383.25,383.75,384.0,383.6923828125
matrix_free_joint_rank8_int4_per_row_hadamard,pooled_router_square_compressed,384,768,128,0.5234781901041666,51343360,50315264,2447.0,304.0,True,0.9674414703941856,0.9898850656296365,0.9987809306776827,0.9853897791025849,0.967632881777639,0.988558543410762,0.9983762649032706,0.9852005106051703,0.5211995442708334,0.5228271484375,0.5234781901041666,0.5225931803385416,0.0012839491886259436,0.0068913385577375474,0.02498380535181614,0.010305093536143096,50771.973078884184,65835.93385852873,66784.4151141122,62640.84422192536,382.25,383.5,384.0,383.3203125
matrix_free_joint_rank8_int4_per_row_hadamard,pooled_router_square_compressed,384,1152,128,0.5234781901041666,51343360,50315264,2447.0,304.0,True,0.9674414703941856,0.990112640620156,0.9988066984774515,0.9855306158556132,0.967632881777639,0.9887242440171435,0.9983762649032706,0.9853620952429393,0.5211995442708334,0.5228271484375,0.5233642578125,0.52252197265625,0.0012839491886259436,0.006927406659308355,0.02440527561063887,0.01044593028917146,50773.263890855014,65837.83213049173,66786.52457315475,62642.645220053964,382.25,383.5,383.9125,383.265625
matrix_free_joint_rank8_int4_per_row_hadamard,pooled_router_square_compressed,384,1536,128,0.5234781901041666,51343360,50315264,2447.0,304.0,True,0.9674414703941856,0.990112640620156,0.9988066984774515,0.985530264835063,0.967632881777639,0.9887242440171435,0.9983762649032706,0.9853620611678169,0.5211995442708334,0.5228271484375,0.5234781901041666,0.5225257873535156,0.0012839491886259436,0.006927406659308355,0.02440527561063887,0.010445579268621337,50773.66757709533,65840.96281416714,66789.47919905186,62644.792615028564,382.25,383.5,384.0,383.2685546875
matrix_free_joint_rank8_int4_per_row_hadamard,uniform_per_expert,384,384,128,0.5234781901041666,51343360,50315264,2447.0,304.0,True,0.951754168146327,0.9782293770486596,0.9969803352786494,0.9750846855664417,0.9491359581163515,0.9763365698093357,0.9959804716371989,0.9744922170173647,0.5214762369791667,0.5234781901041666,0.5234781901041666,0.5229606628417969,0.0,0.0,0.0,0.0,50760.543490573764,65827.5933964178,66775.58013908565,62631.64870545734,382.4625,384.0,384.0,383.6025390625
matrix_free_joint_rank8_int4_per_row_hadamard,pooled_equal_weight_compressed,576,1536,128,0.7734781901041666,51343360,50315264,2447.0,304.0,False,0.9813075434058405,0.9925435514255101,0.9997511836038943,0.9914653812747531,0.9827887404057126,0.99201008212077,0.9997056524403948,0.9913903965018502,0.7721272786458333,0.7729899088541666,0.7734781901041666,0.7728767395019531,-0.00037837255966590707,0.0006280767623361716,0.003358762622616384,0.0004454573202736147,50778.390029631555,65844.58012413234,66797.93634135276,62648.77443037403,574.9625,575.625,576.0,575.5380859375
matrix_free_joint_rank8_int4_per_row_hadamard,pooled_exact_combined_moe_column_generated_local,576,1536,128,0.7734781901041666,61645824,50315264,2839.0,398.0,False,0.9889521432508525,0.996828882165031,0.999880670519625,0.9952351951978649,0.9884986844699004,0.9962165786618555,0.9998482947293614,0.9949744751905197,0.7721272786458333,0.7731526692708334,0.7734781901041666,0.772936503092448,0.00033704429407201977,0.00304192089286498,0.010338903283180522,0.0042152712433853635,65565.42699281126,84759.03008040041,86872.43642229587,80663.09222306882,574.9625,575.75,576.0,575.583984375
matrix_free_joint_rank8_int4_per_row_hadamard,pooled_exact_combined_moe_oracle,576,1536,128,0.7734781901041666,51343360,50315264,2447.0,304.0,False,0.9883290385528086,0.9966592597052897,0.9998743175372907,0.9950398626548742,0.9880937965014795,0.99614096942927,0.9998377022296246,0.9948261583405791,0.7713134765625,0.7728271484375,0.7734781901041666,0.7726058959960938,0.0003216191618869879,0.0028563236770931533,0.009565789753991326,0.004019938700394696,50954.92288097739,65901.38893947005,66920.77400200069,62752.09929216362,574.3375,575.5,576.0,575.330078125
matrix_free_joint_rank8_int4_per_row_hadamard,pooled_router_square_column_generated,576,768,128,0.7734781901041666,62144000,50315264,2803.5,400.0,True,0.9882695713333705,0.9957388136505092,0.9998494451334232,0.9946301780006697,0.988353947615351,0.995388345472674,0.9997920367510168,0.994485297951524,0.7725016276041666,0.7733154296875,0.7734781901041666,0.7730929056803384,0.0002996140242843226,0.0027051947260358644,0.008297337836252772,0.003610254046190124,64117.228113114834,83783.3769004792,85837.01739702374,79688.54216455657,575.25,575.875,576.0,575.7041015625
matrix_free_joint_rank8_int4_per_row_hadamard,pooled_router_square_column_generated,576,1152,128,0.7734781901041666,61645824,50315264,2837.5,398.0,True,0.9888632567431525,0.9967434679069829,0.9998777884868131,0.9951417615793803,0.9886201207929823,0.9962801915941792,0.9998482738290567,0.9950204070630833,0.7724527994791667,0.7731526692708334,0.7734781901041666,0.7730573018391926,0.0003183252218101451,0.0029238073707293366,0.010174100216935732,0.004121837624900697,65272.32522889972,84070.51112223417,86094.86845768988,80040.16536514973,575.2125,575.75,576.0,575.6767578125
matrix_free_joint_rank8_int4_per_row_hadamard,pooled_router_square_column_generated,576,1536,128,0.7734781901041666,61645824,50315264,2839.0,398.0,True,0.9888632567431525,0.9967434679069829,0.9998777884868131,0.9951425354065825,0.9886201207929823,0.9962801915941792,0.9998482738290567,0.9950209795144551,0.7724527994791667,0.7731526692708334,0.7734781901041666,0.7730522155761719,0.0003183252218101451,0.0029238073707293366,0.010174100216935732,0.00412261145210304,65315.65190479159,84616.97273235768,86689.0807820484,80449.44405277784,575.2125,575.75,576.0,575.6728515625
matrix_free_joint_rank8_int4_per_row_hadamard,pooled_router_square_compressed,576,768,128,0.7734781901041666,51343360,50315264,2447.0,304.0,True,0.9877950869548724,0.9955716216800832,0.9998353450776967,0.994445346380946,0.9878407128596122,0.9952056410244283,0.9997775469229491,0.9942873257704845,0.7718505859375,0.7731526692708334,0.7734781901041666,0.7728602091471353,0.00029100339674865695,0.0025762717564035142,0.007821940888535273,0.003425422426466461,50776.24503802508,65837.56645675749,66786.17162704468,62642.5410718075,574.75,575.75,576.0,575.525390625
matrix_free_joint_rank8_int4_per_row_hadamard,pooled_router_square_compressed,576,1152,128,0.7734781901041666,51343360,50315264,2447.0,304.0,True,0.9882988039018868,0.996582716385286,0.9998734822317376,0.9949706753106715,0.9882097663621024,0.99614096942927,0.9998382397849113,0.9948533364642698,0.7720133463541666,0.7729899088541666,0.7734781901041666,0.7728258768717448,0.0003119130953663785,0.0027266677462865485,0.009523528469078313,0.003950751356191991,50777.6525458321,65840.31640831381,66789.46560341865,62645.327065794845,574.875,575.625,576.0,575.4990234375
matrix_free_joint_rank8_int4_per_row_hadamard,pooled_router_square_compressed,576,1536,128,0.7734781901041666,51343360,50315264,2447.0,304.0,True,0.9882988039018868,0.996582716385286,0.9998734822317376,0.9949714202186857,0.9882097663621024,0.99614096942927,0.9998382397849113,0.9948538343387765,0.7720133463541666,0.7729899088541666,0.7734781901041666,0.7728258768717448,0.0003119130953663785,0.0027266677462865485,0.009523528469078313,0.0039514962642061635,50778.06741371751,65844.59802880883,66793.4061454609,62648.228702906636,574.875,575.625,576.0,575.4990234375
matrix_free_joint_rank8_int4_per_row_hadamard,uniform_per_expert,576,576,128,0.7734781901041666,51343360,50315264,2447.0,304.0,True,0.9812299128458676,0.9921470161775253,0.9994279177961048,0.9910199239544795,0.9809846465170796,0.9911718084420147,0.999303885644908,0.9907763213878316,0.7714762369791667,0.7734781901041666,0.7734781901041666,0.7729199727376301,0.0,0.0,0.0,0.0,50760.54081618786,65827.57210265845,66775.56258719414,62631.62172383454,574.4625,576.0,576.0,575.5712890625
matrix_free_joint_rank8_int4_per_row_hadamard,pooled_equal_weight_compressed,749,1536,128,0.9987386067708334,51343360,50315264,2447.0,304.0,False,0.9928168827662406,0.9973567773876761,0.9999896670250893,0.996920128055366,0.9934172353629462,0.9970935656624728,0.9999889256196222,0.9968587901533085,0.9977620442708334,0.9985758463541666,0.9987386067708334,0.9983571370442708,-8.311989191023239e-06,0.00019373887023499403,0.0012647312115456665,0.00017909399523366714,50780.5601304397,65847.63671923429,66796.0735142231,62651.770003983984,748.25,748.875,749.0,748.70703125
matrix_free_joint_rank8_int4_per_row_hadamard,pooled_exact_combined_moe_column_generated_local,749,1536,128,0.9987386067708334,60414976,50315264,2833.0,389.0,False,0.9959750210220888,0.9988596993312876,0.9999951123742532,0.9982897895617349,0.9958088349928937,0.9986257535141234,0.9999936063081106,0.9981762641859785,0.9975992838541666,0.9984130859375,0.9987386067708334,0.9983189900716146,7.574071559437459e-05,0.0011629196947157694,0.003984240257115623,0.0015487555016026194,62278.33682708442,84051.14619620144,86988.54495566338,79702.05711832386,748.125,748.75,749.0,748.677734375
matrix_free_joint_rank8_int4_per_row_hadamard,pooled_exact_combined_moe_global_bound,749,1536,128,0.9987386067708334,60414976,50315264,2833.0,389.0,False,0.9959750210220888,0.9988596993312876,0.9999951123742532,0.998289790252021,0.9958088349928937,0.9986257535141234,0.9999935552626317,0.9981762634189135,0.9975992838541666,0.9984130859375,0.9987386067708334,0.998315175374349,7.574071559437459e-05,0.0011629196947157694,0.003984240257115623,0.0015487561918886665,65063.88843972236,87235.85854656994,90205.39937242866,82744.95140365616,748.125,748.75,749.0,748.6748046875
matrix_free_joint_rank8_int4_per_row_hadamard,pooled_exact_combined_moe_oracle,749,1536,128,0.9987386067708334,51343360,50315264,2447.0,304.0,False,0.9958792478011488,0.9988464444203027,0.999994826161856,0.9982259615845829,0.9957468509066606,0.9985986865199141,0.9999934298027967,0.998126134815563,0.9967366536458333,0.9982503255208334,0.9987386067708334,0.9979591369628906,6.733774972138562e-05,0.0010873422843407643,0.0038862681121599294,0.0014849275244505373,50854.6583769843,65946.82797137648,67001.54537018389,62784.74131655821,747.4625,748.625,749.0,748.4013671875
matrix_free_joint_rank8_int4_per_row_hadamard,pooled_router_square_column_generated,749,768,128,0.9987386067708334,57326592,50315264,2725.0,401.0,True,0.9939189262871692,0.9974546420360325,0.9999309992664469,0.9971404411134955,0.9937185675572108,0.9970980394646389,0.9999272495741912,0.9970320528729042,0.9922281901041666,0.9980875651041666,0.9987386067708334,0.9952112833658855,1.9563056623561616e-05,0.00032150690249477254,0.0009556595377402721,0.000399407053363221,59015.96430875361,82900.29423683882,85523.11110682786,78029.2225429439,744.0,748.5,749.0,746.291015625
matrix_free_joint_rank8_int4_per_row_hadamard,pooled_router_square_column_generated,749,1152,128,0.9987386067708334,60414976,50315264,2828.0,391.0,True,0.9958876874571688,0.9988320727080622,0.9999948790147647,0.9982541180199735,0.9958855867282749,0.9986477145952591,0.9999936172144278,0.9981988170543125,0.9979248046875,0.9985758463541666,0.9987386067708334,0.9984461466471355,6.672313117013217e-05,0.0011213265314543586,0.003949776162783391,0.0015130839598412145,61823.787334002554,83273.74482061714,86279.79554086924,79009.21373270103,748.375,748.875,749.0,748.775390625
matrix_free_joint_rank8_int4_per_row_hadamard,pooled_router_square_column_generated,749,1536,128,0.9987386067708334,60414976,50315264,2833.0,389.0,True,0.9958876874571688,0.9988460996473234,0.9999948790147647,0.9982583391256004,0.9958855867282749,0.9986528634634733,0.9999936172144278,0.9982025146411829,0.9979248046875,0.9985758463541666,0.9987386067708334,0.9984410603841145,6.672313117013217e-05,0.0011213265314543586,0.003946529495441686,0.0015173050654680772,61997.39181995392,83838.24461419135,86820.71504052728,79428.33526717732,748.375,748.875,749.0,748.771484375
matrix_free_joint_rank8_int4_per_row_hadamard,pooled_router_square_compressed,749,768,128,0.9987386067708334,51343360,50315264,2447.0,304.0,True,0.9937034068829177,0.9972856616311474,0.9999289768971822,0.9970140268174889,0.9934229862177665,0.9969409624449431,0.9999217344322731,0.9969037229502573,0.9922281901041666,0.9975992838541666,0.9987386067708334,0.9963162740071614,1.5692858569404945e-05,0.00017742495347017329,0.000745976766688372,0.0002729927573565244,50775.91001000255,65838.33728730679,66787.33219299465,62643.23295018403,744.0,748.125,749.0,747.1396484375
matrix_free_joint_rank8_int4_per_row_hadamard,pooled_router_square_compressed,749,1152,128,0.9987386067708334,51343360,50315264,2447.0,304.0,True,0.995761261455678,0.9987669833411892,0.9999947448919361,0.9981923823868485,0.9957401694395239,0.9986242994432096,0.9999934088874675,0.9981362148546853,0.9974365234375,0.9984130859375,0.9987386067708334,0.9981956481933594,6.397239323748804e-05,0.0010402388025957943,0.0038480892359309066,0.0014513483267161393,50780.04195224494,65842.27618388832,66791.08098838478,62647.199773724424,748.0,748.75,749.0,748.5830078125
matrix_free_joint_rank8_int4_per_row_hadamard,pooled_router_square_compressed,749,1536,128,0.9987386067708334,51343360,50315264,2447.0,304.0,True,0.995761261455678,0.9988117627770534,0.9999947448919361,0.9981974309227922,0.9957401694395239,0.9986252024044726,0.9999934088874675,0.9981397500983055,0.9974365234375,0.9984130859375,0.9987386067708334,0.9982007344563801,6.397239323748804e-05,0.0010402388025957943,0.0038480892359309066,0.0014563968626598025,50780.59611078352,65847.06791862845,66795.4391349107,62651.47804976732,748.0,748.75,749.0,748.5869140625
matrix_free_joint_rank8_int4_per_row_hadamard,uniform_per_expert,749,749,128,0.9987386067708334,51343360,50315264,2447.0,304.0,True,0.9933669150115741,0.9971029362035091,0.9999123131129796,0.9967410340601324,0.9929192731919534,0.9967619022995248,0.9999040322431932,0.9966221046038295,0.9915771484375,0.9985758463541666,0.9987386067708334,0.9959793090820314,0.0,0.0,0.0,0.0,50760.55614892393,65827.58128363639,66775.57755112648,62631.63603011344,743.5,748.875,749.0,746.880859375
matrix_free_joint_rank8_int4_per_row_hadamard,pooled_equal_weight_compressed,768,1536,128,1.0234781901041667,51343360,50315264,2447.0,304.0,False,0.9939883979141976,0.9975581403085032,0.9999929801577063,0.9972649015466761,0.9940731338835374,0.9973050592130974,0.9999917400285693,0.9972175403928374,1.0223388671875,1.0233154296875,1.0234781901041667,1.0230433146158853,-3.650518148843316e-05,0.00017951188781739624,0.0012384303806093231,0.00015252880008056243,50781.86604492366,65848.03297370672,66796.82518299669,62651.994309781,767.125,767.875,768.0,767.666015625
matrix_free_joint_rank8_int4_per_row_hadamard,pooled_exact_combined_moe_column_generated_local,768,1536,128,1.0234781901041667,59196416,50315264,2834.0,391.0,False,0.9964582760388586,0.9989909205059069,0.9999969751014696,0.9984831668943097,0.9962902339605649,0.998793299936994,0.9999961867685544,0.9983807426158695,1.0221761067708333,1.0231526692708333,1.0234781901041667,1.022992451985677,5.6416075261334074e-05,0.0010546263074825979,0.003405921002481171,0.0013707941477142244,62274.3968276307,83990.587528795,86541.72237180173,79358.34824941412,767.0,767.75,768.0,767.626953125
matrix_free_joint_rank8_int4_per_row_hadamard,pooled_exact_combined_moe_oracle,768,1536,128,1.0234781901041667,51343360,50315264,2447.0,304.0,False,0.9963666009570311,0.9989845037988301,0.9999967282190014,0.9984197643287801,0.9962110348598173,0.9987504994350258,0.9999959263431115,0.9983354336961057,1.0218505859375,1.0229899088541667,1.0234781901041667,1.0227584838867188,5.1487095004276734e-05,0.0009563426824796273,0.003190885596605197,0.001307391582184684,50857.216926291585,65945.44251728803,66887.67476361245,62778.99879064353,766.75,767.625,768.0,767.447265625
matrix_free_joint_rank8_int4_per_row_hadamard,pooled_router_square_column_generated,768,768,128,1.0234781901041667,57244672,50315264,2682.5,403.0,True,0.9940486159382739,0.9975432992987858,0.9999310046611859,0.9972337747298283,0.9939408978590382,0.9972508976808447,0.999927255569792,0.9971272266385858,0.9929117838541667,1.0234781901041667,1.0234781901041667,1.0163052876790364,1.674517267324927e-06,8.11284654721467e-05,0.00028459506553457636,0.00012140198323288675,58816.38027038425,82463.5325409472,84571.98769748211,77545.17897576443,744.525,768.0,768.0,762.4912109375
matrix_free_joint_rank8_int4_per_row_hadamard,pooled_router_square_column_generated,768,1152,128,1.0234781901041667,59196416,50315264,2828.0,392.0,True,0.9962831291186351,0.9989583114359204,0.9999968780183703,0.9984468504267632,0.9963536569902318,0.9987914804107193,0.9999962031244978,0.998398815530923,1.0226643880208333,1.0233154296875,1.0234781901041667,1.0231781005859373,5.63944540382888e-05,0.0009953391933268385,0.0033274543159107378,0.0013344776801676754,61851.756044104695,83300.98637845367,85516.23289808631,78708.07435316965,767.375,767.875,768.0,767.76953125
matrix_free_joint_rank8_int4_per_row_hadamard,pooled_router_square_column_generated,768,1536,128,1.0234781901041667,59196416,50315264,2834.0,391.0,True,0.9962831291186351,0.9989712261360459,0.9999968780183703,0.9984509758738094,0.9963536569902318,0.9987914804107193,0.9999962031244978,0.9984032234134158,1.0225016276041667,1.0233154296875,1.0234781901041667,1.0231806437174478,5.63944540382888e-05,0.0009953391933268385,0.0033546135902671964,0.0013386031272139415,61831.684641726315,83761.47530786693,86205.9045188129,79084.19737800432,767.25,767.875,768.0,767.771484375
matrix_free_joint_rank8_int4_per_row_hadamard,pooled_router_square_compressed,768,768,128,1.0234781901041667,51343360,50315264,2447.0,304.0,True,0.9938746669683414,0.9973624867692639,0.9999289756268211,0.9971123727465956,0.9936214581548984,0.9970756668492152,0.999921756455749,0.9969989841452888,1.0101318359375,1.0232340494791665,1.0234781901041667,1.0190976460774737,0.0,0.0,0.0,0.0,50776.46533213556,65838.23258243501,66786.60887479782,62643.38076903368,757.75,767.8125,768.0,764.6357421875
matrix_free_joint_rank8_int4_per_row_hadamard,pooled_router_square_compressed,768,1152,128,1.0234781901041667,51343360,50315264,2447.0,304.0,True,0.9962329481852462,0.9989372063245099,0.9999967282190014,0.9983911506351705,0.9962373274936821,0.998759149679812,0.9999959467121103,0.9983411313413799,1.0220133463541667,1.0231526692708333,1.0234781901041667,1.0229326883951821,5.1310616210142884e-05,0.0009230840332914436,0.0030991458595780556,0.0012787778885750096,50780.083481781185,65842.46476367116,66791.2579221651,62647.37752143992,766.875,767.75,768.0,767.5810546875
matrix_free_joint_rank8_int4_per_row_hadamard,pooled_router_square_compressed,768,1536,128,1.0234781901041667,51343360,50315264,2447.0,304.0,True,0.9962329481852462,0.9989526596772595,0.9999967171032059,0.9983942255032057,0.9962373274936821,0.998759149679812,0.9999959467121103,0.9983452307921775,1.0223388671875,1.0231526692708333,1.0234781901041667,1.0229593912760415,5.1310616210142884e-05,0.0009230840332914436,0.0031093420323052173,0.0012818527566101435,50781.18948210031,65847.39654138684,66796.20242957026,62651.395361855975,767.125,767.75,768.0,767.6015625
matrix_free_joint_rank8_int4_per_row_hadamard,uniform_per_expert,768,768,128,1.0234781901041667,51343360,50315264,2447.0,304.0,True,0.9938746669683414,0.9973624867692639,0.9999289756268211,0.9971123727465956,0.9936214581548984,0.9970756668492152,0.999921756455749,0.9969989841452888,1.0101318359375,1.0232340494791665,1.0234781901041667,1.0190976460774737,0.0,0.0,0.0,0.0,50760.5534741655,65827.58115883917,66775.58561582118,62631.637038779445,757.75,767.8125,768.0,764.6357421875
