layer,method,budget_bpw,invocations,recovery_median,recovery_p10,relative_error_median,physical_bpw_median,gate_bpw_median,up_bpw_median,down_bpw_median
0,all_generalized,0.0,67,0.0,0.0,0.8617645502090454,0.0,0.0,0.0,0.0
0,all_generalized,0.25,67,0.4962346649426299,0.18516997845285965,0.6459038257598877,0.23958333333333334,0.1875,0.1875,0.28125
0,all_generalized,0.5,67,0.6608067903554671,0.29319343173237333,0.5524614453315735,0.4895833333333333,0.28125,0.28125,0.75
0,all_generalized,0.75,67,0.7275735048279794,0.37631408658027116,0.46837055683135986,0.7395833333333334,0.5,0.5,1.25
0,all_generalized,1.0,67,0.8005488054762679,0.4426634389440904,0.4069732427597046,1.0,0.5,0.75,1.5
0,all_generalized,1.25,67,0.8604393322208832,0.479039674591376,0.35896697640419006,1.25,0.75,1.0,2.0
0,all_generalized,1.5,67,0.8990063544599168,0.5092078721724954,0.3294057846069336,1.5,0.75,1.0,2.5
0,all_generalized,2.0,67,0.9460952767636359,0.6081748436046589,0.2300640195608139,2.0,1.0,1.25,3.0
0,all_generalized,2.5,67,0.9728885738978515,0.7059517421644026,0.17492082715034485,2.5,2.0,1.5,4.0
0,all_generalized,3.0,67,0.9797798958897018,0.7672611714683498,0.14001235365867615,3.0,2.5,2.5,4.0
0,all_generalized,4.0,67,0.9859246126603396,0.8931797490687982,0.12346122413873672,3.65625,4.0,3.0,4.0
0,all_native,0.0,67,0.0,0.0,0.8617645502090454,0.0,0.0,0.0,0.0
0,all_native,0.25,67,0.43304155956356716,0.23008745381488768,0.6866556406021118,0.23958333333333334,0.03125,0.1875,0.46875
0,all_native,0.5,67,0.5111958387201112,0.3246603436345821,0.635715126991272,0.4895833333333333,0.03125,0.5,0.75
0,all_native,0.75,67,0.579842596846986,0.37613812291571186,0.6060647368431091,0.7395833333333334,0.28125,0.5,1.0
0,all_native,1.0,67,0.6318973815727269,0.43518391490033925,0.5729954838752747,0.9895833333333334,0.75,0.75,1.0
0,all_native,1.25,67,0.6776423312464455,0.4788054092507071,0.5358447432518005,1.25,1.0,1.0,1.25
0,all_native,1.5,67,0.7039955912663833,0.5360741121731962,0.5015614628791809,1.5,1.25,1.5,1.46875
0,all_native,2.0,67,0.7949452988205803,0.642945642047676,0.43651890754699707,2.0,1.5,2.5,1.5
0,all_native,2.5,67,0.8562698216446094,0.7152192022998926,0.37190669775009155,2.5,2.5,3.0,2.0
0,all_native,3.0,67,0.8947365216423346,0.777224756330315,0.31694555282592773,3.0,3.96875,4.0,2.0
0,all_native,4.0,67,0.9379675864222864,0.8433946806412278,0.22089225053787231,4.0,4.0,4.0,4.0
0,all_pca,0.0,67,0.0,0.0,0.8617645502090454,0.0,0.0,0.0,0.0
0,all_pca,0.25,67,0.503246612319882,0.16224963933283254,0.6558481454849243,0.22916666666666666,0.09375,0.09375,0.5
0,all_pca,0.5,67,0.6039395455563936,0.25851101000673465,0.5472860336303711,0.4895833333333333,0.1875,0.28125,0.96875
0,all_pca,0.75,67,0.700231125295197,0.3289117517637358,0.4912271797657013,0.7291666666666666,0.5,0.46875,1.25
0,all_pca,1.0,67,0.7621658223890377,0.3919398683994933,0.4378049373626709,0.9895833333333334,0.5,0.75,1.5
0,all_pca,1.25,67,0.7930598522973031,0.442938818841312,0.3844093978404999,1.2395833333333333,0.75,1.0,2.0
0,all_pca,1.5,67,0.8725004578081214,0.48754389511969154,0.34534114599227905,1.5,1.0,1.25,2.5
0,all_pca,2.0,67,0.9455111941433638,0.5806094574849646,0.24097393453121185,2.0,1.25,1.5,3.0
0,all_pca,2.5,67,0.9707181338119091,0.6537525914788903,0.16615252196788788,2.5,2.0,1.5,4.0
0,all_pca,3.0,67,0.9810499103321694,0.7104902862912383,0.1337273269891739,2.9895833333333335,2.5,2.0,4.0
0,all_pca,4.0,67,0.9853887914582656,0.8303652133715025,0.12121056765317917,3.6666666666666665,4.0,4.0,4.0
0,generalized_generalized_native,0.0,67,0.0,0.0,0.8617645502090454,0.0,0.0,0.0,0.0
0,generalized_generalized_native,0.25,67,0.5871510599720042,0.33750315740083303,0.6004509925842285,0.23958333333333334,0.1875,0.1875,0.28125
0,generalized_generalized_native,0.5,67,0.7455938188185101,0.4635221369772392,0.4794941544532776,0.4895833333333333,0.28125,0.28125,0.71875
0,generalized_generalized_native,0.75,67,0.8110580286455927,0.50615170422713,0.41067320108413696,0.75,0.5,0.5,1.0
0,generalized_generalized_native,1.0,67,0.8787968958991276,0.5591549350698954,0.35121771693229675,0.9895833333333334,0.75,0.75,1.25
0,generalized_generalized_native,1.25,67,0.9241247191444382,0.6150957185588352,0.29098474979400635,1.2395833333333333,1.0,1.0,1.5
0,generalized_generalized_native,1.5,67,0.9508295255598718,0.6680675158585508,0.238737553358078,1.5,1.0,1.25,2.0
0,generalized_generalized_native,2.0,67,0.9668736627607342,0.7487518539956224,0.1838020235300064,2.0,1.5,1.5,2.96875
0,generalized_generalized_native,2.5,67,0.9759198950200983,0.8090085987604749,0.15166567265987396,2.5,2.0,2.0,3.0
0,generalized_generalized_native,3.0,67,0.985690105094073,0.8513164861512155,0.12931060791015625,3.0,2.5,2.5,4.0
0,generalized_generalized_native,4.0,67,0.9873368531407504,0.9116383323964741,0.10047487914562225,3.6666666666666665,4.0,4.0,4.0
0,global_multi_view_oracle,0.0,67,0.0,0.0,0.8617645502090454,0.0,0.0,0.0,0.0
0,global_multi_view_oracle,0.25,67,0.6546901722109262,0.35672175621264546,0.5685732960700989,0.23958333333333334,0.09375,0.1875,0.46875
0,global_multi_view_oracle,0.5,67,0.7528569629908028,0.4868814679201222,0.4737715721130371,0.4895833333333333,0.1875,0.28125,0.75
0,global_multi_view_oracle,0.75,67,0.8282721849574448,0.5460134200259327,0.40042921900749207,0.7395833333333334,0.5,0.5,1.0
0,global_multi_view_oracle,1.0,67,0.8934995899491928,0.58497568696481,0.33271870017051697,0.9895833333333334,0.75,0.75,1.25
0,global_multi_view_oracle,1.25,67,0.9308694399878696,0.6404178494165018,0.2627298831939697,1.2395833333333333,1.0,1.25,1.5
0,global_multi_view_oracle,1.5,67,0.9563334892956885,0.6836513606952512,0.2222701758146286,1.5,1.0,1.25,2.0
0,global_multi_view_oracle,2.0,67,0.974453041076192,0.7497423892979629,0.1634029746055603,2.0,1.5,1.5,3.0
0,global_multi_view_oracle,2.5,67,0.9831410631916734,0.8133010401288029,0.1330990195274353,2.5,2.0,2.0,3.96875
0,global_multi_view_oracle,3.0,67,0.9880988506507618,0.8712930346185803,0.10849452018737793,3.0,2.5,2.5,4.0
0,global_multi_view_oracle,4.0,67,0.9915302676462939,0.927055985945887,0.09254983067512512,3.9895833333333335,4.0,4.0,4.0
0,learned_learned_native,0.0,67,0.0,0.0,0.8617645502090454,0.0,0.0,0.0,0.0
0,learned_learned_native,0.25,67,0.6316908384714417,0.3504005776269501,0.5874678492546082,0.23958333333333334,0.09375,0.09375,0.46875
0,learned_learned_native,0.5,67,0.704176973466295,0.45523044140759134,0.497165322303772,0.4791666666666667,0.1875,0.28125,0.71875
0,learned_learned_native,0.75,67,0.8029988364978887,0.49921239919959415,0.4321630895137787,0.7291666666666666,0.28125,0.75,1.21875
0,learned_learned_native,1.0,67,0.841405543081779,0.5551835046128684,0.3850552439689636,0.9791666666666666,0.5,0.75,1.5
0,learned_learned_native,1.25,67,0.8854369498691559,0.5982603375961598,0.34787529706954956,1.2395833333333333,0.75,1.0,1.96875
0,learned_learned_native,1.5,67,0.9052066028125068,0.6436268443581338,0.29693859815597534,1.4895833333333333,1.0,1.25,2.0
0,learned_learned_native,2.0,67,0.9470112945087639,0.7264462779872878,0.22427521646022797,1.9895833333333333,1.5,1.5,2.5
0,learned_learned_native,2.5,67,0.9659915185472301,0.787241141153921,0.18792884051799774,2.5,2.0,2.5,3.0
0,learned_learned_native,3.0,67,0.9759764975871672,0.8293767381599922,0.15018852055072784,3.0,2.5,2.5,3.96875
0,learned_learned_native,4.0,67,0.9874990361347004,0.867175551092082,0.11818203330039978,3.9895833333333335,4.0,4.0,4.0
0,pca_pca_native,0.0,67,0.0,0.0,0.8617645502090454,0.0,0.0,0.0,0.0
0,pca_pca_native,0.25,67,0.5984084042321711,0.3516616014320208,0.5822917819023132,0.23958333333333334,0.09375,0.09375,0.5
0,pca_pca_native,0.5,67,0.7014877110239351,0.43140257187690917,0.4994916617870331,0.4791666666666667,0.1875,0.5,0.75
0,pca_pca_native,0.75,67,0.8006511575090975,0.49353967048294417,0.43508437275886536,0.7395833333333334,0.5,0.75,0.96875
0,pca_pca_native,1.0,67,0.8710995173373678,0.539594247862647,0.3745710849761963,0.9895833333333334,0.71875,1.0,1.46875
0,pca_pca_native,1.25,67,0.9067712250502487,0.585446171811925,0.3194885849952698,1.2395833333333333,1.0,1.0,1.5
0,pca_pca_native,1.5,67,0.9297015579094952,0.6275957165148612,0.24826385080814362,1.5,1.25,1.25,2.0
0,pca_pca_native,2.0,67,0.9660932867381303,0.6886798240156007,0.18239669501781464,2.0,1.5,1.5,2.5
0,pca_pca_native,2.5,67,0.9787479331108926,0.7568868492877594,0.14259925484657288,2.4895833333333335,2.0,2.0,3.0
0,pca_pca_native,3.0,67,0.9837633434056908,0.79502598204706,0.11908499896526337,3.0,3.0,2.5,4.0
0,pca_pca_native,4.0,67,0.9885917207373829,0.8489206450390003,0.09732148051261902,3.9895833333333335,4.0,4.0,4.0
20,all_generalized,0.0,40,0.0,0.0,0.8355231583118439,0.0,0.0,0.0,0.0
20,all_generalized,0.25,40,0.22183962000817847,0.10411563816352767,0.7952238023281097,0.22916666666666666,0.03125,0.09375,0.28125
20,all_generalized,0.5,40,0.30183511461372337,0.17280146313535139,0.7816674709320068,0.4791666666666667,0.1875,0.28125,0.609375
20,all_generalized,0.75,40,0.3739439937333335,0.17346457128010034,0.7670118808746338,0.6875,0.484375,0.5,1.0
20,all_generalized,1.0,40,0.41271169533914626,0.23440560336941688,0.7536841630935669,0.96875,0.5,0.5,1.5
20,all_generalized,1.25,40,0.4491333851822021,0.2775576401464499,0.7250231802463531,1.1770833333333333,0.75,0.625,1.734375
20,all_generalized,1.5,40,0.5062307849392805,0.35607018465423446,0.6909430921077728,1.4947916666666665,0.75,0.625,2.5
20,all_generalized,2.0,40,0.5876919719030258,0.42046917715152077,0.6535925567150116,1.9895833333333333,1.5,1.0,3.0
20,all_generalized,2.5,40,0.6526798051101103,0.4595813239488821,0.6099553406238556,2.4895833333333335,2.234375,2.484375,3.0
20,all_generalized,3.0,40,0.7138638617245299,0.5500200371049986,0.5500162243843079,2.953125,2.5,2.984375,4.0
20,all_generalized,4.0,40,0.7839879615262977,0.6314855757666485,0.43895891308784485,3.994791666666667,4.0,4.0,4.0
20,all_native,0.0,40,0.0,0.0,0.8355231583118439,0.0,0.0,0.0,0.0
20,all_native,0.25,40,0.2206990885204877,0.15059490011035748,0.7940678298473358,0.22916666666666666,0.09375,0.09375,0.28125
20,all_native,0.5,40,0.30304638384510485,0.21433938837492064,0.7730485200881958,0.47395833333333337,0.09375,0.28125,0.734375
20,all_native,0.75,40,0.33919258831906424,0.27230034038374745,0.7587804794311523,0.6979166666666666,0.234375,0.390625,0.75
20,all_native,1.0,40,0.3873434630131924,0.2888329809914261,0.7530451416969299,0.9635416666666667,0.5,1.0,0.984375
20,all_native,1.25,40,0.42475029913791923,0.3111412288412002,0.7281238734722137,1.2291666666666667,1.125,0.75,0.984375
20,all_native,1.5,40,0.4759154672277926,0.35599037937179456,0.7146621942520142,1.4427083333333335,0.875,1.25,0.859375
20,all_native,2.0,40,0.5478638099686768,0.4483726868410521,0.6843034029006958,1.9895833333333333,1.5,2.0,1.5
20,all_native,2.5,40,0.6042268249659255,0.49911485615785983,0.6478002667427063,2.421875,3.0,2.75,2.25
20,all_native,3.0,40,0.6434113729455748,0.5332650955166022,0.6064375042915344,2.994791666666667,4.0,4.0,2.5
20,all_native,4.0,40,0.7317568888941167,0.5837322547218432,0.5119554698467255,3.6666666666666665,4.0,4.0,4.0
20,all_pca,0.0,40,0.0,0.0,0.8355231583118439,0.0,0.0,0.0,0.0
20,all_pca,0.25,40,0.22387575675220472,0.07082281387537699,0.7961263954639435,0.22395833333333331,0.0625,0.1875,0.25
20,all_pca,0.5,40,0.28975513840994177,0.1385824756052209,0.7681370675563812,0.4791666666666667,0.171875,0.1875,0.75
20,all_pca,0.75,40,0.3544453314821929,0.16609095333803697,0.7579033672809601,0.6927083333333333,0.140625,0.5,1.109375
20,all_pca,1.0,40,0.3953852253658632,0.21094433225996956,0.7427805662155151,0.9791666666666666,0.1875,0.390625,1.5
20,all_pca,1.25,40,0.43472494487171426,0.2945543964985324,0.7310575544834137,1.1770833333333333,0.390625,0.5,2.0
20,all_pca,1.5,40,0.47753832698845594,0.352204348708155,0.7215170562267303,1.484375,0.5,0.625,2.0
20,all_pca,2.0,40,0.5432049634282918,0.41408093517001604,0.6809275150299072,1.9166666666666667,0.875,1.375,3.0
20,all_pca,2.5,40,0.6055058776569633,0.46702716481159606,0.6246490776538849,2.4166666666666665,1.75,2.25,3.0
20,all_pca,3.0,40,0.631037021771359,0.5336926962498736,0.5785481631755829,2.9895833333333335,2.5,3.0,4.0
20,all_pca,4.0,40,0.7376584011179476,0.6368895562975315,0.464484840631485,4.0,4.0,4.0,4.0
20,generalized_generalized_native,0.0,40,0.0,0.0,0.8355231583118439,0.0,0.0,0.0,0.0
20,generalized_generalized_native,0.25,40,0.2915604098832371,0.14856762842718327,0.780593603849411,0.234375,0.1875,0.09375,0.375
20,generalized_generalized_native,0.5,40,0.379286114233469,0.21291367695216215,0.7663960456848145,0.4895833333333333,0.1875,0.28125,0.609375
20,generalized_generalized_native,0.75,40,0.44277936909689203,0.274771513589924,0.7506837546825409,0.7291666666666666,0.5,0.5,0.75
20,generalized_generalized_native,1.0,40,0.4922872436175267,0.3173346474234664,0.7186989188194275,0.9791666666666666,0.75,0.625,1.0
20,generalized_generalized_native,1.25,40,0.5450856758668772,0.37832108457308133,0.705606997013092,1.2291666666666667,0.859375,0.75,1.25
20,generalized_generalized_native,1.5,40,0.5724508178062158,0.4349781939534373,0.6797481179237366,1.4947916666666665,1.25,0.984375,1.96875
20,generalized_generalized_native,2.0,40,0.6571524695566133,0.5086989305856798,0.6236912608146667,1.9895833333333333,1.75,1.125,2.234375
20,generalized_generalized_native,2.5,40,0.706896507809355,0.5602274012961515,0.579181045293808,2.4895833333333335,3.0,2.0,2.5
20,generalized_generalized_native,3.0,40,0.7401527747735779,0.6210945862313625,0.5422466397285461,2.9895833333333335,3.5,3.0,3.0
20,generalized_generalized_native,4.0,40,0.807242830431758,0.6572886360200946,0.4603873938322067,3.6666666666666665,4.0,4.0,4.0
20,global_multi_view_oracle,0.0,40,0.0,0.0,0.8355231583118439,0.0,0.0,0.0,0.0
20,global_multi_view_oracle,0.25,40,0.3263323210218595,0.21964431464682432,0.7693825960159302,0.22916666666666666,0.171875,0.1875,0.46875
20,global_multi_view_oracle,0.5,40,0.42453332310236525,0.3214545484358712,0.7494452595710754,0.4895833333333333,0.1875,0.375,0.71875
20,global_multi_view_oracle,0.75,40,0.47593984696903663,0.3570696463779045,0.7360192239284515,0.7291666666666666,0.5,0.5,0.96875
20,global_multi_view_oracle,1.0,40,0.5228674422634765,0.3934338397805895,0.7189458906650543,0.9635416666666667,0.75,0.75,1.25
20,global_multi_view_oracle,1.25,40,0.5507731145180139,0.43122248037603506,0.6997682750225067,1.2291666666666667,0.75,0.984375,1.5
20,global_multi_view_oracle,1.5,40,0.5870649180364925,0.48237873866377673,0.6765435338020325,1.4895833333333333,0.859375,1.0,1.984375
20,global_multi_view_oracle,2.0,40,0.6637496361361873,0.5289231003202668,0.6232753992080688,1.9895833333333333,1.5,1.25,2.234375
20,global_multi_view_oracle,2.5,40,0.7265221525210308,0.5871932736082924,0.5900320410728455,2.4895833333333335,2.5,2.5,2.734375
20,global_multi_view_oracle,3.0,40,0.7549831522665613,0.6560028235110761,0.5291290879249573,3.0,3.0,3.0,3.5
20,global_multi_view_oracle,4.0,40,0.8241872024568143,0.710945470557147,0.4071989804506302,4.0,4.0,4.0,4.0
20,learned_learned_native,0.0,40,0.0,0.0,0.8355231583118439,0.0,0.0,0.0,0.0
20,learned_learned_native,0.25,40,0.3008826151389333,0.13949984136894047,0.7779986262321472,0.21875,0.09375,0.09375,0.46875
20,learned_learned_native,0.5,40,0.3751759050894753,0.2741388416864535,0.7462925612926483,0.47395833333333337,0.1875,0.1875,0.75
20,learned_learned_native,0.75,40,0.4138288930580179,0.3383867599227893,0.730832576751709,0.7239583333333333,0.5,0.28125,0.96875
20,learned_learned_native,1.0,40,0.46639722744815165,0.3513409713969915,0.7169282138347626,0.953125,0.734375,0.5,1.234375
20,learned_learned_native,1.25,40,0.49890597124235425,0.3724896190768249,0.687237948179245,1.1979166666666667,0.484375,1.0,1.25
20,learned_learned_native,1.5,40,0.540764192119076,0.41099356111573554,0.6806842386722565,1.4895833333333333,0.734375,1.109375,1.984375
20,learned_learned_native,2.0,40,0.5921752483930984,0.4769881939320133,0.6494239270687103,1.9895833333333333,1.0,2.484375,2.0
20,learned_learned_native,2.5,40,0.6528716507910702,0.5422708236148205,0.6066489219665527,2.421875,1.5,3.0,2.734375
20,learned_learned_native,3.0,40,0.6877252709763682,0.5428023983753234,0.5795060694217682,2.8333333333333335,2.75,4.0,2.96875
20,learned_learned_native,4.0,40,0.7218545216806409,0.6134603752820054,0.5317176580429077,3.4895833333333335,4.0,4.0,4.0
20,pca_pca_native,0.0,40,0.0,0.0,0.8355231583118439,0.0,0.0,0.0,0.0
20,pca_pca_native,0.25,40,0.28002594650444657,0.12533472489883649,0.7796963751316071,0.22916666666666666,0.0625,0.140625,0.46875
20,pca_pca_native,0.5,40,0.36715072785666575,0.19353609824293339,0.7627695500850677,0.47395833333333337,0.1875,0.234375,0.96875
20,pca_pca_native,0.75,40,0.4047223603023512,0.26359498042298146,0.7436351478099823,0.7239583333333333,0.1875,0.28125,1.21875
20,pca_pca_native,1.0,40,0.46324260265202283,0.32440454649419403,0.7235727608203888,0.9583333333333333,0.390625,0.390625,1.234375
20,pca_pca_native,1.25,40,0.5059020087765571,0.34025247577928475,0.7137812674045563,1.1822916666666665,0.75,0.859375,1.484375
20,pca_pca_native,1.5,40,0.5355461943584019,0.4161106652203517,0.6838260591030121,1.4895833333333333,1.0,1.0,1.734375
20,pca_pca_native,2.0,40,0.5900098492106001,0.4774026501084505,0.646498292684555,1.9166666666666667,1.375,1.5,2.0
20,pca_pca_native,2.5,40,0.6473857224811773,0.5319909703327957,0.5958480834960938,2.4270833333333335,2.0,3.0,2.5
20,pca_pca_native,3.0,40,0.6935553768555722,0.5874216699991373,0.5636943578720093,2.9166666666666665,3.0,4.0,3.0
20,pca_pca_native,4.0,40,0.7496896609612673,0.6482208981752758,0.48318833112716675,3.994791666666667,4.0,4.0,4.0
39,all_generalized,0.0,60,0.0,0.0,0.8304605782032013,0.0,0.0,0.0,0.0
39,all_generalized,0.25,60,0.44696803250186345,0.1973313806666667,0.7155446112155914,0.23958333333333334,0.140625,0.09375,0.375
39,all_generalized,0.5,60,0.5253027870990925,0.2526672514519713,0.6671046912670135,0.4791666666666667,0.1875,0.28125,0.75
39,all_generalized,0.75,60,0.5685168015249519,0.32536260597088934,0.6533982157707214,0.7291666666666666,0.28125,0.28125,1.109375
39,all_generalized,1.0,60,0.5962642981159019,0.3553912420781862,0.6225641965866089,0.9635416666666667,0.5,0.28125,1.5
39,all_generalized,1.25,60,0.6251396938761562,0.37625628688936136,0.6148840487003326,1.1979166666666667,0.5,0.5,2.0
39,all_generalized,1.5,60,0.6488132823018007,0.4127816444884939,0.5551241338253021,1.4791666666666667,0.734375,0.75,2.5
39,all_generalized,2.0,60,0.713508762180779,0.5016080593823102,0.5020336508750916,1.9270833333333333,1.5,0.984375,2.984375
39,all_generalized,2.5,60,0.7524828609477922,0.5394356923253618,0.4807530492544174,2.4166666666666665,1.5,2.0,3.484375
39,all_generalized,3.0,60,0.7789831312471489,0.6102792751918241,0.4477642625570297,2.901041666666667,2.75,2.5,4.0
39,all_generalized,4.0,60,0.8172629281585093,0.6505650781036805,0.3828210234642029,3.6666666666666665,4.0,4.0,4.0
39,all_native,0.0,60,0.0,0.0,0.8304605782032013,0.0,0.0,0.0,0.0
39,all_native,0.25,60,0.26136531579800165,0.16562081500254097,0.7612919807434082,0.234375,0.171875,0.09375,0.375
39,all_native,0.5,60,0.3305912602661945,0.2155284108803644,0.7499714195728302,0.4791666666666667,0.265625,0.1875,0.75
39,all_native,0.75,60,0.3977909593355808,0.2535076175476713,0.7265283167362213,0.7291666666666666,0.5,0.375,1.0
39,all_native,1.0,60,0.43396046914119896,0.31887061870524575,0.7024332880973816,0.953125,0.5,0.484375,1.25
39,all_native,1.25,60,0.46935648942650093,0.33731743018884014,0.6855259835720062,1.2239583333333335,0.984375,0.609375,1.5
39,all_native,1.5,60,0.5269387264763145,0.41201616415938863,0.6609366536140442,1.4791666666666667,0.875,0.75,1.5
39,all_native,2.0,60,0.5906309334750779,0.43490088010739897,0.6080417633056641,1.9895833333333333,1.484375,1.25,2.0
39,all_native,2.5,60,0.6399802771238545,0.5118412937015495,0.5746688842773438,2.4166666666666665,2.5,1.5,2.96875
39,all_native,3.0,60,0.6897897440621616,0.5187480598848235,0.5316486656665802,2.953125,4.0,3.0,3.0
39,all_native,4.0,60,0.7276484757518634,0.5589094484141706,0.46748246252536774,3.828125,4.0,4.0,4.0
39,all_pca,0.0,60,0.0,0.0,0.8304605782032013,0.0,0.0,0.0,0.0
39,all_pca,0.25,60,0.4489836563803605,0.16176755472374563,0.7114541232585907,0.22916666666666666,0.1875,0.1875,0.28125
39,all_pca,0.5,60,0.5141468222880572,0.23580589382833853,0.6799177825450897,0.4791666666666667,0.1875,0.1875,0.96875
39,all_pca,0.75,60,0.5609126281958996,0.2991358244523396,0.6540378928184509,0.7291666666666666,0.234375,0.375,1.25
39,all_pca,1.0,60,0.6232024547324935,0.353498612679197,0.617990642786026,0.9635416666666667,0.28125,0.46875,1.984375
39,all_pca,1.25,60,0.6568977852519351,0.3941702016092482,0.5951505303382874,1.21875,0.5,0.5,2.5
39,all_pca,1.5,60,0.6774373695755054,0.44264950047174756,0.5683141648769379,1.4322916666666665,0.75,0.5,2.5
39,all_pca,2.0,60,0.7089834600272611,0.48573259997195184,0.5386368930339813,1.9270833333333333,1.0,1.25,3.0
39,all_pca,2.5,60,0.743546846446353,0.5520693460471823,0.5034097731113434,2.4166666666666665,1.5,2.0,3.96875
39,all_pca,3.0,60,0.7600143795509902,0.5899086928398923,0.43936243653297424,2.8333333333333335,2.75,2.5,4.0
39,all_pca,4.0,60,0.8162702888356165,0.6581858652180529,0.41137251257896423,3.65625,4.0,3.5,4.0
39,generalized_generalized_native,0.0,60,0.0,0.0,0.8304605782032013,0.0,0.0,0.0,0.0
39,generalized_generalized_native,0.25,60,0.44638758713540533,0.19669871195782426,0.7214890420436859,0.23958333333333334,0.1875,0.09375,0.28125
39,generalized_generalized_native,0.5,60,0.5156621429967309,0.3030459769541469,0.6793729960918427,0.4791666666666667,0.28125,0.1875,0.734375
39,generalized_generalized_native,0.75,60,0.5737078564554099,0.34638163755316764,0.6290825605392456,0.71875,0.5,0.265625,1.21875
39,generalized_generalized_native,1.0,60,0.6142511792997578,0.40928748473677823,0.6020701229572296,0.9791666666666666,0.609375,0.5,1.5
39,generalized_generalized_native,1.25,60,0.6390402883752593,0.4381836705703624,0.5846208035945892,1.1979166666666667,0.75,0.5,2.0
39,generalized_generalized_native,1.5,60,0.6576903800087466,0.479552027824607,0.5436913073062897,1.4583333333333333,0.75,0.5,2.5
39,generalized_generalized_native,2.0,60,0.7322018458467765,0.5535112897065464,0.4922478049993515,1.9166666666666667,1.484375,1.0,2.5
39,generalized_generalized_native,2.5,60,0.7552254712174596,0.5805943191509505,0.4600211828947067,2.4895833333333335,2.0,2.0,3.0
39,generalized_generalized_native,3.0,60,0.7845498058981073,0.6329982796872139,0.4170994907617569,2.984375,3.0,2.5,3.96875
39,generalized_generalized_native,4.0,60,0.8334683476968632,0.6630402268307828,0.3867815285921097,3.5,4.0,4.0,4.0
39,global_multi_view_oracle,0.0,60,0.0,0.0,0.8304605782032013,0.0,0.0,0.0,0.0
39,global_multi_view_oracle,0.25,60,0.5039879580538144,0.29487623417462216,0.6956511735916138,0.23958333333333334,0.1875,0.1875,0.28125
39,global_multi_view_oracle,0.5,60,0.5746334898427345,0.3831444112490576,0.6476466059684753,0.4791666666666667,0.1875,0.28125,0.96875
39,global_multi_view_oracle,0.75,60,0.6153349018759521,0.42107632529301947,0.6096113324165344,0.7291666666666666,0.28125,0.5,1.234375
39,global_multi_view_oracle,1.0,60,0.6701168696455607,0.4736289855480116,0.5918150544166565,0.9791666666666666,0.5,0.5,1.5
39,global_multi_view_oracle,1.25,60,0.703039259699833,0.48209595819865364,0.569104939699173,1.2291666666666667,0.5,0.5,2.234375
39,global_multi_view_oracle,1.5,60,0.7261826943706953,0.5399622059776628,0.5386058688163757,1.4791666666666667,0.875,0.859375,2.46875
39,global_multi_view_oracle,2.0,60,0.7420820913270751,0.5964042931421552,0.48268918693065643,1.9166666666666667,1.5,1.25,2.5
39,global_multi_view_oracle,2.5,60,0.7924469725668315,0.6323839504828398,0.44116488099098206,2.4895833333333335,2.0,2.0,3.0
39,global_multi_view_oracle,3.0,60,0.8213955851950947,0.6829562782059628,0.4053640812635422,2.9895833333333335,3.0,2.5,4.0
39,global_multi_view_oracle,4.0,60,0.8628732423879126,0.738264597303208,0.3636951893568039,3.6666666666666665,4.0,4.0,4.0
39,learned_learned_native,0.0,60,0.0,0.0,0.8304605782032013,0.0,0.0,0.0,0.0
39,learned_learned_native,0.25,60,0.44512933504360525,0.2220897434974821,0.7107107043266296,0.22916666666666666,0.171875,0.09375,0.28125
39,learned_learned_native,0.5,60,0.495850370095979,0.2825105617186674,0.681144654750824,0.46354166666666663,0.1875,0.265625,0.71875
39,learned_learned_native,0.75,60,0.5752517671919561,0.31022885560512875,0.6532565653324127,0.71875,0.5,0.28125,1.0
39,learned_learned_native,1.0,60,0.6060893826367093,0.38632666680595706,0.6149190962314606,0.9739583333333333,0.734375,0.5,1.25
39,learned_learned_native,1.25,60,0.6332267456945277,0.4206889353611202,0.593228280544281,1.1875,0.75,0.5,1.734375
39,learned_learned_native,1.5,60,0.6675398713511145,0.4800517905444249,0.5576522350311279,1.46875,1.0,0.5,2.0
39,learned_learned_native,2.0,60,0.7170061493097373,0.5392902552548067,0.5153212249279022,1.921875,1.5,1.125,2.734375
39,learned_learned_native,2.5,60,0.7611706072772442,0.5912709149360651,0.4849729686975479,2.4270833333333335,2.5,1.5,3.0
39,learned_learned_native,3.0,60,0.7776256250755824,0.6269928708957008,0.4556708484888077,2.8333333333333335,3.0,2.5,4.0
39,learned_learned_native,4.0,60,0.804053929779453,0.6667186191930261,0.42097772657871246,3.5,4.0,4.0,4.0
39,pca_pca_native,0.0,60,0.0,0.0,0.8304605782032013,0.0,0.0,0.0,0.0
39,pca_pca_native,0.25,60,0.4515527741774055,0.23603814746846266,0.6994088292121887,0.22916666666666666,0.171875,0.1875,0.28125
39,pca_pca_native,0.5,60,0.5231778455924039,0.28378831783246955,0.6692290902137756,0.4791666666666667,0.1875,0.234375,0.75
39,pca_pca_native,0.75,60,0.5655168538766792,0.351844570520792,0.6302739381790161,0.7291666666666666,0.28125,0.484375,1.25
39,pca_pca_native,1.0,60,0.5961649429217792,0.3927715831585752,0.6176815927028656,0.9427083333333333,0.390625,0.375,1.5
39,pca_pca_native,1.25,60,0.6427027464531236,0.42503639352988126,0.5804352462291718,1.1770833333333333,0.28125,0.75,2.234375
39,pca_pca_native,1.5,60,0.6748647453542251,0.4624356986584314,0.5490013957023621,1.4635416666666665,0.5,0.875,2.0
39,pca_pca_native,2.0,60,0.7086678548826342,0.5213363628352552,0.5167320966720581,1.9166666666666667,1.0,1.25,2.984375
39,pca_pca_native,2.5,60,0.7499361013178498,0.5799134515502138,0.4724173992872238,2.4166666666666665,2.5,2.0,2.96875
39,pca_pca_native,3.0,60,0.7974049451519857,0.5964023510903467,0.44109252095222473,2.9166666666666665,3.0,2.5,3.96875
39,pca_pca_native,4.0,60,0.821430940895851,0.6255262362148902,0.40799480676651,3.578125,4.0,4.0,4.0
