resident_base,method,budget_bpw,invocations,requests,mean_recovery,mean_ci_low,mean_ci_high,median_recovery,median_ci_low,median_ci_high,p10_recovery,p90_recovery,p95_damage_fraction,p99_damage_fraction,relative_output_error_median,actual_physical_bpw_median,gate_bpw_median,up_bpw_median,down_bpw_median,fraction_above_80,fraction_above_90,fraction_above_95,fraction_above_99
W1_1.250488bpw,all_generalized,0.0,167,16,0.0,0.0,0.0,0.0,0.0,0.0,0.0,0.0,1.0,1.0,0.8363089561462402,0.0,0.0,0.0,0.0,0.0,0.0,0.0,0.0
W1_1.250488bpw,all_generalized,0.25,167,16,0.4216407733263344,0.35339318631215055,0.48981115881479775,0.37260513203205003,0.29294507725304725,0.46498801631602543,0.16510917537259848,0.7798154722744697,0.8815914740045975,0.9347598606258591,0.7384093999862671,0.23958333333333334,0.1875,0.1875,0.28125,0.0718562874251497,0.005988023952095809,0.0,0.0
W1_1.250488bpw,all_generalized,0.5,167,16,0.5115942225698925,0.4387050318171568,0.5742463115342777,0.4792573753010815,0.38569309780882227,0.5635876098142871,0.2357908436647624,0.8697171946272038,0.7908349173810926,0.8757753857739947,0.6786998510360718,0.4791666666666667,0.1875,0.28125,0.75,0.15568862275449102,0.0658682634730539,0.0,0.0
W1_1.250488bpw,all_generalized,0.75,167,16,0.5672264473268481,0.5015877593246048,0.6325214588083845,0.5583601925262477,0.4652167938557628,0.6282678501748118,0.27894591510694294,0.9153482475836963,0.7513977266458093,0.8396148649726523,0.6528280973434448,0.7291666666666666,0.28125,0.5,1.21875,0.2155688622754491,0.11976047904191617,0.029940119760479042,0.0
W1_1.250488bpw,all_generalized,1.0,167,16,0.6122735286450666,0.5412428355737642,0.6736946370441766,0.6002118979772977,0.5341455889338959,0.6853922587305317,0.334874319110436,0.9351755601567088,0.7142203298999589,0.7969303779314696,0.6005599498748779,0.9791666666666666,0.5,0.5,1.5,0.24550898203592814,0.15568862275449102,0.08383233532934131,0.0
W1_1.250488bpw,all_generalized,1.25,167,16,0.6489702338231049,0.585928729632452,0.7065049991497063,0.6427515366937561,0.548204540227619,0.7322756742030176,0.3740486851777938,0.9567939350773359,0.684935310639033,0.7524695540448457,0.5695343613624573,1.2291666666666667,0.75,0.75,2.0,0.281437125748503,0.18562874251497005,0.11976047904191617,0.005988023952095809
W1_1.250488bpw,all_generalized,1.5,167,16,0.685346081208943,0.6238299204825071,0.741084982286902,0.6941411446540171,0.6163759430542373,0.7673001885061261,0.415810293893868,0.9630241084603641,0.6296695582274756,0.7234867029607911,0.5304389595985413,1.4895833333333333,0.75,0.75,2.5,0.3413173652694611,0.20958083832335328,0.1317365269461078,0.005988023952095809
W1_1.250488bpw,all_generalized,2.0,167,16,0.7428504229652106,0.6871534960397371,0.7944050341670461,0.7461045352811327,0.6674639439429747,0.8284808907074681,0.4951890685714174,0.9785129069258118,0.5706439563842541,0.6160242817620963,0.474670946598053,1.9895833333333333,1.25,1.25,3.0,0.46107784431137727,0.2874251497005988,0.19161676646706588,0.041916167664670656
W1_1.250488bpw,all_generalized,2.5,167,16,0.7824747342071572,0.7276886930977743,0.8312068692279356,0.7891944203244388,0.7237889068537084,0.8737228184657868,0.545265340861261,0.9864385569073028,0.5014749869086702,0.5830349976355828,0.4552951753139496,2.4895833333333335,2.0,2.0,4.0,0.49101796407185627,0.32934131736526945,0.24550898203592814,0.0658682634730539
W1_1.250488bpw,all_generalized,3.0,167,16,0.8183645306580007,0.7705340851695457,0.8601028684579822,0.8368049828407247,0.763759834038622,0.8929502960147713,0.6216044439242455,0.9898738137405048,0.4175132676210278,0.5388808695082813,0.4044419229030609,2.9895833333333335,2.5,2.5,4.0,0.5508982035928144,0.3652694610778443,0.2694610778443114,0.10179640718562874
W1_1.250488bpw,all_generalized,4.0,167,16,0.8566948507020943,0.8223029403522205,0.8889554127713346,0.8790516081595517,0.833059929875684,0.9359572809538182,0.6625784838128832,0.9916887240029927,0.3673009578378801,0.4313944498714698,0.3284381926059723,3.6666666666666665,4.0,4.0,4.0,0.688622754491018,0.4491017964071856,0.31736526946107785,0.12574850299401197
W1_1.250488bpw,all_native,0.0,167,16,0.0,0.0,0.0,0.0,0.0,0.0,0.0,0.0,1.0,1.0,0.8363089561462402,0.0,0.0,0.0,0.0,0.0,0.0,0.0,0.0
W1_1.250488bpw,all_native,0.25,167,16,0.3332412671779026,0.2936851682465829,0.37491887050592454,0.2878590493807338,0.24696773271383732,0.35815457604189804,0.17349909304827743,0.5621361732680696,0.8636719374518148,0.92237943634012,0.7384912371635437,0.23958333333333334,0.09375,0.09375,0.46875,0.029940119760479042,0.0,0.0,0.0
W1_1.250488bpw,all_native,0.5,167,16,0.4149862346005062,0.3763935610953219,0.45947096324841036,0.38444513660107493,0.33782180151739427,0.4328946541429519,0.24373683078188044,0.6292620735501684,0.8071306252930783,0.8781749917940765,0.717255711555481,0.4791666666666667,0.15625,0.1875,0.75,0.041916167664670656,0.017964071856287425,0.0,0.0
W1_1.250488bpw,all_native,0.75,167,16,0.4701249070804127,0.4331599389366076,0.5126280727929219,0.4332452367797629,0.3990912613360189,0.4927888735241622,0.2971924516099421,0.6845635343944714,0.7605015845707482,0.8067770305300008,0.6939948797225952,0.7291666666666666,0.28125,0.5,1.0,0.04790419161676647,0.029940119760479042,0.005988023952095809,0.0
W1_1.250488bpw,all_native,1.0,167,16,0.5124607261612193,0.4723781206976064,0.5539374196363415,0.48211914505778375,0.4399728509534693,0.5548399487906076,0.331279651335586,0.7174247363152485,0.7032283677899932,0.7913954339713787,0.6784359216690063,0.9895833333333334,0.71875,0.75,1.21875,0.05389221556886228,0.03592814371257485,0.005988023952095809,0.0
W1_1.250488bpw,all_native,1.25,167,16,0.5495209595942457,0.5118283116488543,0.5891758384096384,0.5317373343737086,0.4772746599576848,0.5909059604155709,0.3717775764494729,0.7546414260486584,0.675362574634305,0.7307403559228635,0.6452873945236206,1.2395833333333333,1.0,0.75,1.25,0.0718562874251497,0.03592814371257485,0.023952095808383235,0.0
W1_1.250488bpw,all_native,1.5,167,16,0.5912446703681861,0.5572052443298317,0.6263434937554976,0.5766468633695401,0.5299245453388974,0.6355111957946895,0.4186727463428659,0.7807753549201246,0.6322058829002967,0.6629903000651639,0.6295554637908936,1.4895833333333333,1.0,1.25,1.25,0.08982035928143713,0.03592814371257485,0.023952095808383235,0.0
W1_1.250488bpw,all_native,2.0,167,16,0.6582020384555544,0.620885803680901,0.6974193141252821,0.6512301027747052,0.606830402733413,0.7172240780144873,0.46457515123703186,0.8443703579397567,0.5646932446963153,0.6060766323618275,0.571984052658081,1.9895833333333333,1.5,2.0,1.5,0.20359281437125748,0.041916167664670656,0.029940119760479042,0.0
W1_1.250488bpw,all_native,2.5,167,16,0.7087223392262888,0.6714342035726671,0.7467933532514657,0.7001884560994767,0.658820629559704,0.7661043406770591,0.5314378770112579,0.8879393467367973,0.5084214586576377,0.5866979268888399,0.543016791343689,2.4895833333333335,2.96875,2.5,2.0,0.2934131736526946,0.08383233532934131,0.03592814371257485,0.0
W1_1.250488bpw,all_native,3.0,167,16,0.7506950509057372,0.7158634851806964,0.7861119121901945,0.7531326479012472,0.7114900752006766,0.8159090302876808,0.5541515036954312,0.9206519164523759,0.47850654323487063,0.5597855565657293,0.4869341552257538,3.0,4.0,4.0,2.5,0.39520958083832336,0.17365269461077845,0.05389221556886228,0.0
W1_1.250488bpw,all_native,4.0,167,16,0.8024362306300709,0.7777315356091731,0.8327831760865595,0.821248595327321,0.7792304290452239,0.8922369035203759,0.6230054189917091,0.9583533407034928,0.4413776990993715,0.5586908874281397,0.41490480303764343,4.0,4.0,4.0,4.0,0.5269461077844312,0.3473053892215569,0.15568862275449102,0.005988023952095809
W1_1.250488bpw,all_pca,0.0,167,16,0.0,0.0,0.0,0.0,0.0,0.0,0.0,0.0,1.0,1.0,0.8363089561462402,0.0,0.0,0.0,0.0,0.0,0.0,0.0,0.0
W1_1.250488bpw,all_pca,0.25,167,16,0.42265150075469904,0.35647849880554794,0.4811872243156646,0.38989385171116464,0.3045965057644877,0.45461642672739316,0.13260339873981306,0.8014978553785038,0.893055473449888,0.948340740928542,0.7368912100791931,0.22916666666666666,0.09375,0.1875,0.28125,0.10179640718562874,0.04790419161676647,0.0,0.0
W1_1.250488bpw,all_pca,0.5,167,16,0.5068922072576708,0.44568857679190893,0.5678505367338198,0.4871366373385967,0.4024662894180283,0.5637298836563124,0.2043617843145986,0.8777025073174923,0.8235342217843156,0.9136041743709543,0.6849197745323181,0.4791666666666667,0.1875,0.1875,0.96875,0.1437125748502994,0.0718562874251497,0.005988023952095809,0.0
W1_1.250488bpw,all_pca,0.75,167,16,0.5624487881086833,0.5009184379088935,0.6216195849632206,0.542993146016113,0.48673554434304794,0.616425246503951,0.2831403013013484,0.9125346701667966,0.7822149597997964,0.8585244255713154,0.647047221660614,0.7291666666666666,0.28125,0.46875,1.25,0.20359281437125748,0.11976047904191617,0.05389221556886228,0.0
W1_1.250488bpw,all_pca,1.0,167,16,0.6081096356541468,0.5473989530569101,0.6667498856001617,0.602199846874719,0.5262344696011183,0.6836765005423056,0.3112825914172414,0.9383316250924116,0.7222108878483492,0.8090392642206619,0.6091482639312744,0.9791666666666666,0.5,0.5,1.5,0.23353293413173654,0.1437125748502994,0.07784431137724551,0.0
W1_1.250488bpw,all_pca,1.25,167,16,0.6448767090637089,0.5883503397340147,0.699887341360427,0.6454205137259447,0.5742971953115851,0.7196075687587264,0.35869193325641047,0.959073776901573,0.6961278809525648,0.7827826804829399,0.5695942640304565,1.21875,0.5,0.75,2.0,0.2694610778443114,0.17365269461077845,0.11976047904191617,0.005988023952095809
W1_1.250488bpw,all_pca,1.5,167,16,0.6822370856298059,0.6264286722226092,0.7343620482752036,0.6812793453985764,0.614366868546217,0.7593971799519088,0.41665321446911285,0.9668220905037905,0.6422447474067996,0.7415009497317068,0.5496101975440979,1.4895833333333333,0.75,1.0,2.5,0.3473053892215569,0.20958083832335328,0.1317365269461078,0.011976047904191617
W1_1.250488bpw,all_pca,2.0,167,16,0.7309893361003181,0.6725280752119194,0.7763456252885772,0.732576539016625,0.6556727153305633,0.8217436205265121,0.47362908039756063,0.9790712402492499,0.5644982926511714,0.6648002352958278,0.5086068511009216,1.9895833333333333,1.0,1.46875,3.0,0.437125748502994,0.25748502994011974,0.19161676646706588,0.04790419161676647
W1_1.250488bpw,all_pca,2.5,167,16,0.7721956163592126,0.7244518925123832,0.816521737899965,0.7725030359818867,0.710388869920866,0.8500503715538612,0.5242920572775949,0.9888642450735226,0.5091180862585829,0.5939534900019626,0.46888530254364014,2.4166666666666665,2.0,1.5,4.0,0.47904191616766467,0.32335329341317365,0.25149700598802394,0.08982035928143713
W1_1.250488bpw,all_pca,3.0,167,16,0.8028798979165686,0.7606686101151362,0.8419975195545476,0.8247817976382661,0.7342570446462847,0.8783790352856283,0.5812039461629244,0.990983811617663,0.45091426129201645,0.5413187941426852,0.42396360635757446,2.9166666666666665,2.5,2.5,4.0,0.5269461077844312,0.3473053892215569,0.2994011976047904,0.10778443113772455
W1_1.250488bpw,all_pca,4.0,167,16,0.8434818855847805,0.809963883391144,0.8764506711056631,0.8568142610695803,0.8191111414087887,0.9018097905990804,0.6612435008475167,0.9927406072256026,0.37873370121536676,0.49569456974866605,0.3585551977157593,3.6666666666666665,4.0,4.0,4.0,0.6467065868263473,0.40718562874251496,0.31137724550898205,0.1317365269461078
W1_1.250488bpw,generalized_generalized_native,0.0,167,16,0.0,0.0,0.0,0.0,0.0,0.0,0.0,0.0,1.0,1.0,0.8363089561462402,0.0,0.0,0.0,0.0,0.0,0.0,0.0,0.0
W1_1.250488bpw,generalized_generalized_native,0.25,167,16,0.47085775901788857,0.4054330187661128,0.5405554508845036,0.455108116510062,0.3680707698647414,0.5320181166005089,0.21933154155130127,0.7860879428694626,0.8459801802487937,0.8843303317050797,0.6858760118484497,0.23958333333333334,0.1875,0.1875,0.28125,0.08982035928143713,0.023952095808383235,0.005988023952095809,0.0
W1_1.250488bpw,generalized_generalized_native,0.5,167,16,0.5626713443316617,0.49591169570100846,0.6248422964582049,0.5429473955059492,0.46274455686964766,0.6459608345061839,0.3096978607506509,0.8836838964540265,0.7488666314100206,0.826815276371592,0.6508335471153259,0.4895833333333333,0.28125,0.28125,0.71875,0.16167664670658682,0.0718562874251497,0.017964071856287425,0.0
W1_1.250488bpw,generalized_generalized_native,0.75,167,16,0.6193485066383624,0.561165602429964,0.6752154709678271,0.6087991054903725,0.5055699297403282,0.6996437360804845,0.34712741215898996,0.9198767298046303,0.7000254362382715,0.7852320098853498,0.6059516072273254,0.7291666666666666,0.5,0.5,1.0,0.23952095808383234,0.1317365269461078,0.04790419161676647,0.0
W1_1.250488bpw,generalized_generalized_native,1.0,167,16,0.66556358289978,0.5975213589460273,0.7232931562987411,0.6738215648936736,0.5809674996362434,0.752250825280771,0.41115844657991774,0.9383309053500859,0.64756655137998,0.7363234890803699,0.5679807662963867,0.9895833333333334,0.75,0.5,1.25,0.31736526946107785,0.16167664670658682,0.08982035928143713,0.005988023952095809
W1_1.250488bpw,generalized_generalized_native,1.25,167,16,0.7019651842773004,0.6369326651619843,0.7600510654118041,0.7124024776598404,0.6127810845122285,0.7955252588163317,0.44456972086447505,0.9624155566822307,0.6108524101572395,0.6815290653340231,0.5476565957069397,1.2291666666666667,0.75,0.75,1.5,0.3592814371257485,0.24550898203592814,0.1377245508982036,0.029940119760479042
W1_1.250488bpw,generalized_generalized_native,1.5,167,16,0.7345907350316935,0.6709588831459644,0.7892736115311776,0.7486187416387118,0.6385150522695016,0.8347663375583465,0.47807449786057143,0.9727206775691103,0.5508293389094966,0.6238757611781113,0.5207271575927734,1.4895833333333333,1.0,1.0,2.0,0.4431137724550898,0.2694610778443114,0.20958083832335328,0.029940119760479042
W1_1.250488bpw,generalized_generalized_native,2.0,167,16,0.7821387240614122,0.7277069566987713,0.8287084283987243,0.7831216351548163,0.7173674034656392,0.888207192020961,0.5408397078897419,0.9845295160652416,0.48550921792946006,0.5238907307614911,0.46743980050086975,1.9895833333333333,1.5,1.25,2.5,0.47904191616766467,0.3413173652694611,0.25149700598802394,0.059880239520958084
W1_1.250488bpw,generalized_generalized_native,2.5,167,16,0.8148137061860328,0.7652473050267334,0.856378186816372,0.8306543737940326,0.7515234222503497,0.9043835666432464,0.6018495945284151,0.9903644562303674,0.42360120452949246,0.4814901010624698,0.4427317976951599,2.4895833333333335,2.46875,2.0,3.0,0.5449101796407185,0.38323353293413176,0.281437125748503,0.10778443113772455
W1_1.250488bpw,generalized_generalized_native,3.0,167,16,0.8421954117526139,0.8058559124108884,0.8801225020507348,0.8716981485599883,0.7860905519843474,0.9219744109812622,0.6543466150902489,0.9941399123242375,0.38572847461136806,0.4306421584397781,0.3930683434009552,2.9895833333333335,2.5,2.5,3.96875,0.6107784431137725,0.4251497005988024,0.31137724550898205,0.1497005988023952
W1_1.250488bpw,generalized_generalized_native,4.0,167,16,0.868679267383537,0.8342805283222993,0.9011307826753976,0.8913881915188099,0.8435408857827582,0.9526163392218234,0.6779858711604538,0.9962006538538247,0.34983915691480405,0.4266276520360979,0.33633583784103394,3.6666666666666665,4.0,4.0,4.0,0.7245508982035929,0.47305389221556887,0.3473053892215569,0.17365269461077845
W1_1.250488bpw,global_multi_view_oracle,0.0,167,16,0.0,0.0,0.0,0.0,0.0,0.0,0.0,0.0,1.0,1.0,0.8363089561462402,0.0,0.0,0.0,0.0,0.0,0.0,0.0,0.0
W1_1.250488bpw,global_multi_view_oracle,0.25,167,16,0.5353981060263779,0.47097207295868854,0.5939356893308808,0.5136205056600431,0.4452384283126087,0.5860297613814509,0.28537515669172736,0.8514928833673852,0.7435465834411463,0.8104015995160186,0.6645346879959106,0.23958333333333334,0.1875,0.1875,0.46875,0.1497005988023952,0.059880239520958084,0.005988023952095809,0.0
W1_1.250488bpw,global_multi_view_oracle,0.5,167,16,0.6147155801212625,0.5577203817831908,0.6680775602712435,0.6145740270205563,0.5107012148120742,0.6940580621421218,0.3593460797977487,0.911363042303881,0.6740311454773398,0.7071145835783447,0.6235145926475525,0.4895833333333333,0.1875,0.28125,0.75,0.2155688622754491,0.11377245508982035,0.023952095808383235,0.0
W1_1.250488bpw,global_multi_view_oracle,0.75,167,16,0.6651002866150318,0.6103397395461518,0.7181522201135472,0.6716205659779577,0.578177755365084,0.7410053269958262,0.4009363587826267,0.937428641041523,0.6289151299248508,0.6708051118786159,0.5994992852210999,0.7291666666666666,0.5,0.5,1.0,0.31736526946107785,0.15568862275449102,0.07784431137724551,0.0
W1_1.250488bpw,global_multi_view_oracle,1.0,167,16,0.7034806998564215,0.6489721782125945,0.7541726099015413,0.7100307732201266,0.6075456906034626,0.7748119178388502,0.4523011059426891,0.9567339786348377,0.5833448207230594,0.6459968388515116,0.5735862851142883,0.9791666666666666,0.75,0.75,1.46875,0.3712574850299401,0.19760479041916168,0.11377245508982035,0.005988023952095809
W1_1.250488bpw,global_multi_view_oracle,1.25,167,16,0.7329761409179629,0.6805782037066938,0.7829571271396005,0.7417134422917144,0.6361269439467689,0.8253662674218188,0.47852519824831574,0.9670361570994079,0.5500281064768571,0.6150310227253364,0.5448412895202637,1.2395833333333333,0.75,1.0,1.96875,0.41916167664670656,0.2634730538922156,0.16167664670658682,0.041916167664670656
W1_1.250488bpw,global_multi_view_oracle,1.5,167,16,0.7620163081948111,0.7111405524864041,0.8116088219783996,0.7689550923430792,0.6697791872292294,0.871552542193166,0.5170988852832032,0.9757140450347165,0.5135651038604416,0.561291839724805,0.5094991326332092,1.4895833333333333,1.0,1.25,2.0,0.46107784431137727,0.2994011976047904,0.2155688622754491,0.04790419161676647
W1_1.250488bpw,global_multi_view_oracle,2.0,167,16,0.8040229626239644,0.7558739228188261,0.8442175524319404,0.8195057592115297,0.7375607565919935,0.9009901660111563,0.5781815258089092,0.9860829689797421,0.45600486265287893,0.492499394169395,0.460246741771698,1.9895833333333333,1.5,1.46875,2.5,0.5329341317365269,0.3592814371257485,0.2754491017964072,0.0658682634730539
W1_1.250488bpw,global_multi_view_oracle,2.5,167,16,0.8364242523792259,0.7947031752404877,0.8733671575659397,0.8528112347709589,0.7927719038721592,0.9300861311456179,0.6268401934274306,0.9918904873855731,0.40239946451481506,0.42662291448622286,0.413781076669693,2.4895833333333335,2.0,2.0,3.0,0.5748502994011976,0.40119760479041916,0.31137724550898205,0.1317365269461078
W1_1.250488bpw,global_multi_view_oracle,3.0,167,16,0.8615790755163406,0.8254582102129348,0.8938366414966176,0.8910626395034134,0.8215012630618908,0.9453849468860895,0.6768390730677447,0.9947223012941564,0.34715664622664394,0.3840365854345751,0.36046329140663147,2.9895833333333335,2.5,2.5,4.0,0.6646706586826348,0.46107784431137727,0.33532934131736525,0.18562874251497005
W1_1.250488bpw,global_multi_view_oracle,4.0,167,16,0.8955590693716127,0.8710496772138379,0.9202410321994271,0.9151684069593329,0.8697768353854185,0.9559421964437935,0.7610096912179479,0.9966037169442264,0.28335036924332974,0.325525460255423,0.3048897385597229,4.0,4.0,4.0,4.0,0.8203592814371258,0.5508982035928144,0.3772455089820359,0.2155688622754491
W1_1.250488bpw,learned_learned_native,0.0,167,16,0.0,0.0,0.0,0.0,0.0,0.0,0.0,0.0,1.0,1.0,0.8363089561462402,0.0,0.0,0.0,0.0,0.0,0.0,0.0,0.0
W1_1.250488bpw,learned_learned_native,0.25,167,16,0.4732518769575794,0.4141089747123308,0.5315027474233971,0.4562093906090533,0.38238418499249993,0.5252921248721216,0.23985150896547403,0.7821746039619054,0.844455857752636,0.9085211206802518,0.6818995475769043,0.22916666666666666,0.09375,0.09375,0.46875,0.09580838323353294,0.023952095808383235,0.005988023952095809,0.0
W1_1.250488bpw,learned_learned_native,0.5,167,16,0.5580743461433463,0.5034806381510906,0.6121656672784831,0.5495649619410287,0.4652776832070013,0.6354784857283837,0.3098369514678889,0.8604783890338724,0.7281713345011959,0.8424053084696503,0.6527267694473267,0.4791666666666667,0.1875,0.28125,0.75,0.1497005988023952,0.07784431137724551,0.017964071856287425,0.0
W1_1.250488bpw,learned_learned_native,0.75,167,16,0.6085902727615143,0.5556206091191715,0.6614397369954323,0.6049708400711717,0.5032612772700181,0.6758682601917874,0.35357234794324405,0.9090792027065071,0.6912878979662898,0.7857497315015762,0.6107179522514343,0.7291666666666666,0.5,0.5,1.0,0.2155688622754491,0.11976047904191617,0.04790419161676647,0.0
W1_1.250488bpw,learned_learned_native,1.0,167,16,0.6506626165655092,0.5955258701828425,0.7040533232329773,0.6583085624271698,0.5713352572206525,0.735923574024617,0.38591241201490406,0.9399466373290997,0.6438835200991476,0.7095890223986447,0.5861833691596985,0.9791666666666666,0.5,0.5,1.46875,0.2874251497005988,0.15568862275449102,0.0658682634730539,0.0
W1_1.250488bpw,learned_learned_native,1.25,167,16,0.682009968546399,0.6277862416074218,0.7336720514047769,0.681119769223415,0.5801634958443448,0.7635375250483242,0.4286409934300595,0.9544947971266748,0.6167624272296861,0.6571294066133059,0.5706652402877808,1.2291666666666667,0.75,1.0,1.5,0.32934131736526945,0.17964071856287425,0.10778443113772455,0.005988023952095809
W1_1.250488bpw,learned_learned_native,1.5,167,16,0.7168464373631216,0.6654867832948398,0.764849798016092,0.7304157986678284,0.6473977851605026,0.7999442362357112,0.4726685313090373,0.9626906050001375,0.5876262773352843,0.6137031266835453,0.5344751477241516,1.4895833333333333,1.0,1.0,2.0,0.38323353293413176,0.2215568862275449,0.1497005988023952,0.011976047904191617
W1_1.250488bpw,learned_learned_native,2.0,167,16,0.7635443999329399,0.7145497070791286,0.8067593016009533,0.7684334752658134,0.712498048861792,0.8399923684633341,0.5355752666571716,0.9787083693546079,0.5037183542137466,0.560103232888731,0.4771362543106079,1.9895833333333333,1.5,1.5,2.5,0.48502994011976047,0.2874251497005988,0.19161676646706588,0.029940119760479042
W1_1.250488bpw,learned_learned_native,2.5,167,16,0.79637874978835,0.7502409285638494,0.8388668438012274,0.8059528853125076,0.7590861212346056,0.8697437551537743,0.5848596815185721,0.9872908580843381,0.448740840321837,0.52813376465689,0.44397634267807007,2.4895833333333335,2.0,2.5,3.0,0.5089820359281437,0.31736526946107785,0.23353293413173654,0.08383233532934131
W1_1.250488bpw,learned_learned_native,3.0,167,16,0.8193813921051587,0.7781778746334505,0.8579948787412017,0.8410599712871594,0.7740425277397174,0.895464161687679,0.617848246060586,0.990847550527071,0.42572441489361307,0.5060355762101647,0.41724327206611633,2.9895833333333335,2.5,2.5,3.96875,0.5568862275449101,0.3413173652694611,0.2754491017964072,0.10778443113772455
W1_1.250488bpw,learned_learned_native,4.0,167,16,0.842497179587979,0.804506745418013,0.8798571859808654,0.8592679659916763,0.8052870729537567,0.912443927015388,0.6569138310967764,0.9958153981337258,0.37407396386865427,0.49163238789534686,0.3660866916179657,3.6666666666666665,4.0,4.0,4.0,0.6287425149700598,0.39520958083832336,0.2994011976047904,0.17365269461077845
W1_1.250488bpw,pca_pca_native,0.0,167,16,0.0,0.0,0.0,0.0,0.0,0.0,0.0,0.0,1.0,1.0,0.8363089561462402,0.0,0.0,0.0,0.0,0.0,0.0,0.0,0.0
W1_1.250488bpw,pca_pca_native,0.25,167,16,0.47287363866115883,0.4100366524702317,0.5377265140441233,0.4631464716145768,0.3984758834983886,0.5182805377216566,0.22757491854722078,0.7992769693681808,0.8333600170475851,0.907159622617114,0.6846606731414795,0.22916666666666666,0.09375,0.09375,0.46875,0.10179640718562874,0.023952095808383235,0.005988023952095809,0.0
W1_1.250488bpw,pca_pca_native,0.5,167,16,0.5563770762074381,0.49080384051684306,0.6150447139716438,0.5418884885755519,0.4649929851983074,0.6310712162493628,0.2811821402486914,0.8626178621236247,0.7626957580503294,0.8298254900274783,0.6506006717681885,0.4791666666666667,0.1875,0.28125,0.75,0.1437125748502994,0.07784431137724551,0.011976047904191617,0.0
W1_1.250488bpw,pca_pca_native,0.75,167,16,0.6118595537367629,0.5521770129091882,0.667944783583966,0.6042269443650452,0.5150532777065413,0.7172995588373126,0.34288449329915893,0.916312003109311,0.7077145848475117,0.8122529122009237,0.6162053942680359,0.7291666666666666,0.28125,0.5,1.0,0.23952095808383234,0.10778443113772455,0.041916167664670656,0.0
W1_1.250488bpw,pca_pca_native,1.0,167,16,0.6548650649495031,0.5979066288877793,0.7082157979367301,0.6538502371411798,0.5625587329498369,0.7595770892040808,0.38330997006123857,0.9392779894864269,0.665008350686522,0.7422524539257905,0.5942608118057251,0.9791666666666666,0.5,0.5,1.46875,0.32335329341317365,0.1437125748502994,0.0658682634730539,0.0
W1_1.250488bpw,pca_pca_native,1.25,167,16,0.6856314672408274,0.6282047091000146,0.7382737010608302,0.6896613408737995,0.5981627859672881,0.7999014219713706,0.4149104946650504,0.9533337034081995,0.6393934615839117,0.6947437631088178,0.5571163296699524,1.2291666666666667,0.75,1.0,1.5,0.3652694610778443,0.20958083832335328,0.11377245508982035,0.005988023952095809
W1_1.250488bpw,pca_pca_native,1.5,167,16,0.7236478654697253,0.6709544049298591,0.7753149139827258,0.7329717850760938,0.6409154259470187,0.8404842772928939,0.4621693951585396,0.9691752322039756,0.5790397646674181,0.6255888215237477,0.5310009717941284,1.4895833333333333,1.0,1.25,2.0,0.437125748502994,0.24550898203592814,0.15568862275449102,0.017964071856287425
W1_1.250488bpw,pca_pca_native,2.0,167,16,0.7654030868595565,0.7148776662095632,0.811894196147732,0.7744602398200818,0.6929058113508333,0.8909812072070046,0.5119188783755161,0.9816159112486019,0.5143852326745996,0.576095624394329,0.48900097608566284,1.9895833333333333,1.5,1.5,2.5,0.47305389221556887,0.32934131736526945,0.25149700598802394,0.05389221556886228
W1_1.250488bpw,pca_pca_native,2.5,167,16,0.8000657425564456,0.7522202627955719,0.8446792047058508,0.8106038829924663,0.7413126285837361,0.9153594398392181,0.5693043563392329,0.9900475338724034,0.46368593365318295,0.524728580334236,0.43971338868141174,2.4895833333333335,2.0,2.0,3.0,0.5089820359281437,0.3652694610778443,0.2934131736526946,0.10778443113772455
W1_1.250488bpw,pca_pca_native,3.0,167,16,0.8254002112812554,0.7866333869624593,0.8635844007473991,0.8270326200592324,0.774590671513116,0.9261950443977097,0.5962327258496359,0.9931896830996775,0.4157994798887235,0.4471631721179562,0.4040549695491791,2.9895833333333335,3.0,2.5,3.96875,0.5748502994011976,0.40119760479041916,0.30538922155688625,0.15568862275449102
W1_1.250488bpw,pca_pca_native,4.0,167,16,0.8552636487356929,0.8236513050362124,0.8865883410796614,0.8721833864124303,0.8124043721299167,0.9363660139997974,0.6613352606828313,0.9962872466215877,0.3695902472372895,0.4227623907106197,0.36144477128982544,3.6666666666666665,4.0,4.0,4.0,0.6526946107784432,0.437125748502994,0.32934131736526945,0.18562874251497005
Q2_2.250488bpw,all_generalized,0.0,167,16,0.0,0.0,0.0,0.0,0.0,0.0,0.0,0.0,1.0,1.0,0.5337511301040649,0.0,0.0,0.0,0.0,0.0,0.0,0.0,0.0
Q2_2.250488bpw,all_generalized,0.25,167,16,0.4583008468340453,0.3982103062700647,0.5136732004416098,0.41888059760383767,0.35312010825211004,0.505393139228036,0.21156363901005662,0.7919872607481091,0.8188209055564775,0.8642008744259118,0.4503202438354492,0.22916666666666666,0.09375,0.1875,0.46875,0.10179640718562874,0.005988023952095809,0.0,0.0
Q2_2.250488bpw,all_generalized,0.5,167,16,0.5553107767656057,0.4925778824325789,0.6100310533149413,0.528688086234343,0.4532913858759251,0.6052253737557611,0.31403846175382893,0.8735519858716116,0.7469254879040552,0.8289941902768434,0.41557079553604126,0.4791666666666667,0.1875,0.1875,0.75,0.17964071856287425,0.07784431137724551,0.011976047904191617,0.0
Q2_2.250488bpw,all_generalized,0.75,167,16,0.6173376150699889,0.5561638239351592,0.6693009689651525,0.6089607521526657,0.5361251574752485,0.6736334188551967,0.361690374280014,0.9167810382770308,0.6688031085879462,0.789376936059371,0.38452646136283875,0.7291666666666666,0.25,0.5,1.25,0.23353293413173654,0.11976047904191617,0.03592814371257485,0.0
Q2_2.250488bpw,all_generalized,1.0,167,16,0.6647384463831049,0.6063205002336247,0.7126717415367059,0.6671336296144219,0.5922866106902933,0.7234964306044219,0.41334046647253736,0.9404131812749922,0.6196946478035582,0.7137237843448545,0.35672613978385925,0.9791666666666666,0.5,0.5,1.5,0.2754491017964072,0.16167664670658682,0.08982035928143713,0.0
Q2_2.250488bpw,all_generalized,1.25,167,16,0.7002454060439331,0.6476775669027618,0.7484522201713911,0.6911056082690878,0.630599010946722,0.7582123802562749,0.4667848239409408,0.9513593815330781,0.5691137281632437,0.6977444755781624,0.3392774760723114,1.2291666666666667,0.5,0.75,2.0,0.32335329341317365,0.20958083832335328,0.11377245508982035,0.0
Q2_2.250488bpw,all_generalized,1.5,167,16,0.7427587284468545,0.6945402032249879,0.7893862723228458,0.7540147060470546,0.6756254903393499,0.8052868755867733,0.5172530737923801,0.9663097781185123,0.5044093301102934,0.589549731107959,0.3242795169353485,1.4895833333333333,0.5,0.75,2.96875,0.39520958083832336,0.23952095808383234,0.1377245508982036,0.011976047904191617
Q2_2.250488bpw,all_generalized,2.0,167,16,0.7913884848713751,0.7435468748457947,0.835283022726734,0.7991289484715174,0.7317291510596515,0.8604444950028984,0.5879670598263497,0.9784566944723989,0.4494422745553452,0.5242610616740333,0.285673052072525,1.9895833333333333,1.25,1.25,3.0,0.49700598802395207,0.30538922155688625,0.20359281437125748,0.023952095808383235
Q2_2.250488bpw,all_generalized,2.5,167,16,0.8293899265864141,0.7870271906234017,0.8664399918271086,0.8396270773864214,0.7725283809298621,0.9000830943660895,0.6526631535731509,0.9847506904617742,0.3902818849354672,0.44192372815028436,0.2537387013435364,2.4166666666666665,2.0,1.5,4.0,0.5568862275449101,0.3772455089820359,0.2634730538922156,0.05389221556886228
Q2_2.250488bpw,all_generalized,3.0,167,16,0.8557103108171975,0.8189809648587583,0.8899662315793337,0.8718218018927678,0.8074019790345494,0.9231931912348585,0.7042324152941374,0.9882381126198204,0.3361145564975445,0.4085135982365229,0.23065578937530518,2.9166666666666665,2.5,2.5,4.0,0.6407185628742516,0.4311377245508982,0.30538922155688625,0.08982035928143713
Q2_2.250488bpw,all_generalized,4.0,167,16,0.8838470311453372,0.8530715310076982,0.914211748304594,0.8978460896904242,0.8613706946256807,0.9342265998280292,0.7605991288484835,0.9902322503341258,0.2974355328700398,0.37793277207112314,0.195527583360672,3.6666666666666665,4.0,4.0,4.0,0.8143712574850299,0.49700598802395207,0.32934131736526945,0.10179640718562874
Q2_2.250488bpw,all_native,0.0,167,16,0.0,0.0,0.0,0.0,0.0,0.0,0.0,0.0,1.0,1.0,0.5337511301040649,0.0,0.0,0.0,0.0,0.0,0.0,0.0,0.0
Q2_2.250488bpw,all_native,0.25,167,16,0.43884956862579283,0.39226870908198896,0.4868813661448733,0.42420020992275465,0.3768447963644681,0.4755329333623016,0.22220676123734648,0.6930906134905043,0.8250179670782267,0.8905138397225396,0.432512104511261,0.22916666666666666,0.09375,0.09375,0.46875,0.029940119760479042,0.005988023952095809,0.0,0.0
Q2_2.250488bpw,all_native,0.5,167,16,0.5246045069364107,0.4765675121395842,0.5769113435628225,0.5053739268001407,0.4573535469406597,0.5654756818862356,0.3016408186078332,0.7698876611455013,0.7579818669357485,0.8031481914512586,0.40873751044273376,0.4791666666666667,0.1875,0.1875,0.96875,0.0718562874251497,0.03592814371257485,0.005988023952095809,0.0
Q2_2.250488bpw,all_native,0.75,167,16,0.5724001927097337,0.523210858986242,0.6234536270176316,0.5566455427663435,0.4960941800391272,0.6174789415881474,0.3536071467664314,0.8141195749843222,0.6890131553554758,0.7757674139753957,0.3931824862957001,0.7291666666666666,0.28125,0.28125,1.25,0.11377245508982035,0.03592814371257485,0.011976047904191617,0.0
Q2_2.250488bpw,all_native,1.0,167,16,0.613995447389385,0.5610919555539405,0.6670590644019,0.5988518080526187,0.5384692334940432,0.6523946787568584,0.41175409702867716,0.8356219580170298,0.6396702466269879,0.7217785985662141,0.37718361616134644,0.9791666666666666,0.46875,0.5,1.5,0.12574850299401197,0.041916167664670656,0.023952095808383235,0.0
Q2_2.250488bpw,all_native,1.25,167,16,0.6442892150647789,0.5936347505272385,0.6933120524489533,0.6403085014650125,0.585364212280169,0.6866760692084,0.44418001113880184,0.8554073499117401,0.6116008886168953,0.67536398850051,0.3683106303215027,1.1875,0.5,0.75,2.0,0.18562874251497005,0.05389221556886228,0.029940119760479042,0.0
Q2_2.250488bpw,all_native,1.5,167,16,0.6788656540555781,0.6364391119185868,0.7229580875883486,0.6819068617278128,0.6151551529996339,0.7378000800979854,0.48755469526611017,0.8682767929222853,0.5537134245799314,0.6019116651462925,0.35583198070526123,1.4895833333333333,1.0,1.0,2.0,0.2275449101796407,0.059880239520958084,0.03592814371257485,0.0
Q2_2.250488bpw,all_native,2.0,167,16,0.729861769602318,0.686321464848959,0.7692398186567252,0.7260925643745685,0.6787422665262026,0.7861777176981644,0.5683655261169361,0.9077510242039206,0.4695704062162926,0.5483922921440386,0.32599130272865295,2.0,1.25,1.5,2.0,0.32934131736526945,0.1317365269461078,0.03592814371257485,0.0
Q2_2.250488bpw,all_native,2.5,167,16,0.7689807752510929,0.7292207821633495,0.8067150767452665,0.7571912095249898,0.7262071481696123,0.8234436639598497,0.6029314706771651,0.9294037692523778,0.4332726057147706,0.4834946167285141,0.30549249053001404,2.4270833333333335,2.0,2.5,2.5,0.41916167664670656,0.19760479041916168,0.059880239520958084,0.0
Q2_2.250488bpw,all_native,3.0,167,16,0.7976811600723381,0.758085285109101,0.8316790938466689,0.7924425956539892,0.7537461994007469,0.8549183896258166,0.6430439544267391,0.9498183814781522,0.3915231214193753,0.4563103078553599,0.28619691729545593,2.9895833333333335,3.0,4.0,3.0,0.49700598802395207,0.2634730538922156,0.10179640718562874,0.0
Q2_2.250488bpw,all_native,4.0,167,16,0.8289846401576534,0.7967083131806455,0.8597150077534286,0.827562745741372,0.7942667392739113,0.8861844238505614,0.6776339044908246,0.967938972604273,0.3558079505471581,0.4153268376939799,0.24321483075618744,3.9895833333333335,4.0,4.0,4.0,0.592814371257485,0.32934131736526945,0.20958083832335328,0.023952095808383235
Q2_2.250488bpw,all_pca,0.0,167,16,0.0,0.0,0.0,0.0,0.0,0.0,0.0,0.0,1.0,1.0,0.5337511301040649,0.0,0.0,0.0,0.0,0.0,0.0,0.0,0.0
Q2_2.250488bpw,all_pca,0.25,167,16,0.477012213772161,0.4201142342184574,0.5337533144071225,0.42860660456349875,0.36766129499317673,0.5111537102258206,0.2236874666396036,0.8337861471467929,0.821621535014448,0.9532596060208708,0.4473578631877899,0.22916666666666666,0.09375,0.15625,0.46875,0.11976047904191617,0.05389221556886228,0.005988023952095809,0.0
Q2_2.250488bpw,all_pca,0.5,167,16,0.5598635809125574,0.5053922682098568,0.6121933761446906,0.530816262662467,0.46583539244023975,0.5786191319571081,0.29702025648249913,0.8833162626071003,0.7500688192459594,0.8523578247719298,0.41407084465026855,0.4791666666666667,0.1875,0.1875,0.75,0.18562874251497005,0.08982035928143713,0.029940119760479042,0.0
Q2_2.250488bpw,all_pca,0.75,167,16,0.6151140033353512,0.5560622176206793,0.6683840722901274,0.5964094488636504,0.5332465861988248,0.6622933674738533,0.36624059750471466,0.9141594836642891,0.7042668014145419,0.775141709445597,0.39831259846687317,0.7291666666666666,0.1875,0.28125,1.25,0.2155688622754491,0.11976047904191617,0.0718562874251497,0.0
Q2_2.250488bpw,all_pca,1.0,167,16,0.6601729905240357,0.6092891657377114,0.7086394943602116,0.6579344845384961,0.5721988975545076,0.7134083156611934,0.40528706673634723,0.9440897663514654,0.6573282656732076,0.7511931203577854,0.365637868642807,0.9791666666666666,0.28125,0.5,2.0,0.2634730538922156,0.17365269461077845,0.09580838323353294,0.0
Q2_2.250488bpw,all_pca,1.25,167,16,0.6963430615529013,0.649156040596742,0.7399697506783001,0.6985314478864464,0.6263016207563354,0.7546920409720227,0.4373434076592073,0.9592846225414416,0.6010419042149492,0.718729691670315,0.34892892837524414,1.2291666666666667,0.5,0.71875,2.0,0.30538922155688625,0.19760479041916168,0.1317365269461078,0.005988023952095809
Q2_2.250488bpw,all_pca,1.5,167,16,0.7381113262628392,0.6905323219899123,0.7802247337215442,0.738922779661676,0.6722540903690969,0.7848494147695284,0.539161647980035,0.9671041855469509,0.5108269192725824,0.6034755868633399,0.30790165066719055,1.4791666666666667,0.5,0.75,2.96875,0.3592814371257485,0.2215568862275449,0.1437125748502994,0.017964071856287425
Q2_2.250488bpw,all_pca,2.0,167,16,0.7836758553444906,0.742342120536398,0.8213894221768686,0.7833364172973373,0.7304707720870112,0.8300647414038136,0.5920655217539523,0.9799321302128065,0.442212687309361,0.5192127780169647,0.2949836552143097,1.9895833333333333,1.0,1.25,4.0,0.4550898203592814,0.281437125748503,0.20359281437125748,0.04790419161676647
Q2_2.250488bpw,all_pca,2.5,167,16,0.8169537328588244,0.7796042103024985,0.8504590875147144,0.8075508042332535,0.7770803779435024,0.8647247799651512,0.6511992243454161,0.9866197092948323,0.3793165361032952,0.4539674038386923,0.2742958962917328,2.4270833333333335,1.5,2.0,4.0,0.5269461077844312,0.32934131736526945,0.2634730538922156,0.08383233532934131
Q2_2.250488bpw,all_pca,3.0,167,16,0.842593340035885,0.8115463793989951,0.871615636221869,0.8343672351921134,0.7964366794098175,0.8929973202475108,0.6928835463170409,0.9884172354428565,0.3398163568337247,0.43764869564711,0.24486041069030762,2.9166666666666665,2.0,2.5,4.0,0.6047904191616766,0.3772455089820359,0.2874251497005988,0.09580838323353294
Q2_2.250488bpw,all_pca,4.0,167,16,0.8685669391130962,0.8396138527020417,0.8953243655381595,0.8710888608710609,0.8343672351921134,0.9107709782411587,0.7214309090817201,0.9920696112901535,0.29909135932012887,0.418875172376726,0.21588224172592163,3.6666666666666665,4.0,4.0,4.0,0.7664670658682635,0.437125748502994,0.2994011976047904,0.12574850299401197
Q2_2.250488bpw,generalized_generalized_native,0.0,167,16,0.0,0.0,0.0,0.0,0.0,0.0,0.0,0.0,1.0,1.0,0.5337511301040649,0.0,0.0,0.0,0.0,0.0,0.0,0.0,0.0
Q2_2.250488bpw,generalized_generalized_native,0.25,167,16,0.5302313516084385,0.4729344180380907,0.5862927097889026,0.5114845040100194,0.4451484174025454,0.5864406621961461,0.268084466449334,0.7933993210590807,0.790104615133162,0.8504474630528492,0.4096156060695648,0.22916666666666666,0.09375,0.1875,0.28125,0.09580838323353294,0.03592814371257485,0.005988023952095809,0.0
Q2_2.250488bpw,generalized_generalized_native,0.5,167,16,0.6178174809618381,0.5554911218947008,0.6760878730147583,0.6106435498383671,0.5229669291784947,0.6976054096440046,0.3632976294567544,0.8843248646269147,0.6853646522490986,0.7712009265236315,0.3862435519695282,0.4791666666666667,0.1875,0.25,0.75,0.20359281437125748,0.08982035928143713,0.023952095808383235,0.0
Q2_2.250488bpw,generalized_generalized_native,0.75,167,16,0.6710721079701094,0.6121471099277994,0.7300935518082562,0.6648777009089113,0.5849566480259762,0.7571672415749604,0.4312429829864755,0.9278553437941839,0.6517003399672573,0.7064440174067668,0.3637382686138153,0.7291666666666666,0.28125,0.5,1.21875,0.31137724550898205,0.11976047904191617,0.0658682634730539,0.0
Q2_2.250488bpw,generalized_generalized_native,1.0,167,16,0.7102574678078175,0.6550156881723905,0.7668987057610115,0.7084972465748263,0.624840290330575,0.7972609785374285,0.48157380537903016,0.9410007233039803,0.584540090272033,0.6792243779647653,0.33986949920654297,0.9895833333333334,0.5,0.5,1.5,0.3712574850299401,0.19760479041916168,0.09580838323353294,0.005988023952095809
Q2_2.250488bpw,generalized_generalized_native,1.25,167,16,0.7431087671547685,0.6885754385610665,0.7954049871091196,0.7432703884373199,0.659532065361085,0.8452525938037145,0.5390034823483583,0.9577483123998748,0.5441639290075809,0.6792243779647653,0.33015695214271545,1.2291666666666667,0.5,0.75,2.0,0.41317365269461076,0.2634730538922156,0.1317365269461078,0.011976047904191617
Q2_2.250488bpw,generalized_generalized_native,1.5,167,16,0.7754567168866046,0.7225711996281952,0.8229118439555942,0.7803065785181393,0.7165372631094364,0.8628610943217505,0.5804973997889402,0.9674741435681702,0.4670714041480011,0.5776790337911203,0.30979591608047485,1.4895833333333333,1.0,1.0,2.46875,0.46706586826347307,0.2874251497005988,0.19760479041916168,0.017964071856287425
Q2_2.250488bpw,generalized_generalized_native,2.0,167,16,0.8137624773057816,0.7678627928539757,0.8575403442607212,0.8291504276687083,0.7507654206047395,0.8957899658871158,0.6322546303730149,0.9845826079483495,0.4062997097097932,0.5332630838525492,0.26718735694885254,2.0,1.5,1.25,2.96875,0.5329341317365269,0.3532934131736527,0.2694610778443114,0.059880239520958084
Q2_2.250488bpw,generalized_generalized_native,2.5,167,16,0.8428903620876079,0.7986509143265486,0.8813698327696751,0.8681742691688817,0.8009456980548262,0.9230551918390056,0.6749993770880175,0.9896848761628281,0.36097667921659105,0.48946722332343534,0.2499692291021347,2.4895833333333335,2.0,2.0,3.0,0.6227544910179641,0.40119760479041916,0.30538922155688625,0.10179640718562874
Q2_2.250488bpw,generalized_generalized_native,3.0,167,16,0.8635775469471376,0.8267758233598927,0.9003828693630206,0.889102297858097,0.8268888355911723,0.9262563784840347,0.7060103388960175,0.9940961334780635,0.3453732049192042,0.4461419753519411,0.22741533815860748,2.9895833333333335,2.5,2.5,4.0,0.7005988023952096,0.4550898203592814,0.33532934131736525,0.1497005988023952
Q2_2.250488bpw,generalized_generalized_native,4.0,167,16,0.8848650428243585,0.853897138724615,0.9151317909836073,0.9085524011655199,0.8561621932106951,0.9464656718801777,0.7592624525990176,0.9958110312309042,0.31944226678070087,0.3926753117488873,0.18960173428058624,3.6666666666666665,4.0,4.0,4.0,0.8083832335329342,0.5269461077844312,0.3532934131736527,0.17365269461077845
Q2_2.250488bpw,global_multi_view_oracle,0.0,167,16,0.0,0.0,0.0,0.0,0.0,0.0,0.0,0.0,1.0,1.0,0.5337511301040649,0.0,0.0,0.0,0.0,0.0,0.0,0.0,0.0
Q2_2.250488bpw,global_multi_view_oracle,0.25,167,16,0.5934323639835469,0.532639975557635,0.645173595073635,0.5769117797352133,0.5148648571625831,0.6454553708752739,0.359263619024508,0.8622351785653398,0.6950927826855821,0.7765349053060642,0.4016540050506592,0.23958333333333334,0.09375,0.1875,0.46875,0.1497005988023952,0.0718562874251497,0.011976047904191617,0.0
Q2_2.250488bpw,global_multi_view_oracle,0.5,167,16,0.6746338275517941,0.62357095137814,0.7259088238974925,0.6640467727245387,0.5907244184153516,0.733857612828122,0.4497053678399333,0.9127740701553212,0.6094590770880968,0.6713056260240243,0.3695322871208191,0.4791666666666667,0.1875,0.28125,0.75,0.2934131736526946,0.11976047904191617,0.059880239520958084,0.0
Q2_2.250488bpw,global_multi_view_oracle,0.75,167,16,0.7200076875219776,0.6706007751993539,0.7672939515497745,0.7138933843747919,0.6542178618079314,0.8012852929759811,0.49891805310329645,0.9451332447386622,0.533600228007352,0.6178211396280526,0.34314292669296265,0.7291666666666666,0.28125,0.5,1.0,0.3712574850299401,0.17365269461077845,0.09580838323353294,0.0
Q2_2.250488bpw,global_multi_view_oracle,1.0,167,16,0.753156147446261,0.7015581201030169,0.8006387632025131,0.7552824260293121,0.6650301103064297,0.8344075004203801,0.5444735876659813,0.9669019264279894,0.4903910113372123,0.580480874942345,0.32242724299430847,0.9895833333333334,0.5,0.75,1.5,0.4431137724550898,0.24550898203592814,0.12574850299401197,0.005988023952095809
Q2_2.250488bpw,global_multi_view_oracle,1.25,167,16,0.7800130601680143,0.7298251057484352,0.8241343011780018,0.7882911367104787,0.7053344110470802,0.8646317402691779,0.5827833585696938,0.9730128963672413,0.45509890725092345,0.5492285643676579,0.30802685022354126,1.2395833333333333,0.75,1.0,1.96875,0.47904191616766467,0.30538922155688625,0.17365269461077845,0.017964071856287425
Q2_2.250488bpw,global_multi_view_oracle,1.5,167,16,0.8041809489399376,0.7592664108299515,0.8471904902242334,0.8130068299394516,0.7273118601904662,0.876434092214033,0.6261591594108512,0.9796148779655043,0.40777579012459836,0.4838910947072324,0.29600074887275696,1.4895833333333333,1.0,1.0,2.0,0.5269461077844312,0.3413173652694611,0.2155688622754491,0.029940119760479042
Q2_2.250488bpw,global_multi_view_oracle,2.0,167,16,0.8389878024601075,0.797007839153664,0.8785507461485651,0.8553166318501806,0.7720943225200372,0.918740100981211,0.6782177813267075,0.9864477369239774,0.3851229099428306,0.45615159843249053,0.26718735694885254,2.0,1.5,1.25,3.0,0.5988023952095808,0.39520958083832336,0.2934131736526946,0.07784431137724551
Q2_2.250488bpw,global_multi_view_oracle,2.5,167,16,0.865684594685034,0.8289813878210005,0.8994729805112217,0.8798294374062297,0.8132858076969153,0.9452966025929844,0.7239099867858023,0.9922115150108171,0.32287508972171547,0.39401419275624266,0.23957183957099915,2.4895833333333335,2.0,2.0,3.96875,0.6706586826347305,0.4311377245508982,0.3413173652694611,0.11976047904191617
Q2_2.250488bpw,global_multi_view_oracle,3.0,167,16,0.8876659037285114,0.8565246958405321,0.915502199730283,0.901468164423642,0.8505057687636467,0.9527882527732808,0.7694692077488698,0.9945388058124378,0.26906797133490745,0.36316141418196835,0.20802389085292816,2.9895833333333335,2.5,3.0,4.0,0.8143712574850299,0.5029940119760479,0.3652694610778443,0.16167664670658682
Q2_2.250488bpw,global_multi_view_oracle,4.0,167,16,0.9138715312973825,0.8900488793518089,0.9368140545334416,0.9237305149864931,0.9007121078840649,0.9614638312824528,0.8198026389273667,0.9963061915966503,0.2170524497108129,0.30291595391637977,0.18115776777267456,3.9895833333333335,4.0,4.0,4.0,0.9341317365269461,0.6107784431137725,0.40119760479041916,0.2155688622754491
Q2_2.250488bpw,learned_learned_native,0.0,167,16,0.0,0.0,0.0,0.0,0.0,0.0,0.0,0.0,1.0,1.0,0.5337511301040649,0.0,0.0,0.0,0.0,0.0,0.0,0.0,0.0
Q2_2.250488bpw,learned_learned_native,0.25,167,16,0.5262829945961728,0.4742314748605464,0.5784374513432591,0.5155101347171092,0.4585120872618235,0.5748533980448339,0.28664699746584665,0.7883423046185337,0.80090747963972,0.8455051243050775,0.408784955739975,0.22916666666666666,0.09375,0.09375,0.46875,0.08982035928143713,0.029940119760479042,0.0,0.0
Q2_2.250488bpw,learned_learned_native,0.5,167,16,0.6100117742253736,0.551872438238674,0.6679531359556746,0.606256530614552,0.5448339258370185,0.6694863940315203,0.3545773038941957,0.8706257283099887,0.6925696580149479,0.7888290770146738,0.3924505114555359,0.4791666666666667,0.1875,0.25,0.75,0.19161676646706588,0.07784431137724551,0.029940119760479042,0.0
Q2_2.250488bpw,learned_learned_native,0.75,167,16,0.6602599475509603,0.6023357794564554,0.7150104093499468,0.6607364380389884,0.5918628718379441,0.7448295347129503,0.4037710485571938,0.9042817797959278,0.661127148538053,0.7433982796105073,0.3702702224254608,0.7291666666666666,0.5,0.5,1.0,0.2694610778443114,0.11976047904191617,0.05389221556886228,0.0
Q2_2.250488bpw,learned_learned_native,1.0,167,16,0.6976828596887413,0.6440579054448484,0.7529402316123659,0.7008803864996342,0.612396520238432,0.7823577537540105,0.4603070330275966,0.936155845474376,0.6048148992630006,0.6788978737819963,0.3507261276245117,0.9791666666666666,0.5,0.75,1.46875,0.3473053892215569,0.18562874251497005,0.07784431137724551,0.005988023952095809
Q2_2.250488bpw,learned_learned_native,1.25,167,16,0.7277938189355628,0.6719297571816545,0.7809739485946157,0.7294402477085757,0.6547228290472873,0.8167211173713919,0.49226906857834835,0.9519759669219455,0.5622477777737511,0.635932654905516,0.32392603158950806,1.2291666666666667,0.5,1.0,2.0,0.39520958083832336,0.20359281437125748,0.10778443113772455,0.011976047904191617
Q2_2.250488bpw,learned_learned_native,1.5,167,16,0.7580599035378212,0.7052220255185323,0.8079475096216311,0.7743115927413975,0.6967235198922671,0.8408094881854846,0.5230702027946678,0.9587685247450298,0.5121442589980881,0.5990926156125904,0.3107311427593231,1.4895833333333333,0.75,1.0,2.0,0.4550898203592814,0.2275449101796407,0.1497005988023952,0.023952095808383235
Q2_2.250488bpw,learned_learned_native,2.0,167,16,0.797760204243197,0.7470138720152857,0.8427238325119311,0.8114181891007959,0.7453653737748231,0.8726633641587349,0.6065651322064618,0.9762546823431052,0.4810438665856335,0.5651225570074764,0.2881750464439392,1.9895833333333333,1.5,1.25,2.5,0.5389221556886228,0.2994011976047904,0.19161676646706588,0.03592814371257485
Q2_2.250488bpw,learned_learned_native,2.5,167,16,0.824870312459795,0.7813649883130517,0.865665597254095,0.8376240121980152,0.789517480018388,0.9028235536082391,0.6404703163700277,0.9841027606015434,0.43667162253257863,0.5110270699212592,0.26331666111946106,2.4270833333333335,2.0,2.0,3.0,0.5988023952095808,0.3772455089820359,0.23952095808383234,0.08383233532934131
Q2_2.250488bpw,learned_learned_native,3.0,167,16,0.8459890281168104,0.806078947310209,0.8833233484163997,0.8549559717352225,0.8146438121198527,0.9122961290517017,0.6757396960327806,0.9884863901598375,0.3942589652487414,0.463829756508235,0.2390832006931305,2.9166666666666665,2.5,2.5,4.0,0.6646706586826348,0.40718562874251496,0.25748502994011974,0.08982035928143713
Q2_2.250488bpw,learned_learned_native,4.0,167,16,0.8690503820131307,0.8387804918220085,0.8997894488894405,0.8811536716016171,0.8519679682294554,0.9237400760566149,0.6951838179628556,0.9929342258687495,0.3473018467452642,0.40201098813911085,0.2097533941268921,3.6666666666666665,4.0,4.0,4.0,0.7544910179640718,0.46706586826347307,0.30538922155688625,0.12574850299401197
Q2_2.250488bpw,pca_pca_native,0.0,167,16,0.0,0.0,0.0,0.0,0.0,0.0,0.0,0.0,1.0,1.0,0.5337511301040649,0.0,0.0,0.0,0.0,0.0,0.0,0.0,0.0
Q2_2.250488bpw,pca_pca_native,0.25,167,16,0.5364634579070394,0.4752992898481087,0.5932782248952094,0.5164264906489504,0.4383746290824624,0.5864469979378173,0.294210617233092,0.7967224728947533,0.8008565401771316,0.8611690648246799,0.4015701413154602,0.23958333333333334,0.09375,0.15625,0.46875,0.09580838323353294,0.041916167664670656,0.005988023952095809,0.0
Q2_2.250488bpw,pca_pca_native,0.5,167,16,0.6198979489600019,0.5576463281451396,0.6763577617405823,0.6139911778376235,0.526673280125157,0.691969092849548,0.37067827436166717,0.8971826377110976,0.6873945428995896,0.7912735453975568,0.3858969211578369,0.4791666666666667,0.1875,0.1875,0.75,0.2155688622754491,0.09580838323353294,0.03592814371257485,0.0
Q2_2.250488bpw,pca_pca_native,0.75,167,16,0.6684404002943615,0.6092601020811489,0.7240522015456187,0.6587925138632835,0.561231024328883,0.7524375644432106,0.4160473548070748,0.9295582061666434,0.6489173784623761,0.704269014182521,0.3711177408695221,0.7291666666666666,0.28125,0.5,1.21875,0.31137724550898205,0.1437125748502994,0.05389221556886228,0.0
Q2_2.250488bpw,pca_pca_native,1.0,167,16,0.7069290910204179,0.6506948505327546,0.7609393619530623,0.7025451232348319,0.6155483624878682,0.8033933564178809,0.4714299213684098,0.9473626406032851,0.5938411405824869,0.651079330587823,0.34506160020828247,0.9895833333333334,0.5,0.71875,1.46875,0.3712574850299401,0.18562874251497005,0.09580838323353294,0.0
Q2_2.250488bpw,pca_pca_native,1.25,167,16,0.7369526863947016,0.6804818040380344,0.7894912889243206,0.7293345392869808,0.6706605086141406,0.824125657869877,0.5182315052773045,0.9601853219827116,0.545037978025845,0.602466028240387,0.3227699398994446,1.2291666666666667,0.5,0.75,2.0,0.40718562874251496,0.2275449101796407,0.1437125748502994,0.005988023952095809
Q2_2.250488bpw,pca_pca_native,1.5,167,16,0.7678401787927339,0.7155870539162521,0.818089889003098,0.7719508307338497,0.7028804756086289,0.8569476165207339,0.55849344860542,0.9714054881828483,0.4908822939939088,0.5731973938613261,0.30195990204811096,1.4895833333333333,0.75,1.0,2.46875,0.437125748502994,0.2754491017964072,0.16766467065868262,0.023952095808383235
Q2_2.250488bpw,pca_pca_native,2.0,167,16,0.8067484475536015,0.7540739401294456,0.853406043565041,0.8098909564305076,0.7298445767733501,0.8868410463790785,0.6057655605480221,0.9820237198574902,0.4368034523691299,0.505464766139374,0.27834197878837585,1.9895833333333333,1.5,1.5,2.5,0.5389221556886228,0.3532934131736527,0.24550898203592814,0.07784431137724551
Q2_2.250488bpw,pca_pca_native,2.5,167,16,0.8340670431913213,0.7884471892252436,0.8740581842120639,0.8369959342223138,0.772058704469891,0.918300591116667,0.6583987630393069,0.9900056258129583,0.3944244551648619,0.462095983786087,0.2618834972381592,2.4895833333333335,2.0,2.0,3.0,0.5808383233532934,0.38922155688622756,0.2994011976047904,0.10179640718562874
Q2_2.250488bpw,pca_pca_native,3.0,167,16,0.8528935733458671,0.8147465496998271,0.8904730295308966,0.8619625798695447,0.8084274217623748,0.9298393823799272,0.6764185991753787,0.992802634126011,0.362274809163091,0.42565203912399785,0.23845382034778595,2.9895833333333335,2.5,3.0,4.0,0.6586826347305389,0.41916167664670656,0.32934131736526945,0.1437125748502994
Q2_2.250488bpw,pca_pca_native,4.0,167,16,0.8718670687451581,0.8386444401634499,0.9053088989750782,0.8819723459092947,0.8469324526841884,0.9392960071143431,0.7190015650991677,0.9955821907389351,0.34660545540365134,0.40772921765368175,0.2180081456899643,3.6666666666666665,4.0,4.0,4.0,0.7485029940119761,0.4491017964071856,0.3413173652694611,0.19161676646706588
