resident_base,layer,projection,budget_bpw,invocations,recovery_median,relative_output_error_median,base_damage_median
Q2 (2.250488 resident bpw),0,down,0.0,111,0.0,0.3465684652328491,0.020017184174658136
Q2 (2.250488 resident bpw),0,down,0.05,111,0.23041875431072734,0.3229910135269165,0.020017184174658136
Q2 (2.250488 resident bpw),0,down,0.1,111,0.4568645134797157,0.282674640417099,0.020017184174658136
Q2 (2.250488 resident bpw),0,down,0.2,111,0.5989007577435281,0.24503155052661896,0.020017184174658136
Q2 (2.250488 resident bpw),0,down,0.3,111,0.6421634216939434,0.22872164845466614,0.020017184174658136
Q2 (2.250488 resident bpw),0,down,0.5,111,0.745765616353757,0.1995297372341156,0.020017184174658136
Q2 (2.250488 resident bpw),0,down,0.75,111,0.792220087714697,0.17410805821418762,0.020017184174658136
Q2 (2.250488 resident bpw),0,down,1.0,111,0.8499469630818723,0.1546851396560669,0.020017184174658136
Q2 (2.250488 resident bpw),0,down,1.25,111,0.8775563282900947,0.13842438161373138,0.020017184174658136
Q2 (2.250488 resident bpw),0,down,1.5,111,0.9046535835631757,0.12170591205358505,0.020017184174658136
Q2 (2.250488 resident bpw),0,down,2.0,111,0.9317706909626594,0.09882619231939316,0.020017184174658136
Q2 (2.250488 resident bpw),0,down,2.5,111,0.9528029236348673,0.07938361912965775,0.020017184174658136
Q2 (2.250488 resident bpw),0,down,3.0,111,0.9706757267937369,0.06259474158287048,0.020017184174658136
Q2 (2.250488 resident bpw),0,down,4.0,111,0.9871685379696052,0.03999653831124306,0.020017184174658136
Q2 (2.250488 resident bpw),0,gate,0.0,111,0.0,0.23160669207572937,1.9235649065477758
Q2 (2.250488 resident bpw),0,gate,0.05,111,0.4386499565087031,0.1694100797176361,1.9235649065477758
Q2 (2.250488 resident bpw),0,gate,0.1,111,0.6155284679705476,0.13580411672592163,1.9235649065477758
Q2 (2.250488 resident bpw),0,gate,0.2,111,0.7482596923978337,0.11278846114873886,1.9235649065477758
Q2 (2.250488 resident bpw),0,gate,0.3,111,0.7834206931292045,0.10382415354251862,1.9235649065477758
Q2 (2.250488 resident bpw),0,gate,0.5,111,0.8527454000069656,0.08526218682527542,1.9235649065477758
Q2 (2.250488 resident bpw),0,gate,0.75,111,0.8801144865140006,0.07426551729440689,1.9235649065477758
Q2 (2.250488 resident bpw),0,gate,1.0,111,0.9132544523137553,0.06540357321500778,1.9235649065477758
Q2 (2.250488 resident bpw),0,gate,1.25,111,0.9415517215309123,0.05429956316947937,1.9235649065477758
Q2 (2.250488 resident bpw),0,gate,1.5,111,0.9523419374362847,0.0501791350543499,1.9235649065477758
Q2 (2.250488 resident bpw),0,gate,2.0,111,0.9709672720523395,0.0409742034971714,1.9235649065477758
Q2 (2.250488 resident bpw),0,gate,2.5,111,0.9835978311372794,0.02937181480228901,1.9235649065477758
Q2 (2.250488 resident bpw),0,gate,3.0,111,0.9893912093912769,0.023514028638601303,1.9235649065477758
Q2 (2.250488 resident bpw),0,gate,4.0,111,0.9933143859144369,0.018765516579151154,1.9235649065477758
Q2 (2.250488 resident bpw),0,up,0.0,111,0.0,0.26781007647514343,1.0323940969846672
Q2 (2.250488 resident bpw),0,up,0.05,111,0.36631646777882276,0.2119360864162445,1.0323940969846672
Q2 (2.250488 resident bpw),0,up,0.1,111,0.5419016886532602,0.17720498144626617,1.0323940969846672
Q2 (2.250488 resident bpw),0,up,0.2,111,0.6766084238943764,0.1515474021434784,1.0323940969846672
Q2 (2.250488 resident bpw),0,up,0.3,111,0.7124792846929247,0.13990911841392517,1.0323940969846672
Q2 (2.250488 resident bpw),0,up,0.5,111,0.7873013780766643,0.12463987618684769,1.0323940969846672
Q2 (2.250488 resident bpw),0,up,0.75,111,0.8252248049043347,0.10996147245168686,1.0323940969846672
Q2 (2.250488 resident bpw),0,up,1.0,111,0.8874298469451811,0.09069520980119705,1.0323940969846672
Q2 (2.250488 resident bpw),0,up,1.25,111,0.9340489045953275,0.07171948999166489,1.0323940969846672
Q2 (2.250488 resident bpw),0,up,1.5,111,0.9457664189243781,0.06296337395906448,1.0323940969846672
Q2 (2.250488 resident bpw),0,up,2.0,111,0.9639124327628721,0.05087694153189659,1.0323940969846672
Q2 (2.250488 resident bpw),0,up,2.5,111,0.9764972477348843,0.04039449244737625,1.0323940969846672
Q2 (2.250488 resident bpw),0,up,3.0,111,0.9854128401167099,0.033021122217178345,1.0323940969846672
Q2 (2.250488 resident bpw),0,up,4.0,111,0.9902438346279814,0.0263973455876112,1.0323940969846672
Q2 (2.250488 resident bpw),20,down,0.0,136,0.0,0.34038765728473663,0.33954527949250923
Q2 (2.250488 resident bpw),20,down,0.05,136,0.12327453535911431,0.32763153314590454,0.33954527949250923
Q2 (2.250488 resident bpw),20,down,0.1,136,0.25296101282425654,0.3103494793176651,0.33954527949250923
Q2 (2.250488 resident bpw),20,down,0.2,136,0.33867121567731395,0.2952613830566406,0.33954527949250923
Q2 (2.250488 resident bpw),20,down,0.3,136,0.38847550234556427,0.28525809943675995,0.33954527949250923
Q2 (2.250488 resident bpw),20,down,0.5,136,0.43260185573115456,0.27198582887649536,0.33954527949250923
Q2 (2.250488 resident bpw),20,down,0.75,136,0.48929310449706165,0.25715842843055725,0.33954527949250923
Q2 (2.250488 resident bpw),20,down,1.0,136,0.5386773993632218,0.2472122311592102,0.33954527949250923
Q2 (2.250488 resident bpw),20,down,1.25,136,0.5877449954347367,0.23498158156871796,0.33954527949250923
Q2 (2.250488 resident bpw),20,down,1.5,136,0.6282659839514062,0.22730780392885208,0.33954527949250923
Q2 (2.250488 resident bpw),20,down,2.0,136,0.689985717053554,0.20371419191360474,0.33954527949250923
Q2 (2.250488 resident bpw),20,down,2.5,136,0.7296415873889659,0.18581411987543106,0.33954527949250923
Q2 (2.250488 resident bpw),20,down,3.0,136,0.7931695723774931,0.16911502927541733,0.33954527949250923
Q2 (2.250488 resident bpw),20,down,4.0,136,0.8954991847135187,0.1121184304356575,0.33954527949250923
Q2 (2.250488 resident bpw),20,gate,0.0,136,0.0,0.2587740570306778,21.514686497067782
Q2 (2.250488 resident bpw),20,gate,0.05,136,0.34520479950987226,0.20576351135969162,21.514686497067782
Q2 (2.250488 resident bpw),20,gate,0.1,136,0.40802989227255704,0.19420703500509262,21.514686497067782
Q2 (2.250488 resident bpw),20,gate,0.2,136,0.44214601847975527,0.18851649016141891,21.514686497067782
Q2 (2.250488 resident bpw),20,gate,0.3,136,0.4652489757400499,0.1854882910847664,21.514686497067782
Q2 (2.250488 resident bpw),20,gate,0.5,136,0.5095578788985886,0.17858357727527618,21.514686497067782
Q2 (2.250488 resident bpw),20,gate,0.75,136,0.5361290607693152,0.17266540974378586,21.514686497067782
Q2 (2.250488 resident bpw),20,gate,1.0,136,0.5547696822704802,0.16780681163072586,21.514686497067782
Q2 (2.250488 resident bpw),20,gate,1.25,136,0.5783787138303831,0.16384964436292648,21.514686497067782
Q2 (2.250488 resident bpw),20,gate,1.5,136,0.6148150227333866,0.15928462892770767,21.514686497067782
Q2 (2.250488 resident bpw),20,gate,2.0,136,0.6524856976411382,0.15157686918973923,21.514686497067782
Q2 (2.250488 resident bpw),20,gate,2.5,136,0.726555569757867,0.1336461901664734,21.514686497067782
Q2 (2.250488 resident bpw),20,gate,3.0,136,0.7489006675451975,0.13070769608020782,21.514686497067782
Q2 (2.250488 resident bpw),20,gate,4.0,136,0.8409472139996294,0.1030198484659195,21.514686497067782
Q2 (2.250488 resident bpw),20,up,0.0,136,0.0,0.34250862896442413,13.448627804931705
Q2 (2.250488 resident bpw),20,up,0.05,136,0.15339363821864,0.31733712553977966,13.448627804931705
Q2 (2.250488 resident bpw),20,up,0.1,136,0.22369301645232198,0.3045806288719177,13.448627804931705
Q2 (2.250488 resident bpw),20,up,0.2,136,0.276460328906022,0.2957376092672348,13.448627804931705
Q2 (2.250488 resident bpw),20,up,0.3,136,0.30463655851375604,0.2867625206708908,13.448627804931705
Q2 (2.250488 resident bpw),20,up,0.5,136,0.33962123543590367,0.27792663872241974,13.448627804931705
Q2 (2.250488 resident bpw),20,up,0.75,136,0.3801595344727905,0.2685110867023468,13.448627804931705
Q2 (2.250488 resident bpw),20,up,1.0,136,0.41623804408749765,0.26116545498371124,13.448627804931705
Q2 (2.250488 resident bpw),20,up,1.25,136,0.4435763181568951,0.2552671730518341,13.448627804931705
Q2 (2.250488 resident bpw),20,up,1.5,136,0.4795211007984239,0.24790576100349426,13.448627804931705
Q2 (2.250488 resident bpw),20,up,2.0,136,0.531047309281689,0.23466618359088898,13.448627804931705
Q2 (2.250488 resident bpw),20,up,2.5,136,0.6466494185856626,0.20058363676071167,13.448627804931705
Q2 (2.250488 resident bpw),20,up,3.0,136,0.6774770723179746,0.19259534776210785,13.448627804931705
Q2 (2.250488 resident bpw),20,up,4.0,136,0.7798932275555653,0.16033309698104858,13.448627804931705
Q2 (2.250488 resident bpw),39,down,0.0,153,0.0,0.37476977705955505,2.9246792889019972
Q2 (2.250488 resident bpw),39,down,0.05,153,0.09032005317579295,0.3669726252555847,2.9246792889019972
Q2 (2.250488 resident bpw),39,down,0.1,153,0.20502723127858513,0.345367431640625,2.9246792889019972
Q2 (2.250488 resident bpw),39,down,0.2,153,0.2876729054362499,0.32951515913009644,2.9246792889019972
Q2 (2.250488 resident bpw),39,down,0.3,153,0.36169345781209594,0.319534033536911,2.9246792889019972
Q2 (2.250488 resident bpw),39,down,0.5,153,0.4271746578223622,0.30194586515426636,2.9246792889019972
Q2 (2.250488 resident bpw),39,down,0.75,153,0.49327963559699795,0.2888941466808319,2.9246792889019972
Q2 (2.250488 resident bpw),39,down,1.0,153,0.5461922585722976,0.27176788449287415,2.9246792889019972
Q2 (2.250488 resident bpw),39,down,1.25,153,0.5757507949730654,0.2647307813167572,2.9246792889019972
Q2 (2.250488 resident bpw),39,down,1.5,153,0.6085288275498855,0.2526969909667969,2.9246792889019972
Q2 (2.250488 resident bpw),39,down,2.0,153,0.6784181692716873,0.22840091586112976,2.9246792889019972
Q2 (2.250488 resident bpw),39,down,2.5,153,0.731319068067147,0.21190163493156433,2.9246792889019972
Q2 (2.250488 resident bpw),39,down,3.0,153,0.7672212711267486,0.19113066792488098,2.9246792889019972
Q2 (2.250488 resident bpw),39,down,4.0,153,0.8885010762531185,0.12160863727331161,2.9246792889019972
Q2 (2.250488 resident bpw),39,gate,0.0,153,0.0,0.20433567464351654,44.484950011436
Q2 (2.250488 resident bpw),39,gate,0.05,153,0.45038318215303774,0.14860595762729645,44.484950011436
Q2 (2.250488 resident bpw),39,gate,0.1,153,0.5032089609300153,0.14329878985881805,44.484950011436
Q2 (2.250488 resident bpw),39,gate,0.2,153,0.5304172813761645,0.13737231492996216,44.484950011436
Q2 (2.250488 resident bpw),39,gate,0.3,153,0.5549136950300357,0.1336032748222351,44.484950011436
Q2 (2.250488 resident bpw),39,gate,0.5,153,0.5855541845675576,0.12925085425376892,44.484950011436
Q2 (2.250488 resident bpw),39,gate,0.75,153,0.6189416768495732,0.1251477599143982,44.484950011436
Q2 (2.250488 resident bpw),39,gate,1.0,153,0.6377884305421309,0.12100640684366226,44.484950011436
Q2 (2.250488 resident bpw),39,gate,1.25,153,0.6547307348537891,0.1182149276137352,44.484950011436
Q2 (2.250488 resident bpw),39,gate,1.5,153,0.6723046683557041,0.1153448298573494,44.484950011436
Q2 (2.250488 resident bpw),39,gate,2.0,153,0.7082065848566288,0.10821406543254852,44.484950011436
Q2 (2.250488 resident bpw),39,gate,2.5,153,0.7548319197544681,0.10041677951812744,44.484950011436
Q2 (2.250488 resident bpw),39,gate,3.0,153,0.7735307357707785,0.09538811445236206,44.484950011436
Q2 (2.250488 resident bpw),39,gate,4.0,153,0.8676788675375814,0.07447543740272522,44.484950011436
Q2 (2.250488 resident bpw),39,up,0.0,153,0.0,0.2658870220184326,32.591814716652564
Q2 (2.250488 resident bpw),39,up,0.05,153,0.3556064994903835,0.21424202620983124,32.591814716652564
Q2 (2.250488 resident bpw),39,up,0.1,153,0.40796100040237115,0.2058393806219101,32.591814716652564
Q2 (2.250488 resident bpw),39,up,0.2,153,0.45184197126025316,0.19731317460536957,32.591814716652564
Q2 (2.250488 resident bpw),39,up,0.3,153,0.4795554925302211,0.1893773376941681,32.591814716652564
Q2 (2.250488 resident bpw),39,up,0.5,153,0.5156556509794055,0.18294496834278107,32.591814716652564
Q2 (2.250488 resident bpw),39,up,0.75,153,0.5580918793846693,0.1746031492948532,32.591814716652564
Q2 (2.250488 resident bpw),39,up,1.0,153,0.5827964125435741,0.17010092735290527,32.591814716652564
Q2 (2.250488 resident bpw),39,up,1.25,153,0.5989741871676106,0.16484518349170685,32.591814716652564
Q2 (2.250488 resident bpw),39,up,1.5,153,0.6176169159371374,0.1582629233598709,32.591814716652564
Q2 (2.250488 resident bpw),39,up,2.0,153,0.6580721162478694,0.1529519259929657,32.591814716652564
Q2 (2.250488 resident bpw),39,up,2.5,153,0.71595594184355,0.13892319798469543,32.591814716652564
Q2 (2.250488 resident bpw),39,up,3.0,153,0.7401047522269928,0.1320679932832718,32.591814716652564
Q2 (2.250488 resident bpw),39,up,4.0,153,0.8419222768102844,0.10197269916534424,32.591814716652564
activation-aware-scale W1 (1.250488 resident bpw),0,down,0.0,111,0.0,0.6258866190910339,0.06930935809486982
activation-aware-scale W1 (1.250488 resident bpw),0,down,0.05,111,0.28485496141106437,0.5952083468437195,0.06930935809486982
activation-aware-scale W1 (1.250488 resident bpw),0,down,0.1,111,0.4809393387189914,0.5152364373207092,0.06930935809486982
activation-aware-scale W1 (1.250488 resident bpw),0,down,0.2,111,0.6114239867800962,0.4539855122566223,0.06930935809486982
activation-aware-scale W1 (1.250488 resident bpw),0,down,0.3,111,0.6623635984464605,0.4168359041213989,0.06930935809486982
activation-aware-scale W1 (1.250488 resident bpw),0,down,0.5,111,0.7476248898195914,0.36538365483283997,0.06930935809486982
activation-aware-scale W1 (1.250488 resident bpw),0,down,0.75,111,0.8236089456335892,0.30517464876174927,0.06930935809486982
activation-aware-scale W1 (1.250488 resident bpw),0,down,1.0,111,0.8534637599494393,0.2822421193122864,0.06930935809486982
activation-aware-scale W1 (1.250488 resident bpw),0,down,1.25,111,0.8820962043289987,0.24001938104629517,0.06930935809486982
activation-aware-scale W1 (1.250488 resident bpw),0,down,1.5,111,0.904614607550101,0.2211984246969223,0.06930935809486982
activation-aware-scale W1 (1.250488 resident bpw),0,down,2.0,111,0.9351518422580014,0.1757679283618927,0.06930935809486982
activation-aware-scale W1 (1.250488 resident bpw),0,down,2.5,111,0.960389055826983,0.14177921414375305,0.06930935809486982
activation-aware-scale W1 (1.250488 resident bpw),0,down,3.0,111,0.9749695266013031,0.11131909489631653,0.06930935809486982
activation-aware-scale W1 (1.250488 resident bpw),0,down,4.0,111,0.988333994826602,0.07246708124876022,0.06930935809486982
activation-aware-scale W1 (1.250488 resident bpw),0,gate,0.0,111,0.0,0.44718512892723083,6.360563369431999
activation-aware-scale W1 (1.250488 resident bpw),0,gate,0.05,111,0.4348833253023875,0.3049434721469879,6.360563369431999
activation-aware-scale W1 (1.250488 resident bpw),0,gate,0.1,111,0.5972616570465807,0.2669142484664917,6.360563369431999
activation-aware-scale W1 (1.250488 resident bpw),0,gate,0.2,111,0.7352362830973589,0.2147727608680725,6.360563369431999
activation-aware-scale W1 (1.250488 resident bpw),0,gate,0.3,111,0.8155553974634805,0.18035317957401276,6.360563369431999
activation-aware-scale W1 (1.250488 resident bpw),0,gate,0.5,111,0.8696078832008554,0.14855879545211792,6.360563369431999
activation-aware-scale W1 (1.250488 resident bpw),0,gate,0.75,111,0.8992657146647219,0.1301644742488861,6.360563369431999
activation-aware-scale W1 (1.250488 resident bpw),0,gate,1.0,111,0.9236628768032178,0.11544094979763031,6.360563369431999
activation-aware-scale W1 (1.250488 resident bpw),0,gate,1.25,111,0.9475404269082167,0.09525614976882935,6.360563369431999
activation-aware-scale W1 (1.250488 resident bpw),0,gate,1.5,111,0.9582861318027031,0.08618999272584915,6.360563369431999
activation-aware-scale W1 (1.250488 resident bpw),0,gate,2.0,111,0.9727993698833681,0.07228656113147736,6.360563369431999
activation-aware-scale W1 (1.250488 resident bpw),0,gate,2.5,111,0.9876048332990977,0.04600527137517929,6.360563369431999
activation-aware-scale W1 (1.250488 resident bpw),0,gate,3.0,111,0.9927627132706505,0.03655213862657547,6.360563369431999
activation-aware-scale W1 (1.250488 resident bpw),0,gate,4.0,111,0.9960173141653561,0.027343131601810455,6.360563369431999
activation-aware-scale W1 (1.250488 resident bpw),0,up,0.0,111,0.0,0.505671501159668,3.7001710736338795
activation-aware-scale W1 (1.250488 resident bpw),0,up,0.05,111,0.30729995663296983,0.4203098714351654,3.7001710736338795
activation-aware-scale W1 (1.250488 resident bpw),0,up,0.1,111,0.47298651521812907,0.3546498417854309,3.7001710736338795
activation-aware-scale W1 (1.250488 resident bpw),0,up,0.2,111,0.6392906761769508,0.30090752243995667,3.7001710736338795
activation-aware-scale W1 (1.250488 resident bpw),0,up,0.3,111,0.7044493979814399,0.26855623722076416,3.7001710736338795
activation-aware-scale W1 (1.250488 resident bpw),0,up,0.5,111,0.7949137029387536,0.2183498740196228,3.7001710736338795
activation-aware-scale W1 (1.250488 resident bpw),0,up,0.75,111,0.8529892220068062,0.18757350742816925,3.7001710736338795
activation-aware-scale W1 (1.250488 resident bpw),0,up,1.0,111,0.9053446262193963,0.15469786524772644,3.7001710736338795
activation-aware-scale W1 (1.250488 resident bpw),0,up,1.25,111,0.9468142340742512,0.11592748016119003,3.7001710736338795
activation-aware-scale W1 (1.250488 resident bpw),0,up,1.5,111,0.9598364030576917,0.1000620648264885,3.7001710736338795
activation-aware-scale W1 (1.250488 resident bpw),0,up,2.0,111,0.9691243346775664,0.08717826753854752,3.7001710736338795
activation-aware-scale W1 (1.250488 resident bpw),0,up,2.5,111,0.9844415757221092,0.06367860734462738,3.7001710736338795
activation-aware-scale W1 (1.250488 resident bpw),0,up,3.0,111,0.9907383628966312,0.050098881125450134,3.7001710736338795
activation-aware-scale W1 (1.250488 resident bpw),0,up,4.0,111,0.9945361700011989,0.03788575530052185,3.7001710736338795
activation-aware-scale W1 (1.250488 resident bpw),20,down,0.0,136,0.0,0.5978128612041473,1.0456401823682282
activation-aware-scale W1 (1.250488 resident bpw),20,down,0.05,136,0.12406624336350913,0.5732288658618927,1.0456401823682282
activation-aware-scale W1 (1.250488 resident bpw),20,down,0.1,136,0.2356894888688557,0.5459854006767273,1.0456401823682282
activation-aware-scale W1 (1.250488 resident bpw),20,down,0.2,136,0.32993726157294495,0.5100540518760681,1.0456401823682282
activation-aware-scale W1 (1.250488 resident bpw),20,down,0.3,136,0.3717201348983611,0.5024479329586029,1.0456401823682282
activation-aware-scale W1 (1.250488 resident bpw),20,down,0.5,136,0.4477052948777848,0.47418855130672455,1.0456401823682282
activation-aware-scale W1 (1.250488 resident bpw),20,down,0.75,136,0.4953496798980473,0.4470711797475815,1.0456401823682282
activation-aware-scale W1 (1.250488 resident bpw),20,down,1.0,136,0.5443017754476627,0.4330247491598129,1.0456401823682282
activation-aware-scale W1 (1.250488 resident bpw),20,down,1.25,136,0.5935838609139323,0.4111369401216507,1.0456401823682282
activation-aware-scale W1 (1.250488 resident bpw),20,down,1.5,136,0.6062353186940022,0.3950965404510498,1.0456401823682282
activation-aware-scale W1 (1.250488 resident bpw),20,down,2.0,136,0.6836547614409816,0.35375258326530457,1.0456401823682282
activation-aware-scale W1 (1.250488 resident bpw),20,down,2.5,136,0.743366496551269,0.31877100467681885,1.0456401823682282
activation-aware-scale W1 (1.250488 resident bpw),20,down,3.0,136,0.8097679172331885,0.27996984124183655,1.0456401823682282
activation-aware-scale W1 (1.250488 resident bpw),20,down,4.0,136,0.9212984607121656,0.17234116792678833,1.0456401823682282
activation-aware-scale W1 (1.250488 resident bpw),20,gate,0.0,136,0.0,0.41817332804203033,58.10820740709414
activation-aware-scale W1 (1.250488 resident bpw),20,gate,0.05,136,0.37533640507048943,0.3279568701982498,58.10820740709414
activation-aware-scale W1 (1.250488 resident bpw),20,gate,0.1,136,0.4300411573550041,0.3165031522512436,58.10820740709414
activation-aware-scale W1 (1.250488 resident bpw),20,gate,0.2,136,0.46079989807562144,0.30597759783267975,58.10820740709414
activation-aware-scale W1 (1.250488 resident bpw),20,gate,0.3,136,0.4776014480535128,0.3012981712818146,58.10820740709414
activation-aware-scale W1 (1.250488 resident bpw),20,gate,0.5,136,0.5179960421299459,0.2865579277276993,58.10820740709414
activation-aware-scale W1 (1.250488 resident bpw),20,gate,0.75,136,0.5497982396706098,0.27697885036468506,58.10820740709414
activation-aware-scale W1 (1.250488 resident bpw),20,gate,1.0,136,0.5820587877381178,0.268786296248436,58.10820740709414
activation-aware-scale W1 (1.250488 resident bpw),20,gate,1.25,136,0.5970837949550419,0.2633746862411499,58.10820740709414
activation-aware-scale W1 (1.250488 resident bpw),20,gate,1.5,136,0.6215657086816205,0.25670404732227325,58.10820740709414
activation-aware-scale W1 (1.250488 resident bpw),20,gate,2.0,136,0.6616768697044803,0.2407815083861351,58.10820740709414
activation-aware-scale W1 (1.250488 resident bpw),20,gate,2.5,136,0.7244327122704858,0.22415806353092194,58.10820740709414
activation-aware-scale W1 (1.250488 resident bpw),20,gate,3.0,136,0.7522461131444342,0.211501806974411,58.10820740709414
activation-aware-scale W1 (1.250488 resident bpw),20,gate,4.0,136,0.8539501370628757,0.16077330708503723,58.10820740709414
activation-aware-scale W1 (1.250488 resident bpw),20,up,0.0,136,0.0,0.571748822927475,37.51897374166865
activation-aware-scale W1 (1.250488 resident bpw),20,up,0.05,136,0.17722040597925665,0.5184958577156067,37.51897374166865
activation-aware-scale W1 (1.250488 resident bpw),20,up,0.1,136,0.2355629543427324,0.49834367632865906,37.51897374166865
activation-aware-scale W1 (1.250488 resident bpw),20,up,0.2,136,0.2818032027187346,0.48038822412490845,37.51897374166865
activation-aware-scale W1 (1.250488 resident bpw),20,up,0.3,136,0.3119161363590776,0.4733790159225464,37.51897374166865
activation-aware-scale W1 (1.250488 resident bpw),20,up,0.5,136,0.3588258192037461,0.45509231090545654,37.51897374166865
activation-aware-scale W1 (1.250488 resident bpw),20,up,0.75,136,0.40232892200477505,0.43914102017879486,37.51897374166865
activation-aware-scale W1 (1.250488 resident bpw),20,up,1.0,136,0.44055369101451686,0.4250774532556534,37.51897374166865
activation-aware-scale W1 (1.250488 resident bpw),20,up,1.25,136,0.46770725327855933,0.410900816321373,37.51897374166865
activation-aware-scale W1 (1.250488 resident bpw),20,up,1.5,136,0.4907461172110513,0.4040181189775467,37.51897374166865
activation-aware-scale W1 (1.250488 resident bpw),20,up,2.0,136,0.5534707347697525,0.3751673400402069,37.51897374166865
activation-aware-scale W1 (1.250488 resident bpw),20,up,2.5,136,0.6777815934699238,0.32766927778720856,37.51897374166865
activation-aware-scale W1 (1.250488 resident bpw),20,up,3.0,136,0.7109199038760512,0.3141562044620514,37.51897374166865
activation-aware-scale W1 (1.250488 resident bpw),20,up,4.0,136,0.8054475215972554,0.254631444811821,37.51897374166865
activation-aware-scale W1 (1.250488 resident bpw),39,down,0.0,153,0.0,0.6187565922737122,8.813541990295636
activation-aware-scale W1 (1.250488 resident bpw),39,down,0.05,153,0.0774879781917378,0.6030874848365784,8.813541990295636
activation-aware-scale W1 (1.250488 resident bpw),39,down,0.1,153,0.20608470070450213,0.5701251029968262,8.813541990295636
activation-aware-scale W1 (1.250488 resident bpw),39,down,0.2,153,0.2758424836182696,0.5363438129425049,8.813541990295636
activation-aware-scale W1 (1.250488 resident bpw),39,down,0.3,153,0.32172118581969955,0.5181936025619507,8.813541990295636
activation-aware-scale W1 (1.250488 resident bpw),39,down,0.5,153,0.4056325633993688,0.48665493726730347,8.813541990295636
activation-aware-scale W1 (1.250488 resident bpw),39,down,0.75,153,0.48548019420191335,0.4678288698196411,8.813541990295636
activation-aware-scale W1 (1.250488 resident bpw),39,down,1.0,153,0.5488956211820581,0.4498332440853119,8.813541990295636
activation-aware-scale W1 (1.250488 resident bpw),39,down,1.25,153,0.6019661971885641,0.4282635748386383,8.813541990295636
activation-aware-scale W1 (1.250488 resident bpw),39,down,1.5,153,0.6139811701553369,0.40491312742233276,8.813541990295636
activation-aware-scale W1 (1.250488 resident bpw),39,down,2.0,153,0.6889131041375367,0.377427875995636,8.813541990295636
activation-aware-scale W1 (1.250488 resident bpw),39,down,2.5,153,0.731036976855739,0.3445062041282654,8.813541990295636
activation-aware-scale W1 (1.250488 resident bpw),39,down,3.0,153,0.7735162254389003,0.30967187881469727,8.813541990295636
activation-aware-scale W1 (1.250488 resident bpw),39,down,4.0,153,0.8797943818235117,0.18753138184547424,8.813541990295636
activation-aware-scale W1 (1.250488 resident bpw),39,gate,0.0,153,0.0,0.4145406484603882,210.72349247015728
activation-aware-scale W1 (1.250488 resident bpw),39,gate,0.05,153,0.5674575644038607,0.27251526713371277,210.72349247015728
activation-aware-scale W1 (1.250488 resident bpw),39,gate,0.1,153,0.6433108193979502,0.2440001517534256,210.72349247015728
activation-aware-scale W1 (1.250488 resident bpw),39,gate,0.2,153,0.6625717412927737,0.23895269632339478,210.72349247015728
activation-aware-scale W1 (1.250488 resident bpw),39,gate,0.3,153,0.6825371518494088,0.23024089634418488,210.72349247015728
activation-aware-scale W1 (1.250488 resident bpw),39,gate,0.5,153,0.7141897071243877,0.21835818886756897,210.72349247015728
activation-aware-scale W1 (1.250488 resident bpw),39,gate,0.75,153,0.7422360456565433,0.21164122223854065,210.72349247015728
activation-aware-scale W1 (1.250488 resident bpw),39,gate,1.0,153,0.752584789445707,0.20547237992286682,210.72349247015728
activation-aware-scale W1 (1.250488 resident bpw),39,gate,1.25,153,0.7628473073860109,0.19808213412761688,210.72349247015728
activation-aware-scale W1 (1.250488 resident bpw),39,gate,1.5,153,0.7743814154093602,0.19246816635131836,210.72349247015728
activation-aware-scale W1 (1.250488 resident bpw),39,gate,2.0,153,0.7964989483149026,0.1854293942451477,210.72349247015728
activation-aware-scale W1 (1.250488 resident bpw),39,gate,2.5,153,0.8180218694407317,0.1725233942270279,210.72349247015728
activation-aware-scale W1 (1.250488 resident bpw),39,gate,3.0,153,0.8406122221089134,0.16316340863704681,210.72349247015728
activation-aware-scale W1 (1.250488 resident bpw),39,gate,4.0,153,0.8998256811729777,0.1286034882068634,210.72349247015728
activation-aware-scale W1 (1.250488 resident bpw),39,up,0.0,153,0.0,0.4929020404815674,113.05013999677325
activation-aware-scale W1 (1.250488 resident bpw),39,up,0.05,153,0.3962832530535395,0.3829810321331024,113.05013999677325
activation-aware-scale W1 (1.250488 resident bpw),39,up,0.1,153,0.45073934191328235,0.36110591888427734,113.05013999677325
activation-aware-scale W1 (1.250488 resident bpw),39,up,0.2,153,0.4856295616120624,0.34459561109542847,113.05013999677325
activation-aware-scale W1 (1.250488 resident bpw),39,up,0.3,153,0.5076983941608113,0.33345866203308105,113.05013999677325
activation-aware-scale W1 (1.250488 resident bpw),39,up,0.5,153,0.5565578482901427,0.3151394724845886,113.05013999677325
activation-aware-scale W1 (1.250488 resident bpw),39,up,0.75,153,0.5891451445645877,0.303061842918396,113.05013999677325
activation-aware-scale W1 (1.250488 resident bpw),39,up,1.0,153,0.6113661762882803,0.294599324464798,113.05013999677325
activation-aware-scale W1 (1.250488 resident bpw),39,up,1.25,153,0.6332572341540949,0.2832011580467224,113.05013999677325
activation-aware-scale W1 (1.250488 resident bpw),39,up,1.5,153,0.6478810324471937,0.2798061668872833,113.05013999677325
activation-aware-scale W1 (1.250488 resident bpw),39,up,2.0,153,0.6851028052656283,0.2681909501552582,113.05013999677325
activation-aware-scale W1 (1.250488 resident bpw),39,up,2.5,153,0.7363787872023096,0.2504311203956604,113.05013999677325
activation-aware-scale W1 (1.250488 resident bpw),39,up,3.0,153,0.7646532615074764,0.23449350893497467,113.05013999677325
activation-aware-scale W1 (1.250488 resident bpw),39,up,4.0,153,0.857149951962987,0.17919576168060303,113.05013999677325
simple W1 (1.250488 resident bpw),0,down,0.0,111,0.0,0.653923749923706,0.07699056971540591
simple W1 (1.250488 resident bpw),0,down,0.05,111,0.25855178964897196,0.609768807888031,0.07699056971540591
simple W1 (1.250488 resident bpw),0,down,0.1,111,0.5004803330051162,0.5339819192886353,0.07699056971540591
simple W1 (1.250488 resident bpw),0,down,0.2,111,0.6122726152938432,0.45179829001426697,0.07699056971540591
simple W1 (1.250488 resident bpw),0,down,0.3,111,0.6806078779216285,0.4280450642108917,0.07699056971540591
simple W1 (1.250488 resident bpw),0,down,0.5,111,0.7787562159363467,0.35987648367881775,0.07699056971540591
simple W1 (1.250488 resident bpw),0,down,0.75,111,0.8399306490296219,0.3058047294616699,0.07699056971540591
simple W1 (1.250488 resident bpw),0,down,1.0,111,0.8660870676295321,0.2792758047580719,0.07699056971540591
simple W1 (1.250488 resident bpw),0,down,1.25,111,0.88363984504149,0.2467556595802307,0.07699056971540591
simple W1 (1.250488 resident bpw),0,down,1.5,111,0.904468858710003,0.2188185751438141,0.07699056971540591
simple W1 (1.250488 resident bpw),0,down,2.0,111,0.9457432225787575,0.1770624816417694,0.07699056971540591
simple W1 (1.250488 resident bpw),0,down,2.5,111,0.9628106377979188,0.14469803869724274,0.07699056971540591
simple W1 (1.250488 resident bpw),0,down,3.0,111,0.9774393345598364,0.11253932863473892,0.07699056971540591
simple W1 (1.250488 resident bpw),0,down,4.0,111,0.9910465708287856,0.0704440027475357,0.07699056971540591
simple W1 (1.250488 resident bpw),0,gate,0.0,111,0.0,0.5921980142593384,8.741158255002953
simple W1 (1.250488 resident bpw),0,gate,0.05,111,0.6849614410470497,0.3173007667064667,8.741158255002953
simple W1 (1.250488 resident bpw),0,gate,0.1,111,0.8331340279557017,0.2377520650625229,8.741158255002953
simple W1 (1.250488 resident bpw),0,gate,0.2,111,0.897265016736568,0.18501399457454681,8.741158255002953
simple W1 (1.250488 resident bpw),0,gate,0.3,111,0.9271186466213506,0.16098083555698395,8.741158255002953
simple W1 (1.250488 resident bpw),0,gate,0.5,111,0.947215503039889,0.1304810494184494,8.741158255002953
simple W1 (1.250488 resident bpw),0,gate,0.75,111,0.9583857865228509,0.11456785351037979,8.741158255002953
simple W1 (1.250488 resident bpw),0,gate,1.0,111,0.9670135876156909,0.10056941211223602,8.741158255002953
simple W1 (1.250488 resident bpw),0,gate,1.25,111,0.9732949591039238,0.09010408818721771,8.741158255002953
simple W1 (1.250488 resident bpw),0,gate,1.5,111,0.9778955574580094,0.08187131583690643,8.741158255002953
simple W1 (1.250488 resident bpw),0,gate,2.0,111,0.9846136143938734,0.06784461438655853,8.741158255002953
simple W1 (1.250488 resident bpw),0,gate,2.5,111,0.9936676501935011,0.04484857618808746,8.741158255002953
simple W1 (1.250488 resident bpw),0,gate,3.0,111,0.9959805486001116,0.0362447127699852,8.741158255002953
simple W1 (1.250488 resident bpw),0,gate,4.0,111,0.9973389992715139,0.029359253123402596,8.741158255002953
simple W1 (1.250488 resident bpw),0,up,0.0,111,0.0,0.5709102749824524,4.813806987911478
simple W1 (1.250488 resident bpw),0,up,0.05,111,0.5410208521581099,0.3824271261692047,4.813806987911478
simple W1 (1.250488 resident bpw),0,up,0.1,111,0.7122399458748704,0.301990807056427,4.813806987911478
simple W1 (1.250488 resident bpw),0,up,0.2,111,0.8122509662028149,0.2537643611431122,4.813806987911478
simple W1 (1.250488 resident bpw),0,up,0.3,111,0.8524214031393764,0.22600695490837097,4.813806987911478
simple W1 (1.250488 resident bpw),0,up,0.5,111,0.8855356544293773,0.19728073477745056,4.813806987911478
simple W1 (1.250488 resident bpw),0,up,0.75,111,0.9113598497066192,0.17390176653862,4.813806987911478
simple W1 (1.250488 resident bpw),0,up,1.0,111,0.9341910458385521,0.1538143754005432,4.813806987911478
simple W1 (1.250488 resident bpw),0,up,1.25,111,0.9533239534518801,0.1288442462682724,4.813806987911478
simple W1 (1.250488 resident bpw),0,up,1.5,111,0.9634633951592592,0.11077553778886795,4.813806987911478
simple W1 (1.250488 resident bpw),0,up,2.0,111,0.9742426137158562,0.09632178395986557,4.813806987911478
simple W1 (1.250488 resident bpw),0,up,2.5,111,0.989842882916223,0.06045670062303543,4.813806987911478
simple W1 (1.250488 resident bpw),0,up,3.0,111,0.9938508256775607,0.04553399607539177,4.813806987911478
simple W1 (1.250488 resident bpw),0,up,4.0,111,0.9960449225040358,0.03661489859223366,4.813806987911478
simple W1 (1.250488 resident bpw),20,down,0.0,136,0.0,0.597091555595398,1.016951639099147
simple W1 (1.250488 resident bpw),20,down,0.05,136,0.1176233820512344,0.5717692673206329,1.016951639099147
simple W1 (1.250488 resident bpw),20,down,0.1,136,0.23046933858875346,0.543481171131134,1.016951639099147
simple W1 (1.250488 resident bpw),20,down,0.2,136,0.32397486591687813,0.5145008862018585,1.016951639099147
simple W1 (1.250488 resident bpw),20,down,0.3,136,0.3675083880588421,0.4952905476093292,1.016951639099147
simple W1 (1.250488 resident bpw),20,down,0.5,136,0.4432525462535976,0.474609375,1.016951639099147
simple W1 (1.250488 resident bpw),20,down,0.75,136,0.48739395594109536,0.4482540339231491,1.016951639099147
simple W1 (1.250488 resident bpw),20,down,1.0,136,0.5438226550590071,0.4318589121103287,1.016951639099147
simple W1 (1.250488 resident bpw),20,down,1.25,136,0.5926289715697051,0.40881913900375366,1.016951639099147
simple W1 (1.250488 resident bpw),20,down,1.5,136,0.6231777181607911,0.3921690732240677,1.016951639099147
simple W1 (1.250488 resident bpw),20,down,2.0,136,0.679302648799798,0.3523965924978256,1.016951639099147
simple W1 (1.250488 resident bpw),20,down,2.5,136,0.7498129901596181,0.3188321888446808,1.016951639099147
simple W1 (1.250488 resident bpw),20,down,3.0,136,0.8027809937642398,0.28083179891109467,1.016951639099147
simple W1 (1.250488 resident bpw),20,down,4.0,136,0.9215792666513786,0.17549549788236618,1.016951639099147
simple W1 (1.250488 resident bpw),20,gate,0.0,136,0.0,0.41953423619270325,58.63258374591589
simple W1 (1.250488 resident bpw),20,gate,0.05,136,0.3926424443151867,0.32671481370925903,58.63258374591589
simple W1 (1.250488 resident bpw),20,gate,0.1,136,0.43866701040321326,0.31440672278404236,58.63258374591589
simple W1 (1.250488 resident bpw),20,gate,0.2,136,0.47990280640608796,0.30559489130973816,58.63258374591589
simple W1 (1.250488 resident bpw),20,gate,0.3,136,0.5054439488101368,0.293524831533432,58.63258374591589
simple W1 (1.250488 resident bpw),20,gate,0.5,136,0.5398895842073332,0.28303875029087067,58.63258374591589
simple W1 (1.250488 resident bpw),20,gate,0.75,136,0.57424586005697,0.2736557871103287,58.63258374591589
simple W1 (1.250488 resident bpw),20,gate,1.0,136,0.5951228140518531,0.2657618671655655,58.63258374591589
simple W1 (1.250488 resident bpw),20,gate,1.25,136,0.6261584061440739,0.2574063688516617,58.63258374591589
simple W1 (1.250488 resident bpw),20,gate,1.5,136,0.6435117404222718,0.2504298761487007,58.63258374591589
simple W1 (1.250488 resident bpw),20,gate,2.0,136,0.672951844556707,0.23669463396072388,58.63258374591589
simple W1 (1.250488 resident bpw),20,gate,2.5,136,0.7271767990162611,0.21904173493385315,58.63258374591589
simple W1 (1.250488 resident bpw),20,gate,3.0,136,0.7499795149798673,0.20751924067735672,58.63258374591589
simple W1 (1.250488 resident bpw),20,gate,4.0,136,0.8611708596187932,0.15793021768331528,58.63258374591589
simple W1 (1.250488 resident bpw),20,up,0.0,136,0.0,0.575070858001709,38.59910921446898
simple W1 (1.250488 resident bpw),20,up,0.05,136,0.20129135663200393,0.517383873462677,38.59910921446898
simple W1 (1.250488 resident bpw),20,up,0.1,136,0.27080990804070987,0.49605517089366913,38.59910921446898
simple W1 (1.250488 resident bpw),20,up,0.2,136,0.31726542756789056,0.47930561006069183,38.59910921446898
simple W1 (1.250488 resident bpw),20,up,0.3,136,0.3388645741309158,0.4671059548854828,38.59910921446898
simple W1 (1.250488 resident bpw),20,up,0.5,136,0.3841148393324176,0.4509676545858383,38.59910921446898
simple W1 (1.250488 resident bpw),20,up,0.75,136,0.42521269349797397,0.4349452257156372,38.59910921446898
simple W1 (1.250488 resident bpw),20,up,1.0,136,0.45830228567563375,0.42008884251117706,38.59910921446898
simple W1 (1.250488 resident bpw),20,up,1.25,136,0.48302154860184343,0.408415287733078,38.59910921446898
simple W1 (1.250488 resident bpw),20,up,1.5,136,0.5212771882463394,0.39567480981349945,38.59910921446898
simple W1 (1.250488 resident bpw),20,up,2.0,136,0.567715895473988,0.3739077001810074,38.59910921446898
simple W1 (1.250488 resident bpw),20,up,2.5,136,0.6627822835184145,0.33901017904281616,38.59910921446898
simple W1 (1.250488 resident bpw),20,up,3.0,136,0.6884828480943092,0.3223387748003006,38.59910921446898
simple W1 (1.250488 resident bpw),20,up,4.0,136,0.8196318377196838,0.24177441000938416,38.59910921446898
simple W1 (1.250488 resident bpw),39,down,0.0,153,0.0,0.6136279106140137,8.920847868351977
simple W1 (1.250488 resident bpw),39,down,0.05,153,0.0650686747253626,0.5958679914474487,8.920847868351977
simple W1 (1.250488 resident bpw),39,down,0.1,153,0.23513877578397324,0.5565848350524902,8.920847868351977
simple W1 (1.250488 resident bpw),39,down,0.2,153,0.3009209662414396,0.5245595574378967,8.920847868351977
simple W1 (1.250488 resident bpw),39,down,0.3,153,0.33257114207649163,0.5065537691116333,8.920847868351977
simple W1 (1.250488 resident bpw),39,down,0.5,153,0.4415673367377091,0.4781803488731384,8.920847868351977
simple W1 (1.250488 resident bpw),39,down,0.75,153,0.5077092127567139,0.45756644010543823,8.920847868351977
simple W1 (1.250488 resident bpw),39,down,1.0,153,0.5531986708130008,0.43842148780822754,8.920847868351977
simple W1 (1.250488 resident bpw),39,down,1.25,153,0.6225471114599215,0.4210570454597473,8.920847868351977
simple W1 (1.250488 resident bpw),39,down,1.5,153,0.6436866101027254,0.3985765874385834,8.920847868351977
simple W1 (1.250488 resident bpw),39,down,2.0,153,0.6895193433804776,0.36263182759284973,8.920847868351977
simple W1 (1.250488 resident bpw),39,down,2.5,153,0.7434802826623038,0.3356476426124573,8.920847868351977
simple W1 (1.250488 resident bpw),39,down,3.0,153,0.7858315315980162,0.30494800209999084,8.920847868351977
simple W1 (1.250488 resident bpw),39,down,4.0,153,0.8868162465345261,0.18911580741405487,8.920847868351977
simple W1 (1.250488 resident bpw),39,gate,0.0,153,0.0,0.421303927898407,214.00345454561827
simple W1 (1.250488 resident bpw),39,gate,0.05,153,0.5929493759565145,0.26603296399116516,214.00345454561827
simple W1 (1.250488 resident bpw),39,gate,0.1,153,0.6356056577127678,0.25085607171058655,214.00345454561827
simple W1 (1.250488 resident bpw),39,gate,0.2,153,0.6658372483461401,0.23904401063919067,214.00345454561827
simple W1 (1.250488 resident bpw),39,gate,0.3,153,0.6938735592063269,0.22858108580112457,214.00345454561827
simple W1 (1.250488 resident bpw),39,gate,0.5,153,0.718337009522118,0.22168998420238495,214.00345454561827
simple W1 (1.250488 resident bpw),39,gate,0.75,153,0.7383938313737455,0.21096965670585632,214.00345454561827
simple W1 (1.250488 resident bpw),39,gate,1.0,153,0.751633223032239,0.20479390025138855,214.00345454561827
simple W1 (1.250488 resident bpw),39,gate,1.25,153,0.7642588662766834,0.19777248799800873,214.00345454561827
simple W1 (1.250488 resident bpw),39,gate,1.5,153,0.7765075128207732,0.19209355115890503,214.00345454561827
simple W1 (1.250488 resident bpw),39,gate,2.0,153,0.7956153217762921,0.18365263938903809,214.00345454561827
simple W1 (1.250488 resident bpw),39,gate,2.5,153,0.8202838516925675,0.1718517243862152,214.00345454561827
simple W1 (1.250488 resident bpw),39,gate,3.0,153,0.8400701327494338,0.16558466851711273,214.00345454561827
simple W1 (1.250488 resident bpw),39,gate,4.0,153,0.901489114987504,0.12666301429271698,214.00345454561827
simple W1 (1.250488 resident bpw),39,up,0.0,153,0.0,0.5091416239738464,119.25094124965963
simple W1 (1.250488 resident bpw),39,up,0.05,153,0.42413487355300217,0.38070493936538696,119.25094124965963
simple W1 (1.250488 resident bpw),39,up,0.1,153,0.47876408173276064,0.3571608066558838,119.25094124965963
simple W1 (1.250488 resident bpw),39,up,0.2,153,0.5261783688485849,0.338703989982605,119.25094124965963
simple W1 (1.250488 resident bpw),39,up,0.3,153,0.5487312695184652,0.3254431486129761,119.25094124965963
simple W1 (1.250488 resident bpw),39,up,0.5,153,0.5804604927188519,0.31008288264274597,119.25094124965963
simple W1 (1.250488 resident bpw),39,up,0.75,153,0.6108649437330382,0.2994958460330963,119.25094124965963
simple W1 (1.250488 resident bpw),39,up,1.0,153,0.6348184039768727,0.29219889640808105,119.25094124965963
simple W1 (1.250488 resident bpw),39,up,1.25,153,0.6554215142367066,0.2834280729293823,119.25094124965963
simple W1 (1.250488 resident bpw),39,up,1.5,153,0.677467968431062,0.2793985605239868,119.25094124965963
simple W1 (1.250488 resident bpw),39,up,2.0,153,0.7103401117238092,0.26422950625419617,119.25094124965963
simple W1 (1.250488 resident bpw),39,up,2.5,153,0.747461849543795,0.2482822686433792,119.25094124965963
simple W1 (1.250488 resident bpw),39,up,3.0,153,0.7707807418116953,0.23459894955158234,119.25094124965963
simple W1 (1.250488 resident bpw),39,up,4.0,153,0.8637283212201056,0.18170787394046783,119.25094124965963
