source_run_mode,capture_source,evaluation_split,layer,objective,selection_category,selection_regime,action_family,tile_shape,selector,physical_budget_bpw,n,p10_recovery,median_recovery,p90_recovery,median_physical_pages,median_logical_actions,median_logical_bytes,median_page_amplification
pilot,exact_checkpoint,test,0,exact_sequential_complete_expert_qenergy,h0_oracle,h0_oracle_full_suffix,gate_up_tile_plus_down_column,32x32,exact_dynamic_tile_marginal_refresh_1,0.25,1,0.9497701580871993,0.9497701580871993,0.9497701580871993,192.0,192.0,98304.0,1.0
pilot,exact_checkpoint,test,0,exact_sequential_complete_expert_qenergy,h0_oracle,h0_oracle_full_suffix,gate_up_tile_plus_down_column,32x32,exact_dynamic_tile_marginal_refresh_1,0.5,1,0.976482293755388,0.976482293755388,0.976482293755388,384.0,384.0,196608.0,1.0
pilot,exact_checkpoint,test,0,exact_sequential_complete_expert_qenergy,h0_oracle,h0_oracle_full_suffix,gate_up_tile_plus_down_column,32x32,exact_dynamic_tile_marginal_refresh_1,0.75,1,0.9770987627584942,0.9770987627584942,0.9770987627584942,576.0,576.0,294912.0,1.0
pilot,exact_checkpoint,test,0,exact_sequential_complete_expert_qenergy,h0_oracle,h0_oracle_full_suffix,gate_up_tile_plus_down_column,32x32,exact_dynamic_tile_marginal_refresh_1,1.0,1,0.9780640494305628,0.9780640494305628,0.9780640494305628,768.0,768.0,393216.0,1.0
pilot,exact_checkpoint,test,0,exact_sequential_complete_expert_qenergy,h0_oracle,h0_oracle_full_suffix,gate_up_tile_plus_down_column,32x32,exact_dynamic_tile_marginal_refresh_1,1.25,1,0.9814531378054137,0.9814531378054137,0.9814531378054137,960.0,960.0,491520.0,1.0
pilot,exact_checkpoint,test,0,exact_sequential_complete_expert_qenergy,h0_oracle,h0_oracle_full_suffix,gate_up_tile_plus_down_column,32x32,exact_dynamic_tile_marginal_refresh_1,1.5,1,0.9843810262071099,0.9843810262071099,0.9843810262071099,1152.0,1152.0,589824.0,1.0
pilot,exact_checkpoint,test,0,exact_sequential_complete_expert_qenergy,h0_oracle,h0_oracle_full_suffix,input_coordinate_baseline,input_coordinate_2columns_per_page,static_first_order_input_coordinate_baseline,0.25,1,-2.6387248432369907,-2.6387248432369907,-2.6387248432369907,192.0,192.0,98304.0,1.0
pilot,exact_checkpoint,test,0,exact_sequential_complete_expert_qenergy,h0_oracle,h0_oracle_full_suffix,input_coordinate_baseline,input_coordinate_2columns_per_page,static_first_order_input_coordinate_baseline,0.5,1,-6.158955554502315,-6.158955554502315,-6.158955554502315,384.0,384.0,196608.0,1.0
pilot,exact_checkpoint,test,0,exact_sequential_complete_expert_qenergy,h0_oracle,h0_oracle_full_suffix,input_coordinate_baseline,input_coordinate_2columns_per_page,static_first_order_input_coordinate_baseline,0.75,1,-7.8737482926824125,-7.8737482926824125,-7.8737482926824125,576.0,576.0,294912.0,1.0
pilot,exact_checkpoint,test,0,exact_sequential_complete_expert_qenergy,h0_oracle,h0_oracle_full_suffix,input_coordinate_baseline,input_coordinate_2columns_per_page,static_first_order_input_coordinate_baseline,1.0,1,-7.783729505534193,-7.783729505534193,-7.783729505534193,768.0,768.0,393216.0,1.0
pilot,exact_checkpoint,test,0,exact_sequential_complete_expert_qenergy,h0_oracle,h0_oracle_full_suffix,input_coordinate_baseline,input_coordinate_2columns_per_page,static_first_order_input_coordinate_baseline,1.25,1,-7.783729505534193,-7.783729505534193,-7.783729505534193,960.0,960.0,491520.0,1.0
pilot,exact_checkpoint,test,0,exact_sequential_complete_expert_qenergy,h0_oracle,h0_oracle_full_suffix,input_coordinate_baseline,input_coordinate_2columns_per_page,static_first_order_input_coordinate_baseline,1.5,1,-6.766273155644643,-6.766273155644643,-6.766273155644643,1152.0,1152.0,589824.0,1.0
pilot,exact_checkpoint,test,0,exact_sequential_complete_expert_qenergy,h0_oracle,h0_oracle_suffix_metadata_heavy,gate_up_tile_plus_down_column,32x32,static_first_order,0.25,1,-2.939627557941903,-2.939627557941903,-2.939627557941903,192.0,192.0,98304.0,1.0
pilot,exact_checkpoint,test,0,exact_sequential_complete_expert_qenergy,h0_oracle,h0_oracle_suffix_metadata_heavy,gate_up_tile_plus_down_column,32x32,static_first_order,0.5,1,-7.729749868398724,-7.729749868398724,-7.729749868398724,384.0,384.0,196608.0,1.0
pilot,exact_checkpoint,test,0,exact_sequential_complete_expert_qenergy,h0_oracle,h0_oracle_suffix_metadata_heavy,gate_up_tile_plus_down_column,32x32,static_first_order,0.75,1,-10.508361417643327,-10.508361417643327,-10.508361417643327,576.0,576.0,294912.0,1.0
pilot,exact_checkpoint,test,0,exact_sequential_complete_expert_qenergy,h0_oracle,h0_oracle_suffix_metadata_heavy,gate_up_tile_plus_down_column,32x32,static_first_order,1.0,1,-10.457069068160514,-10.457069068160514,-10.457069068160514,768.0,768.0,393216.0,1.0
pilot,exact_checkpoint,test,0,exact_sequential_complete_expert_qenergy,h0_oracle,h0_oracle_suffix_metadata_heavy,gate_up_tile_plus_down_column,32x32,static_first_order,1.25,1,-10.379251563823342,-10.379251563823342,-10.379251563823342,960.0,960.0,491520.0,1.0
pilot,exact_checkpoint,test,0,exact_sequential_complete_expert_qenergy,h0_oracle,h0_oracle_suffix_metadata_heavy,gate_up_tile_plus_down_column,32x32,static_first_order,1.5,1,-8.742288874202876,-8.742288874202876,-8.742288874202876,1152.0,1152.0,589824.0,1.0
pilot,exact_checkpoint,test,0,exact_sequential_complete_expert_qenergy,h0_oracle,h0_oracle_suffix_metadata_heavy,gate_up_tile_plus_down_column,32x32,static_wina,0.25,1,0.6002360511500232,0.6002360511500232,0.6002360511500232,192.0,192.0,98304.0,1.0
pilot,exact_checkpoint,test,0,exact_sequential_complete_expert_qenergy,h0_oracle,h0_oracle_suffix_metadata_heavy,gate_up_tile_plus_down_column,32x32,static_wina,0.5,1,0.8288073088144625,0.8288073088144625,0.8288073088144625,384.0,384.0,196608.0,1.0
pilot,exact_checkpoint,test,0,exact_sequential_complete_expert_qenergy,h0_oracle,h0_oracle_suffix_metadata_heavy,gate_up_tile_plus_down_column,32x32,static_wina,0.75,1,0.9013365096232655,0.9013365096232655,0.9013365096232655,576.0,576.0,294912.0,1.0
pilot,exact_checkpoint,test,0,exact_sequential_complete_expert_qenergy,h0_oracle,h0_oracle_suffix_metadata_heavy,gate_up_tile_plus_down_column,32x32,static_wina,1.0,1,0.9504943427549946,0.9504943427549946,0.9504943427549946,768.0,768.0,393216.0,1.0
pilot,exact_checkpoint,test,0,exact_sequential_complete_expert_qenergy,h0_oracle,h0_oracle_suffix_metadata_heavy,gate_up_tile_plus_down_column,32x32,static_wina,1.25,1,0.9707134349495882,0.9707134349495882,0.9707134349495882,960.0,960.0,491520.0,1.0
pilot,exact_checkpoint,test,0,exact_sequential_complete_expert_qenergy,h0_oracle,h0_oracle_suffix_metadata_heavy,gate_up_tile_plus_down_column,32x32,static_wina,1.5,1,0.9931934445687018,0.9931934445687018,0.9931934445687018,1152.0,1152.0,589824.0,1.0
pilot,exact_checkpoint,test,4,exact_sequential_complete_expert_qenergy,h0_oracle,h0_oracle_full_suffix,gate_up_tile_plus_down_column,32x32,exact_dynamic_tile_marginal_refresh_1,0.25,1,0.8429644614288162,0.8429644614288162,0.8429644614288162,192.0,192.0,98304.0,1.0
pilot,exact_checkpoint,test,4,exact_sequential_complete_expert_qenergy,h0_oracle,h0_oracle_full_suffix,gate_up_tile_plus_down_column,32x32,exact_dynamic_tile_marginal_refresh_1,0.5,1,0.920564896295835,0.920564896295835,0.920564896295835,384.0,384.0,196608.0,1.0
pilot,exact_checkpoint,test,4,exact_sequential_complete_expert_qenergy,h0_oracle,h0_oracle_full_suffix,gate_up_tile_plus_down_column,32x32,exact_dynamic_tile_marginal_refresh_1,0.75,1,0.9488180300531696,0.9488180300531696,0.9488180300531696,576.0,576.0,294912.0,1.0
pilot,exact_checkpoint,test,4,exact_sequential_complete_expert_qenergy,h0_oracle,h0_oracle_full_suffix,gate_up_tile_plus_down_column,32x32,exact_dynamic_tile_marginal_refresh_1,1.0,1,0.9551916265966021,0.9551916265966021,0.9551916265966021,768.0,768.0,393216.0,1.0
pilot,exact_checkpoint,test,4,exact_sequential_complete_expert_qenergy,h0_oracle,h0_oracle_full_suffix,gate_up_tile_plus_down_column,32x32,exact_dynamic_tile_marginal_refresh_1,1.25,1,0.9621789029421987,0.9621789029421987,0.9621789029421987,960.0,960.0,491520.0,1.0
pilot,exact_checkpoint,test,4,exact_sequential_complete_expert_qenergy,h0_oracle,h0_oracle_full_suffix,gate_up_tile_plus_down_column,32x32,exact_dynamic_tile_marginal_refresh_1,1.5,1,0.967365747303655,0.967365747303655,0.967365747303655,1152.0,1152.0,589824.0,1.0
pilot,exact_checkpoint,test,4,exact_sequential_complete_expert_qenergy,h0_oracle,h0_oracle_full_suffix,input_coordinate_baseline,input_coordinate_2columns_per_page,static_first_order_input_coordinate_baseline,0.25,1,-3.2470301774244232,-3.2470301774244232,-3.2470301774244232,192.0,192.0,98304.0,1.0
pilot,exact_checkpoint,test,4,exact_sequential_complete_expert_qenergy,h0_oracle,h0_oracle_full_suffix,input_coordinate_baseline,input_coordinate_2columns_per_page,static_first_order_input_coordinate_baseline,0.5,1,-7.9450222016146,-7.9450222016146,-7.9450222016146,384.0,384.0,196608.0,1.0
pilot,exact_checkpoint,test,4,exact_sequential_complete_expert_qenergy,h0_oracle,h0_oracle_full_suffix,input_coordinate_baseline,input_coordinate_2columns_per_page,static_first_order_input_coordinate_baseline,0.75,1,-10.748753826498138,-10.748753826498138,-10.748753826498138,576.0,576.0,294912.0,1.0
pilot,exact_checkpoint,test,4,exact_sequential_complete_expert_qenergy,h0_oracle,h0_oracle_full_suffix,input_coordinate_baseline,input_coordinate_2columns_per_page,static_first_order_input_coordinate_baseline,1.0,1,-11.938106072720013,-11.938106072720013,-11.938106072720013,768.0,768.0,393216.0,1.0
pilot,exact_checkpoint,test,4,exact_sequential_complete_expert_qenergy,h0_oracle,h0_oracle_full_suffix,input_coordinate_baseline,input_coordinate_2columns_per_page,static_first_order_input_coordinate_baseline,1.25,1,-11.642773258090063,-11.642773258090063,-11.642773258090063,960.0,960.0,491520.0,1.0
pilot,exact_checkpoint,test,4,exact_sequential_complete_expert_qenergy,h0_oracle,h0_oracle_full_suffix,input_coordinate_baseline,input_coordinate_2columns_per_page,static_first_order_input_coordinate_baseline,1.5,1,-9.929871365253222,-9.929871365253222,-9.929871365253222,1152.0,1152.0,589824.0,1.0
pilot,exact_checkpoint,test,4,exact_sequential_complete_expert_qenergy,h0_oracle,h0_oracle_suffix_metadata_heavy,gate_up_tile_plus_down_column,32x32,static_first_order,0.25,1,-2.9242420100098556,-2.9242420100098556,-2.9242420100098556,192.0,192.0,98304.0,1.0
pilot,exact_checkpoint,test,4,exact_sequential_complete_expert_qenergy,h0_oracle,h0_oracle_suffix_metadata_heavy,gate_up_tile_plus_down_column,32x32,static_first_order,0.5,1,-8.671190184997691,-8.671190184997691,-8.671190184997691,384.0,384.0,196608.0,1.0
pilot,exact_checkpoint,test,4,exact_sequential_complete_expert_qenergy,h0_oracle,h0_oracle_suffix_metadata_heavy,gate_up_tile_plus_down_column,32x32,static_first_order,0.75,1,-12.871883881129174,-12.871883881129174,-12.871883881129174,576.0,576.0,294912.0,1.0
pilot,exact_checkpoint,test,4,exact_sequential_complete_expert_qenergy,h0_oracle,h0_oracle_suffix_metadata_heavy,gate_up_tile_plus_down_column,32x32,static_first_order,1.0,1,-14.386109347275582,-14.386109347275582,-14.386109347275582,768.0,768.0,393216.0,1.0
pilot,exact_checkpoint,test,4,exact_sequential_complete_expert_qenergy,h0_oracle,h0_oracle_suffix_metadata_heavy,gate_up_tile_plus_down_column,32x32,static_first_order,1.25,1,-13.686818366111298,-13.686818366111298,-13.686818366111298,960.0,960.0,491520.0,1.0
pilot,exact_checkpoint,test,4,exact_sequential_complete_expert_qenergy,h0_oracle,h0_oracle_suffix_metadata_heavy,gate_up_tile_plus_down_column,32x32,static_first_order,1.5,1,-11.250998482502837,-11.250998482502837,-11.250998482502837,1152.0,1152.0,589824.0,1.0
pilot,exact_checkpoint,test,4,exact_sequential_complete_expert_qenergy,h0_oracle,h0_oracle_suffix_metadata_heavy,gate_up_tile_plus_down_column,32x32,static_wina,0.25,1,0.19524281739310478,0.19524281739310478,0.19524281739310478,192.0,192.0,98304.0,1.0
pilot,exact_checkpoint,test,4,exact_sequential_complete_expert_qenergy,h0_oracle,h0_oracle_suffix_metadata_heavy,gate_up_tile_plus_down_column,32x32,static_wina,0.5,1,0.4846416611435501,0.4846416611435501,0.4846416611435501,384.0,384.0,196608.0,1.0
pilot,exact_checkpoint,test,4,exact_sequential_complete_expert_qenergy,h0_oracle,h0_oracle_suffix_metadata_heavy,gate_up_tile_plus_down_column,32x32,static_wina,0.75,1,0.29497522575426205,0.29497522575426205,0.29497522575426205,576.0,576.0,294912.0,1.0
pilot,exact_checkpoint,test,4,exact_sequential_complete_expert_qenergy,h0_oracle,h0_oracle_suffix_metadata_heavy,gate_up_tile_plus_down_column,32x32,static_wina,1.0,1,0.5645322901989226,0.5645322901989226,0.5645322901989226,768.0,768.0,393216.0,1.0
pilot,exact_checkpoint,test,4,exact_sequential_complete_expert_qenergy,h0_oracle,h0_oracle_suffix_metadata_heavy,gate_up_tile_plus_down_column,32x32,static_wina,1.25,1,0.7895020524279224,0.7895020524279224,0.7895020524279224,960.0,960.0,491520.0,1.0
pilot,exact_checkpoint,test,4,exact_sequential_complete_expert_qenergy,h0_oracle,h0_oracle_suffix_metadata_heavy,gate_up_tile_plus_down_column,32x32,static_wina,1.5,1,0.8949737839706527,0.8949737839706527,0.8949737839706527,1152.0,1152.0,589824.0,1.0
pilot,exact_checkpoint,test,20,exact_sequential_complete_expert_qenergy,h0_oracle,h0_oracle_full_suffix,gate_up_tile_plus_down_column,32x32,exact_dynamic_tile_marginal_refresh_1,0.25,1,0.8830024284343518,0.8830024284343518,0.8830024284343518,192.0,192.0,98304.0,1.0
pilot,exact_checkpoint,test,20,exact_sequential_complete_expert_qenergy,h0_oracle,h0_oracle_full_suffix,gate_up_tile_plus_down_column,32x32,exact_dynamic_tile_marginal_refresh_1,0.5,1,0.942430818109106,0.942430818109106,0.942430818109106,384.0,384.0,196608.0,1.0
pilot,exact_checkpoint,test,20,exact_sequential_complete_expert_qenergy,h0_oracle,h0_oracle_full_suffix,gate_up_tile_plus_down_column,32x32,exact_dynamic_tile_marginal_refresh_1,0.75,1,0.9582466279245536,0.9582466279245536,0.9582466279245536,576.0,576.0,294912.0,1.0
pilot,exact_checkpoint,test,20,exact_sequential_complete_expert_qenergy,h0_oracle,h0_oracle_full_suffix,gate_up_tile_plus_down_column,32x32,exact_dynamic_tile_marginal_refresh_1,1.0,1,0.9643892582902506,0.9643892582902506,0.9643892582902506,768.0,768.0,393216.0,1.0
pilot,exact_checkpoint,test,20,exact_sequential_complete_expert_qenergy,h0_oracle,h0_oracle_full_suffix,gate_up_tile_plus_down_column,32x32,exact_dynamic_tile_marginal_refresh_1,1.25,1,0.9703765360931469,0.9703765360931469,0.9703765360931469,960.0,960.0,491520.0,1.0
pilot,exact_checkpoint,test,20,exact_sequential_complete_expert_qenergy,h0_oracle,h0_oracle_full_suffix,gate_up_tile_plus_down_column,32x32,exact_dynamic_tile_marginal_refresh_1,1.5,1,0.9719972141790127,0.9719972141790127,0.9719972141790127,1152.0,1152.0,589824.0,1.0
pilot,exact_checkpoint,test,20,exact_sequential_complete_expert_qenergy,h0_oracle,h0_oracle_full_suffix,input_coordinate_baseline,input_coordinate_2columns_per_page,static_first_order_input_coordinate_baseline,0.25,1,-0.9965316687796064,-0.9965316687796064,-0.9965316687796064,192.0,192.0,98304.0,1.0
pilot,exact_checkpoint,test,20,exact_sequential_complete_expert_qenergy,h0_oracle,h0_oracle_full_suffix,input_coordinate_baseline,input_coordinate_2columns_per_page,static_first_order_input_coordinate_baseline,0.5,1,-3.3272526976811143,-3.3272526976811143,-3.3272526976811143,384.0,384.0,196608.0,1.0
pilot,exact_checkpoint,test,20,exact_sequential_complete_expert_qenergy,h0_oracle,h0_oracle_full_suffix,input_coordinate_baseline,input_coordinate_2columns_per_page,static_first_order_input_coordinate_baseline,0.75,1,-5.147922279658813,-5.147922279658813,-5.147922279658813,576.0,576.0,294912.0,1.0
pilot,exact_checkpoint,test,20,exact_sequential_complete_expert_qenergy,h0_oracle,h0_oracle_full_suffix,input_coordinate_baseline,input_coordinate_2columns_per_page,static_first_order_input_coordinate_baseline,1.0,1,-5.718435506796849,-5.718435506796849,-5.718435506796849,768.0,768.0,393216.0,1.0
pilot,exact_checkpoint,test,20,exact_sequential_complete_expert_qenergy,h0_oracle,h0_oracle_full_suffix,input_coordinate_baseline,input_coordinate_2columns_per_page,static_first_order_input_coordinate_baseline,1.25,1,-5.5875662515778775,-5.5875662515778775,-5.5875662515778775,960.0,960.0,491520.0,1.0
pilot,exact_checkpoint,test,20,exact_sequential_complete_expert_qenergy,h0_oracle,h0_oracle_full_suffix,input_coordinate_baseline,input_coordinate_2columns_per_page,static_first_order_input_coordinate_baseline,1.5,1,-4.112461190594596,-4.112461190594596,-4.112461190594596,1152.0,1152.0,589824.0,1.0
pilot,exact_checkpoint,test,20,exact_sequential_complete_expert_qenergy,h0_oracle,h0_oracle_suffix_metadata_heavy,gate_up_tile_plus_down_column,32x32,static_first_order,0.25,1,-1.5341976359133405,-1.5341976359133405,-1.5341976359133405,192.0,192.0,98304.0,1.0
pilot,exact_checkpoint,test,20,exact_sequential_complete_expert_qenergy,h0_oracle,h0_oracle_suffix_metadata_heavy,gate_up_tile_plus_down_column,32x32,static_first_order,0.5,1,-4.759580932415915,-4.759580932415915,-4.759580932415915,384.0,384.0,196608.0,1.0
pilot,exact_checkpoint,test,20,exact_sequential_complete_expert_qenergy,h0_oracle,h0_oracle_suffix_metadata_heavy,gate_up_tile_plus_down_column,32x32,static_first_order,0.75,1,-7.765345782321916,-7.765345782321916,-7.765345782321916,576.0,576.0,294912.0,1.0
pilot,exact_checkpoint,test,20,exact_sequential_complete_expert_qenergy,h0_oracle,h0_oracle_suffix_metadata_heavy,gate_up_tile_plus_down_column,32x32,static_first_order,1.0,1,-8.585547937742794,-8.585547937742794,-8.585547937742794,768.0,768.0,393216.0,1.0
pilot,exact_checkpoint,test,20,exact_sequential_complete_expert_qenergy,h0_oracle,h0_oracle_suffix_metadata_heavy,gate_up_tile_plus_down_column,32x32,static_first_order,1.25,1,-8.42961068837534,-8.42961068837534,-8.42961068837534,960.0,960.0,491520.0,1.0
pilot,exact_checkpoint,test,20,exact_sequential_complete_expert_qenergy,h0_oracle,h0_oracle_suffix_metadata_heavy,gate_up_tile_plus_down_column,32x32,static_first_order,1.5,1,-6.5183047585348,-6.5183047585348,-6.5183047585348,1152.0,1152.0,589824.0,1.0
pilot,exact_checkpoint,test,20,exact_sequential_complete_expert_qenergy,h0_oracle,h0_oracle_suffix_metadata_heavy,gate_up_tile_plus_down_column,32x32,static_wina,0.25,1,0.48960461353381846,0.48960461353381846,0.48960461353381846,192.0,192.0,98304.0,1.0
pilot,exact_checkpoint,test,20,exact_sequential_complete_expert_qenergy,h0_oracle,h0_oracle_suffix_metadata_heavy,gate_up_tile_plus_down_column,32x32,static_wina,0.5,1,0.6731382801757686,0.6731382801757686,0.6731382801757686,384.0,384.0,196608.0,1.0
pilot,exact_checkpoint,test,20,exact_sequential_complete_expert_qenergy,h0_oracle,h0_oracle_suffix_metadata_heavy,gate_up_tile_plus_down_column,32x32,static_wina,0.75,1,0.7707593842982021,0.7707593842982021,0.7707593842982021,576.0,576.0,294912.0,1.0
pilot,exact_checkpoint,test,20,exact_sequential_complete_expert_qenergy,h0_oracle,h0_oracle_suffix_metadata_heavy,gate_up_tile_plus_down_column,32x32,static_wina,1.0,1,0.8585132139885954,0.8585132139885954,0.8585132139885954,768.0,768.0,393216.0,1.0
pilot,exact_checkpoint,test,20,exact_sequential_complete_expert_qenergy,h0_oracle,h0_oracle_suffix_metadata_heavy,gate_up_tile_plus_down_column,32x32,static_wina,1.25,1,0.9067428205382893,0.9067428205382893,0.9067428205382893,960.0,960.0,491520.0,1.0
pilot,exact_checkpoint,test,20,exact_sequential_complete_expert_qenergy,h0_oracle,h0_oracle_suffix_metadata_heavy,gate_up_tile_plus_down_column,32x32,static_wina,1.5,1,0.9325935330997105,0.9325935330997105,0.9325935330997105,1152.0,1152.0,589824.0,1.0
pilot,exact_checkpoint,test,39,exact_sequential_complete_expert_qenergy,h0_oracle,h0_oracle_full_suffix,gate_up_tile_plus_down_column,32x32,exact_dynamic_tile_marginal_refresh_1,0.25,1,0.9725758848708057,0.9725758848708057,0.9725758848708057,192.0,192.0,98304.0,1.0
pilot,exact_checkpoint,test,39,exact_sequential_complete_expert_qenergy,h0_oracle,h0_oracle_full_suffix,gate_up_tile_plus_down_column,32x32,exact_dynamic_tile_marginal_refresh_1,0.5,1,0.9918619055528726,0.9918619055528726,0.9918619055528726,384.0,384.0,196608.0,1.0
pilot,exact_checkpoint,test,39,exact_sequential_complete_expert_qenergy,h0_oracle,h0_oracle_full_suffix,gate_up_tile_plus_down_column,32x32,exact_dynamic_tile_marginal_refresh_1,0.75,1,0.9943192614402541,0.9943192614402541,0.9943192614402541,576.0,576.0,294912.0,1.0
pilot,exact_checkpoint,test,39,exact_sequential_complete_expert_qenergy,h0_oracle,h0_oracle_full_suffix,gate_up_tile_plus_down_column,32x32,exact_dynamic_tile_marginal_refresh_1,1.0,1,0.9947090478842493,0.9947090478842493,0.9947090478842493,768.0,768.0,393216.0,1.0
pilot,exact_checkpoint,test,39,exact_sequential_complete_expert_qenergy,h0_oracle,h0_oracle_full_suffix,gate_up_tile_plus_down_column,32x32,exact_dynamic_tile_marginal_refresh_1,1.25,1,0.9952527038149134,0.9952527038149134,0.9952527038149134,960.0,960.0,491520.0,1.0
pilot,exact_checkpoint,test,39,exact_sequential_complete_expert_qenergy,h0_oracle,h0_oracle_full_suffix,gate_up_tile_plus_down_column,32x32,exact_dynamic_tile_marginal_refresh_1,1.5,1,0.9963693887369311,0.9963693887369311,0.9963693887369311,1152.0,1152.0,589824.0,1.0
pilot,exact_checkpoint,test,39,exact_sequential_complete_expert_qenergy,h0_oracle,h0_oracle_full_suffix,input_coordinate_baseline,input_coordinate_2columns_per_page,static_first_order_input_coordinate_baseline,0.25,1,-4.544578435834394,-4.544578435834394,-4.544578435834394,192.0,192.0,98304.0,1.0
pilot,exact_checkpoint,test,39,exact_sequential_complete_expert_qenergy,h0_oracle,h0_oracle_full_suffix,input_coordinate_baseline,input_coordinate_2columns_per_page,static_first_order_input_coordinate_baseline,0.5,1,-10.286920343150483,-10.286920343150483,-10.286920343150483,384.0,384.0,196608.0,1.0
pilot,exact_checkpoint,test,39,exact_sequential_complete_expert_qenergy,h0_oracle,h0_oracle_full_suffix,input_coordinate_baseline,input_coordinate_2columns_per_page,static_first_order_input_coordinate_baseline,0.75,1,-12.882912897053506,-12.882912897053506,-12.882912897053506,576.0,576.0,294912.0,1.0
pilot,exact_checkpoint,test,39,exact_sequential_complete_expert_qenergy,h0_oracle,h0_oracle_full_suffix,input_coordinate_baseline,input_coordinate_2columns_per_page,static_first_order_input_coordinate_baseline,1.0,1,-13.378285885476277,-13.378285885476277,-13.378285885476277,768.0,768.0,393216.0,1.0
pilot,exact_checkpoint,test,39,exact_sequential_complete_expert_qenergy,h0_oracle,h0_oracle_full_suffix,input_coordinate_baseline,input_coordinate_2columns_per_page,static_first_order_input_coordinate_baseline,1.25,1,-13.095403086500214,-13.095403086500214,-13.095403086500214,960.0,960.0,491520.0,1.0
pilot,exact_checkpoint,test,39,exact_sequential_complete_expert_qenergy,h0_oracle,h0_oracle_full_suffix,input_coordinate_baseline,input_coordinate_2columns_per_page,static_first_order_input_coordinate_baseline,1.5,1,-11.319869608977331,-11.319869608977331,-11.319869608977331,1152.0,1152.0,589824.0,1.0
pilot,exact_checkpoint,test,39,exact_sequential_complete_expert_qenergy,h0_oracle,h0_oracle_suffix_metadata_heavy,gate_up_tile_plus_down_column,32x32,static_first_order,0.25,1,-3.6259495386670517,-3.6259495386670517,-3.6259495386670517,192.0,192.0,98304.0,1.0
pilot,exact_checkpoint,test,39,exact_sequential_complete_expert_qenergy,h0_oracle,h0_oracle_suffix_metadata_heavy,gate_up_tile_plus_down_column,32x32,static_first_order,0.5,1,-6.875493282097657,-6.875493282097657,-6.875493282097657,384.0,384.0,196608.0,1.0
pilot,exact_checkpoint,test,39,exact_sequential_complete_expert_qenergy,h0_oracle,h0_oracle_suffix_metadata_heavy,gate_up_tile_plus_down_column,32x32,static_first_order,0.75,1,-8.501537548395644,-8.501537548395644,-8.501537548395644,576.0,576.0,294912.0,1.0
pilot,exact_checkpoint,test,39,exact_sequential_complete_expert_qenergy,h0_oracle,h0_oracle_suffix_metadata_heavy,gate_up_tile_plus_down_column,32x32,static_first_order,1.0,1,-8.877908226469367,-8.877908226469367,-8.877908226469367,768.0,768.0,393216.0,1.0
pilot,exact_checkpoint,test,39,exact_sequential_complete_expert_qenergy,h0_oracle,h0_oracle_suffix_metadata_heavy,gate_up_tile_plus_down_column,32x32,static_first_order,1.25,1,-8.799030059312324,-8.799030059312324,-8.799030059312324,960.0,960.0,491520.0,1.0
pilot,exact_checkpoint,test,39,exact_sequential_complete_expert_qenergy,h0_oracle,h0_oracle_suffix_metadata_heavy,gate_up_tile_plus_down_column,32x32,static_first_order,1.5,1,-7.70755722147188,-7.70755722147188,-7.70755722147188,1152.0,1152.0,589824.0,1.0
pilot,exact_checkpoint,test,39,exact_sequential_complete_expert_qenergy,h0_oracle,h0_oracle_suffix_metadata_heavy,gate_up_tile_plus_down_column,32x32,static_wina,0.25,1,0.8370834476852325,0.8370834476852325,0.8370834476852325,192.0,192.0,98304.0,1.0
pilot,exact_checkpoint,test,39,exact_sequential_complete_expert_qenergy,h0_oracle,h0_oracle_suffix_metadata_heavy,gate_up_tile_plus_down_column,32x32,static_wina,0.5,1,0.8637658139847297,0.8637658139847297,0.8637658139847297,384.0,384.0,196608.0,1.0
pilot,exact_checkpoint,test,39,exact_sequential_complete_expert_qenergy,h0_oracle,h0_oracle_suffix_metadata_heavy,gate_up_tile_plus_down_column,32x32,static_wina,0.75,1,0.9023792796633721,0.9023792796633721,0.9023792796633721,576.0,576.0,294912.0,1.0
pilot,exact_checkpoint,test,39,exact_sequential_complete_expert_qenergy,h0_oracle,h0_oracle_suffix_metadata_heavy,gate_up_tile_plus_down_column,32x32,static_wina,1.0,1,0.9622181652343841,0.9622181652343841,0.9622181652343841,768.0,768.0,393216.0,1.0
pilot,exact_checkpoint,test,39,exact_sequential_complete_expert_qenergy,h0_oracle,h0_oracle_suffix_metadata_heavy,gate_up_tile_plus_down_column,32x32,static_wina,1.25,1,0.9918149693337248,0.9918149693337248,0.9918149693337248,960.0,960.0,491520.0,1.0
pilot,exact_checkpoint,test,39,exact_sequential_complete_expert_qenergy,h0_oracle,h0_oracle_suffix_metadata_heavy,gate_up_tile_plus_down_column,32x32,static_wina,1.5,1,0.9945772610480121,0.9945772610480121,0.9945772610480121,1152.0,1152.0,589824.0,1.0
pilot,exact_checkpoint,validation,0,exact_sequential_complete_expert_qenergy,h0_oracle,h0_oracle_full_suffix,gate_up_tile_plus_down_column,16x64,exact_dynamic_tile_marginal_refresh_1,0.25,7,0.9034324912176444,0.9302199678446775,0.9664757822639614,192.0,192.0,98304.0,1.0
pilot,exact_checkpoint,validation,0,exact_sequential_complete_expert_qenergy,h0_oracle,h0_oracle_full_suffix,gate_up_tile_plus_down_column,16x64,exact_dynamic_tile_marginal_refresh_1,0.5,7,0.9424135039995394,0.9671605296040017,0.985649067384674,384.0,384.0,196608.0,1.0
pilot,exact_checkpoint,validation,0,exact_sequential_complete_expert_qenergy,h0_oracle,h0_oracle_full_suffix,gate_up_tile_plus_down_column,16x64,exact_dynamic_tile_marginal_refresh_1,0.75,7,0.9451605280951089,0.9684280886359925,0.987175426710637,576.0,576.0,294912.0,1.0
pilot,exact_checkpoint,validation,0,exact_sequential_complete_expert_qenergy,h0_oracle,h0_oracle_full_suffix,gate_up_tile_plus_down_column,16x64,exact_dynamic_tile_marginal_refresh_1,1.0,7,0.9452378407837306,0.9684068679822384,0.9871764601361347,768.0,768.0,393216.0,1.0
pilot,exact_checkpoint,validation,0,exact_sequential_complete_expert_qenergy,h0_oracle,h0_oracle_full_suffix,gate_up_tile_plus_down_column,16x64,exact_dynamic_tile_marginal_refresh_1,1.25,7,0.9463791701008435,0.9728736209661333,0.9874211035451765,960.0,960.0,491520.0,1.0
pilot,exact_checkpoint,validation,0,exact_sequential_complete_expert_qenergy,h0_oracle,h0_oracle_full_suffix,gate_up_tile_plus_down_column,16x64,exact_dynamic_tile_marginal_refresh_1,1.5,7,0.9494284223382011,0.973312831039998,0.9882427304902475,1152.0,1152.0,589824.0,1.0
pilot,exact_checkpoint,validation,0,exact_sequential_complete_expert_qenergy,h0_oracle,h0_oracle_full_suffix,gate_up_tile_plus_down_column,32x32,exact_dynamic_tile_marginal_refresh_1,0.25,7,0.9027012253874299,0.9288316057494514,0.9649865898913954,192.0,192.0,98304.0,1.0
pilot,exact_checkpoint,validation,0,exact_sequential_complete_expert_qenergy,h0_oracle,h0_oracle_full_suffix,gate_up_tile_plus_down_column,32x32,exact_dynamic_tile_marginal_refresh_1,0.5,7,0.9432545699501647,0.9651378765526331,0.9843793546399465,384.0,384.0,196608.0,1.0
pilot,exact_checkpoint,validation,0,exact_sequential_complete_expert_qenergy,h0_oracle,h0_oracle_full_suffix,gate_up_tile_plus_down_column,32x32,exact_dynamic_tile_marginal_refresh_1,0.75,7,0.9448755263928166,0.966886650911577,0.9859095308749025,576.0,576.0,294912.0,1.0
pilot,exact_checkpoint,validation,0,exact_sequential_complete_expert_qenergy,h0_oracle,h0_oracle_full_suffix,gate_up_tile_plus_down_column,32x32,exact_dynamic_tile_marginal_refresh_1,1.0,7,0.9459190432668302,0.9678177735407562,0.9859095308749026,768.0,768.0,393216.0,1.0
pilot,exact_checkpoint,validation,0,exact_sequential_complete_expert_qenergy,h0_oracle,h0_oracle_full_suffix,gate_up_tile_plus_down_column,32x32,exact_dynamic_tile_marginal_refresh_1,1.25,7,0.9495801756017394,0.9692221608587133,0.9866015245764904,960.0,960.0,491520.0,1.0
pilot,exact_checkpoint,validation,0,exact_sequential_complete_expert_qenergy,h0_oracle,h0_oracle_full_suffix,gate_up_tile_plus_down_column,32x32,exact_dynamic_tile_marginal_refresh_1,1.5,7,0.9584276275655865,0.9755935063433947,0.9868726840104054,1152.0,1152.0,589824.0,1.0
pilot,exact_checkpoint,validation,0,exact_sequential_complete_expert_qenergy,h0_oracle,h0_oracle_full_suffix,gate_up_tile_plus_down_column,64x16,exact_dynamic_tile_marginal_refresh_1,0.25,7,0.8936262070447023,0.9297874692908217,0.9661065186365941,192.0,192.0,98304.0,1.0
pilot,exact_checkpoint,validation,0,exact_sequential_complete_expert_qenergy,h0_oracle,h0_oracle_full_suffix,gate_up_tile_plus_down_column,64x16,exact_dynamic_tile_marginal_refresh_1,0.5,7,0.9421704443749687,0.9623730580653398,0.9838785226311006,384.0,384.0,196608.0,1.0
pilot,exact_checkpoint,validation,0,exact_sequential_complete_expert_qenergy,h0_oracle,h0_oracle_full_suffix,gate_up_tile_plus_down_column,64x16,exact_dynamic_tile_marginal_refresh_1,0.75,7,0.9436447300898764,0.9672936701804933,0.9848117168263387,576.0,576.0,294912.0,1.0
pilot,exact_checkpoint,validation,0,exact_sequential_complete_expert_qenergy,h0_oracle,h0_oracle_full_suffix,gate_up_tile_plus_down_column,64x16,exact_dynamic_tile_marginal_refresh_1,1.0,7,0.9451429017779956,0.9676346445685953,0.9852471914875187,768.0,768.0,393216.0,1.0
pilot,exact_checkpoint,validation,0,exact_sequential_complete_expert_qenergy,h0_oracle,h0_oracle_full_suffix,gate_up_tile_plus_down_column,64x16,exact_dynamic_tile_marginal_refresh_1,1.25,7,0.9485997969769999,0.9718505420853019,0.986420277212861,960.0,960.0,491520.0,1.0
pilot,exact_checkpoint,validation,0,exact_sequential_complete_expert_qenergy,h0_oracle,h0_oracle_full_suffix,gate_up_tile_plus_down_column,64x16,exact_dynamic_tile_marginal_refresh_1,1.5,7,0.948843357134186,0.973855260173881,0.9883652134313458,1152.0,1152.0,589824.0,1.0
pilot,exact_checkpoint,validation,0,exact_sequential_complete_expert_qenergy,h0_oracle,h0_oracle_full_suffix,input_coordinate_baseline,input_coordinate_2columns_per_page,static_first_order_input_coordinate_baseline,0.25,7,-4.643029939421242,-3.1627595969289644,-0.5471718719065706,192.0,192.0,98304.0,1.0
pilot,exact_checkpoint,validation,0,exact_sequential_complete_expert_qenergy,h0_oracle,h0_oracle_full_suffix,input_coordinate_baseline,input_coordinate_2columns_per_page,static_first_order_input_coordinate_baseline,0.5,7,-10.032762881839203,-7.694336838700957,-2.3676241389317663,384.0,384.0,196608.0,1.0
pilot,exact_checkpoint,validation,0,exact_sequential_complete_expert_qenergy,h0_oracle,h0_oracle_full_suffix,input_coordinate_baseline,input_coordinate_2columns_per_page,static_first_order_input_coordinate_baseline,0.75,7,-12.073678833829554,-9.033252337842786,-3.431648012097169,576.0,576.0,294912.0,1.0
pilot,exact_checkpoint,validation,0,exact_sequential_complete_expert_qenergy,h0_oracle,h0_oracle_full_suffix,input_coordinate_baseline,input_coordinate_2columns_per_page,static_first_order_input_coordinate_baseline,1.0,7,-12.042207876737626,-9.117580499397123,-3.416171882323079,768.0,768.0,393216.0,1.0
pilot,exact_checkpoint,validation,0,exact_sequential_complete_expert_qenergy,h0_oracle,h0_oracle_full_suffix,input_coordinate_baseline,input_coordinate_2columns_per_page,static_first_order_input_coordinate_baseline,1.25,7,-12.045910993893779,-9.51540384072373,-3.4283760607278557,960.0,960.0,491520.0,1.0
pilot,exact_checkpoint,validation,0,exact_sequential_complete_expert_qenergy,h0_oracle,h0_oracle_full_suffix,input_coordinate_baseline,input_coordinate_2columns_per_page,static_first_order_input_coordinate_baseline,1.5,7,-10.696567272498974,-7.962003766177212,-3.045580739393504,1152.0,1152.0,589824.0,1.0
pilot,exact_checkpoint,validation,0,exact_sequential_complete_expert_qenergy,h0_oracle,h0_oracle_suffix_metadata_heavy,gate_up_tile_plus_down_column,16x64,activation_energy_x_weight,0.25,7,0.3606195026793029,0.6638477199643917,0.810136045829439,192.0,192.0,98304.0,1.0
pilot,exact_checkpoint,validation,0,exact_sequential_complete_expert_qenergy,h0_oracle,h0_oracle_suffix_metadata_heavy,gate_up_tile_plus_down_column,16x64,activation_energy_x_weight,0.5,7,0.6092155717890535,0.8546389084822205,0.9103838013601976,384.0,384.0,196608.0,1.0
pilot,exact_checkpoint,validation,0,exact_sequential_complete_expert_qenergy,h0_oracle,h0_oracle_suffix_metadata_heavy,gate_up_tile_plus_down_column,16x64,activation_energy_x_weight,0.75,7,0.8467718740072153,0.8592353243492084,0.9469511851126642,576.0,576.0,294912.0,1.0
pilot,exact_checkpoint,validation,0,exact_sequential_complete_expert_qenergy,h0_oracle,h0_oracle_suffix_metadata_heavy,gate_up_tile_plus_down_column,16x64,activation_energy_x_weight,1.0,7,0.8727087904121239,0.9446451929787729,0.9705468715270354,768.0,768.0,393216.0,1.0
pilot,exact_checkpoint,validation,0,exact_sequential_complete_expert_qenergy,h0_oracle,h0_oracle_suffix_metadata_heavy,gate_up_tile_plus_down_column,16x64,activation_energy_x_weight,1.25,7,0.949618558011783,0.9687002554137397,0.9852741302531298,960.0,960.0,491520.0,1.0
pilot,exact_checkpoint,validation,0,exact_sequential_complete_expert_qenergy,h0_oracle,h0_oracle_suffix_metadata_heavy,gate_up_tile_plus_down_column,16x64,activation_energy_x_weight,1.5,7,0.9877341419028178,0.9952456358217182,0.9971599631701294,1152.0,1152.0,589824.0,1.0
pilot,exact_checkpoint,validation,0,exact_sequential_complete_expert_qenergy,h0_oracle,h0_oracle_suffix_metadata_heavy,gate_up_tile_plus_down_column,16x64,cartesian_hidden_input_blocks,0.25,7,0.39871441789488415,0.6334879611538535,0.8378130986178615,192.0,192.0,98304.0,1.0
pilot,exact_checkpoint,validation,0,exact_sequential_complete_expert_qenergy,h0_oracle,h0_oracle_suffix_metadata_heavy,gate_up_tile_plus_down_column,16x64,cartesian_hidden_input_blocks,0.5,7,0.6458434265896301,0.7887179859796655,0.8927338288420155,384.0,384.0,196608.0,1.0
pilot,exact_checkpoint,validation,0,exact_sequential_complete_expert_qenergy,h0_oracle,h0_oracle_suffix_metadata_heavy,gate_up_tile_plus_down_column,16x64,cartesian_hidden_input_blocks,0.75,7,0.7815572458685229,0.8768852538876164,0.9320588935748919,576.0,576.0,294912.0,1.0
pilot,exact_checkpoint,validation,0,exact_sequential_complete_expert_qenergy,h0_oracle,h0_oracle_suffix_metadata_heavy,gate_up_tile_plus_down_column,16x64,cartesian_hidden_input_blocks,1.0,7,0.8667046662580853,0.9438967924371212,0.9626526799475699,768.0,768.0,393216.0,1.0
pilot,exact_checkpoint,validation,0,exact_sequential_complete_expert_qenergy,h0_oracle,h0_oracle_suffix_metadata_heavy,gate_up_tile_plus_down_column,16x64,cartesian_hidden_input_blocks,1.25,7,0.9328690323520856,0.9727160285567099,0.9820448566877396,960.0,960.0,491520.0,1.0
pilot,exact_checkpoint,validation,0,exact_sequential_complete_expert_qenergy,h0_oracle,h0_oracle_suffix_metadata_heavy,gate_up_tile_plus_down_column,16x64,cartesian_hidden_input_blocks,1.5,7,0.9911576604170965,0.9945113735814519,0.9974158926188551,1152.0,1152.0,589824.0,1.0
pilot,exact_checkpoint,validation,0,exact_sequential_complete_expert_qenergy,h0_oracle,h0_oracle_suffix_metadata_heavy,gate_up_tile_plus_down_column,32x32,cartesian_hidden_input_blocks,0.25,7,0.4188032216246582,0.7608421436674694,0.8076576816284804,192.0,192.0,98304.0,1.0
pilot,exact_checkpoint,validation,0,exact_sequential_complete_expert_qenergy,h0_oracle,h0_oracle_suffix_metadata_heavy,gate_up_tile_plus_down_column,32x32,cartesian_hidden_input_blocks,0.5,7,0.594987723762095,0.8162827791985462,0.8917927890556188,384.0,384.0,196608.0,1.0
pilot,exact_checkpoint,validation,0,exact_sequential_complete_expert_qenergy,h0_oracle,h0_oracle_suffix_metadata_heavy,gate_up_tile_plus_down_column,32x32,cartesian_hidden_input_blocks,0.75,7,0.7208466899279897,0.8695820130748363,0.9305402639511969,576.0,576.0,294912.0,1.0
pilot,exact_checkpoint,validation,0,exact_sequential_complete_expert_qenergy,h0_oracle,h0_oracle_suffix_metadata_heavy,gate_up_tile_plus_down_column,32x32,cartesian_hidden_input_blocks,1.0,7,0.8824244886809001,0.9123555989944765,0.959995869937954,768.0,768.0,393216.0,1.0
pilot,exact_checkpoint,validation,0,exact_sequential_complete_expert_qenergy,h0_oracle,h0_oracle_suffix_metadata_heavy,gate_up_tile_plus_down_column,32x32,cartesian_hidden_input_blocks,1.25,7,0.9449680173438845,0.9687898229340561,0.9799480431224336,960.0,960.0,491520.0,1.0
pilot,exact_checkpoint,validation,0,exact_sequential_complete_expert_qenergy,h0_oracle,h0_oracle_suffix_metadata_heavy,gate_up_tile_plus_down_column,32x32,cartesian_hidden_input_blocks,1.5,7,0.9875612598543396,0.9934376864044352,0.9958691892129743,1152.0,1152.0,589824.0,1.0
pilot,exact_checkpoint,validation,0,exact_sequential_complete_expert_qenergy,h0_oracle,h0_oracle_suffix_metadata_heavy,gate_up_tile_plus_down_column,32x32,static_first_order,0.25,7,-5.311883968371907,-2.6697638578121072,-0.6255831512675561,192.0,192.0,98304.0,1.0
pilot,exact_checkpoint,validation,0,exact_sequential_complete_expert_qenergy,h0_oracle,h0_oracle_suffix_metadata_heavy,gate_up_tile_plus_down_column,32x32,static_first_order,0.5,7,-12.054055224946286,-6.674249099009649,-2.8358880822691797,384.0,384.0,196608.0,1.0
pilot,exact_checkpoint,validation,0,exact_sequential_complete_expert_qenergy,h0_oracle,h0_oracle_suffix_metadata_heavy,gate_up_tile_plus_down_column,32x32,static_first_order,0.75,7,-15.21236356619394,-8.758556462253255,-3.8256629021642796,576.0,576.0,294912.0,1.0
pilot,exact_checkpoint,validation,0,exact_sequential_complete_expert_qenergy,h0_oracle,h0_oracle_suffix_metadata_heavy,gate_up_tile_plus_down_column,32x32,static_first_order,1.0,7,-15.551814563411181,-9.395142367639307,-3.9809620777278862,768.0,768.0,393216.0,1.0
pilot,exact_checkpoint,validation,0,exact_sequential_complete_expert_qenergy,h0_oracle,h0_oracle_suffix_metadata_heavy,gate_up_tile_plus_down_column,32x32,static_first_order,1.25,7,-15.632422065152213,-9.407961084158186,-3.9809620777278862,960.0,960.0,491520.0,1.0
pilot,exact_checkpoint,validation,0,exact_sequential_complete_expert_qenergy,h0_oracle,h0_oracle_suffix_metadata_heavy,gate_up_tile_plus_down_column,32x32,static_first_order,1.5,7,-13.253962067242933,-8.40153046399538,-3.524918991301224,1152.0,1152.0,589824.0,1.0
pilot,exact_checkpoint,validation,0,exact_sequential_complete_expert_qenergy,h0_oracle,h0_oracle_suffix_metadata_heavy,gate_up_tile_plus_down_column,32x32,static_wina,0.25,7,0.4480375508748869,0.7624508252673818,0.8015470892776762,192.0,192.0,98304.0,1.0
pilot,exact_checkpoint,validation,0,exact_sequential_complete_expert_qenergy,h0_oracle,h0_oracle_suffix_metadata_heavy,gate_up_tile_plus_down_column,32x32,static_wina,0.5,7,0.586292311217413,0.8255690666380642,0.8880067821093521,384.0,384.0,196608.0,1.0
pilot,exact_checkpoint,validation,0,exact_sequential_complete_expert_qenergy,h0_oracle,h0_oracle_suffix_metadata_heavy,gate_up_tile_plus_down_column,32x32,static_wina,0.75,7,0.7280496958680056,0.8807602790213818,0.9262888384331686,576.0,576.0,294912.0,1.0
pilot,exact_checkpoint,validation,0,exact_sequential_complete_expert_qenergy,h0_oracle,h0_oracle_suffix_metadata_heavy,gate_up_tile_plus_down_column,32x32,static_wina,1.0,7,0.9081784830685692,0.9432616391076903,0.9608063299607087,768.0,768.0,393216.0,1.0
pilot,exact_checkpoint,validation,0,exact_sequential_complete_expert_qenergy,h0_oracle,h0_oracle_suffix_metadata_heavy,gate_up_tile_plus_down_column,32x32,static_wina,1.25,7,0.9534654658014082,0.9683620360313685,0.9839853009669127,960.0,960.0,491520.0,1.0
pilot,exact_checkpoint,validation,0,exact_sequential_complete_expert_qenergy,h0_oracle,h0_oracle_suffix_metadata_heavy,gate_up_tile_plus_down_column,32x32,static_wina,1.5,7,0.987101717128668,0.9939690605391488,0.996001105456905,1152.0,1152.0,589824.0,1.0
pilot,exact_checkpoint,validation,0,exact_sequential_complete_expert_qenergy,h0_oracle,h0_oracle_suffix_metadata_heavy,gate_up_tile_plus_down_column,64x16,activation_energy_x_weight,0.25,7,0.3794231378056287,0.7496196173669876,0.8419437486550806,192.0,192.0,98304.0,1.0
pilot,exact_checkpoint,validation,0,exact_sequential_complete_expert_qenergy,h0_oracle,h0_oracle_suffix_metadata_heavy,gate_up_tile_plus_down_column,64x16,activation_energy_x_weight,0.5,7,0.6259472351342112,0.8545441134499279,0.870358510008901,384.0,384.0,196608.0,1.0
pilot,exact_checkpoint,validation,0,exact_sequential_complete_expert_qenergy,h0_oracle,h0_oracle_suffix_metadata_heavy,gate_up_tile_plus_down_column,64x16,activation_energy_x_weight,0.75,7,0.8065470505557878,0.9046740910515877,0.9328710129019557,576.0,576.0,294912.0,1.0
pilot,exact_checkpoint,validation,0,exact_sequential_complete_expert_qenergy,h0_oracle,h0_oracle_suffix_metadata_heavy,gate_up_tile_plus_down_column,64x16,activation_energy_x_weight,1.0,7,0.9004025890222674,0.9286395514644099,0.9675150604801717,768.0,768.0,393216.0,1.0
pilot,exact_checkpoint,validation,0,exact_sequential_complete_expert_qenergy,h0_oracle,h0_oracle_suffix_metadata_heavy,gate_up_tile_plus_down_column,64x16,activation_energy_x_weight,1.25,7,0.9530311314521245,0.9657045836804267,0.9804956000576086,960.0,960.0,491520.0,1.0
pilot,exact_checkpoint,validation,0,exact_sequential_complete_expert_qenergy,h0_oracle,h0_oracle_suffix_metadata_heavy,gate_up_tile_plus_down_column,64x16,activation_energy_x_weight,1.5,7,0.9878736101051662,0.9931475339598971,0.9948880145075462,1152.0,1152.0,589824.0,1.0
pilot,exact_checkpoint,validation,0,exact_sequential_complete_expert_qenergy,h0_oracle,h0_oracle_suffix_metadata_heavy,gate_up_tile_plus_down_column,64x16,cartesian_hidden_input_blocks,0.25,7,0.397838603283762,0.6873666029009586,0.8238175084488011,192.0,192.0,98304.0,1.0
pilot,exact_checkpoint,validation,0,exact_sequential_complete_expert_qenergy,h0_oracle,h0_oracle_suffix_metadata_heavy,gate_up_tile_plus_down_column,64x16,cartesian_hidden_input_blocks,0.5,7,0.6356780783739795,0.8696017323086874,0.8848446873985994,384.0,384.0,196608.0,1.0
pilot,exact_checkpoint,validation,0,exact_sequential_complete_expert_qenergy,h0_oracle,h0_oracle_suffix_metadata_heavy,gate_up_tile_plus_down_column,64x16,cartesian_hidden_input_blocks,0.75,7,0.7900939832873781,0.8526054936733887,0.9447662790495723,576.0,576.0,294912.0,1.0
pilot,exact_checkpoint,validation,0,exact_sequential_complete_expert_qenergy,h0_oracle,h0_oracle_suffix_metadata_heavy,gate_up_tile_plus_down_column,64x16,cartesian_hidden_input_blocks,1.0,7,0.8795350641636371,0.8937251216848929,0.973885172828359,768.0,768.0,393216.0,1.0
pilot,exact_checkpoint,validation,0,exact_sequential_complete_expert_qenergy,h0_oracle,h0_oracle_suffix_metadata_heavy,gate_up_tile_plus_down_column,64x16,cartesian_hidden_input_blocks,1.25,7,0.9303417934151447,0.9572909510296661,0.9821966787833099,960.0,960.0,491520.0,1.0
pilot,exact_checkpoint,validation,0,exact_sequential_complete_expert_qenergy,h0_oracle,h0_oracle_suffix_metadata_heavy,gate_up_tile_plus_down_column,64x16,cartesian_hidden_input_blocks,1.5,7,0.9866306328859057,0.9934294371310541,0.9952128602751962,1152.0,1152.0,589824.0,1.0
pilot,exact_checkpoint,validation,4,exact_sequential_complete_expert_qenergy,h0_oracle,h0_oracle_full_suffix,gate_up_tile_plus_down_column,16x64,exact_dynamic_tile_marginal_refresh_1,0.25,16,0.7788085250570405,0.8449497713788812,0.8948032492647509,192.0,192.0,98304.0,1.0
pilot,exact_checkpoint,validation,4,exact_sequential_complete_expert_qenergy,h0_oracle,h0_oracle_full_suffix,gate_up_tile_plus_down_column,16x64,exact_dynamic_tile_marginal_refresh_1,0.5,16,0.8852737256670217,0.9279974055109996,0.9511133803817402,384.0,384.0,196608.0,1.0
pilot,exact_checkpoint,validation,4,exact_sequential_complete_expert_qenergy,h0_oracle,h0_oracle_full_suffix,gate_up_tile_plus_down_column,16x64,exact_dynamic_tile_marginal_refresh_1,0.75,16,0.922718807516576,0.9557622879760027,0.9685386776560965,576.0,576.0,294912.0,1.0
pilot,exact_checkpoint,validation,4,exact_sequential_complete_expert_qenergy,h0_oracle,h0_oracle_full_suffix,gate_up_tile_plus_down_column,16x64,exact_dynamic_tile_marginal_refresh_1,1.0,16,0.9341134831893714,0.9610739911393977,0.9744636583823882,768.0,768.0,393216.0,1.0
pilot,exact_checkpoint,validation,4,exact_sequential_complete_expert_qenergy,h0_oracle,h0_oracle_full_suffix,gate_up_tile_plus_down_column,16x64,exact_dynamic_tile_marginal_refresh_1,1.25,16,0.9446500940154359,0.9668876586958352,0.9798066834207694,960.0,960.0,491520.0,1.0
pilot,exact_checkpoint,validation,4,exact_sequential_complete_expert_qenergy,h0_oracle,h0_oracle_full_suffix,gate_up_tile_plus_down_column,16x64,exact_dynamic_tile_marginal_refresh_1,1.5,16,0.9551259879840611,0.9724089521643218,0.9826377591709166,1152.0,1152.0,589824.0,1.0
pilot,exact_checkpoint,validation,4,exact_sequential_complete_expert_qenergy,h0_oracle,h0_oracle_full_suffix,gate_up_tile_plus_down_column,32x32,exact_dynamic_tile_marginal_refresh_1,0.25,16,0.7826637893588742,0.842658704858404,0.893835118095127,192.0,192.0,98304.0,1.0
pilot,exact_checkpoint,validation,4,exact_sequential_complete_expert_qenergy,h0_oracle,h0_oracle_full_suffix,gate_up_tile_plus_down_column,32x32,exact_dynamic_tile_marginal_refresh_1,0.5,16,0.8918945406124292,0.9279869117917217,0.9518510086894549,384.0,384.0,196608.0,1.0
pilot,exact_checkpoint,validation,4,exact_sequential_complete_expert_qenergy,h0_oracle,h0_oracle_full_suffix,gate_up_tile_plus_down_column,32x32,exact_dynamic_tile_marginal_refresh_1,0.75,16,0.9275023667938604,0.9570782112353038,0.9696165435352677,576.0,576.0,294912.0,1.0
pilot,exact_checkpoint,validation,4,exact_sequential_complete_expert_qenergy,h0_oracle,h0_oracle_full_suffix,gate_up_tile_plus_down_column,32x32,exact_dynamic_tile_marginal_refresh_1,1.0,16,0.9381071887218498,0.9625946619272052,0.9741640455149754,768.0,768.0,393216.0,1.0
pilot,exact_checkpoint,validation,4,exact_sequential_complete_expert_qenergy,h0_oracle,h0_oracle_full_suffix,gate_up_tile_plus_down_column,32x32,exact_dynamic_tile_marginal_refresh_1,1.25,16,0.9479165646208312,0.969067870489589,0.9795480815257663,960.0,960.0,491520.0,1.0
pilot,exact_checkpoint,validation,4,exact_sequential_complete_expert_qenergy,h0_oracle,h0_oracle_full_suffix,gate_up_tile_plus_down_column,32x32,exact_dynamic_tile_marginal_refresh_1,1.5,16,0.9550543271236267,0.9723800581893123,0.9843588042204813,1152.0,1152.0,589824.0,1.0
pilot,exact_checkpoint,validation,4,exact_sequential_complete_expert_qenergy,h0_oracle,h0_oracle_full_suffix,gate_up_tile_plus_down_column,64x16,exact_dynamic_tile_marginal_refresh_1,0.25,16,0.7830358906390094,0.8412400612379061,0.9004872731082648,192.0,192.0,98304.0,1.0
pilot,exact_checkpoint,validation,4,exact_sequential_complete_expert_qenergy,h0_oracle,h0_oracle_full_suffix,gate_up_tile_plus_down_column,64x16,exact_dynamic_tile_marginal_refresh_1,0.5,16,0.8893107581409078,0.9259059659445597,0.9535307076143886,384.0,384.0,196608.0,1.0
pilot,exact_checkpoint,validation,4,exact_sequential_complete_expert_qenergy,h0_oracle,h0_oracle_full_suffix,gate_up_tile_plus_down_column,64x16,exact_dynamic_tile_marginal_refresh_1,0.75,16,0.9266928007016302,0.9541331373023723,0.9710381190259119,576.0,576.0,294912.0,1.0
pilot,exact_checkpoint,validation,4,exact_sequential_complete_expert_qenergy,h0_oracle,h0_oracle_full_suffix,gate_up_tile_plus_down_column,64x16,exact_dynamic_tile_marginal_refresh_1,1.0,16,0.9374665339976095,0.9611062333535769,0.9757522245811091,768.0,768.0,393216.0,1.0
pilot,exact_checkpoint,validation,4,exact_sequential_complete_expert_qenergy,h0_oracle,h0_oracle_full_suffix,gate_up_tile_plus_down_column,64x16,exact_dynamic_tile_marginal_refresh_1,1.25,16,0.9488381038532865,0.9681214584571094,0.98026337058594,960.0,960.0,491520.0,1.0
pilot,exact_checkpoint,validation,4,exact_sequential_complete_expert_qenergy,h0_oracle,h0_oracle_full_suffix,gate_up_tile_plus_down_column,64x16,exact_dynamic_tile_marginal_refresh_1,1.5,16,0.9588820838663749,0.9719623651477165,0.9850674353772206,1152.0,1152.0,589824.0,1.0
pilot,exact_checkpoint,validation,4,exact_sequential_complete_expert_qenergy,h0_oracle,h0_oracle_full_suffix,input_coordinate_baseline,input_coordinate_2columns_per_page,static_first_order_input_coordinate_baseline,0.25,16,-6.279838367042532,-4.2447610039767,-2.1850661952986643,192.0,192.0,98304.0,1.0
pilot,exact_checkpoint,validation,4,exact_sequential_complete_expert_qenergy,h0_oracle,h0_oracle_full_suffix,input_coordinate_baseline,input_coordinate_2columns_per_page,static_first_order_input_coordinate_baseline,0.5,16,-13.787850324061301,-9.742778647632406,-6.463789634622538,384.0,384.0,196608.0,1.0
pilot,exact_checkpoint,validation,4,exact_sequential_complete_expert_qenergy,h0_oracle,h0_oracle_full_suffix,input_coordinate_baseline,input_coordinate_2columns_per_page,static_first_order_input_coordinate_baseline,0.75,16,-18.216210964628637,-12.834756805344494,-8.928775039823268,576.0,576.0,294912.0,1.0
pilot,exact_checkpoint,validation,4,exact_sequential_complete_expert_qenergy,h0_oracle,h0_oracle_full_suffix,input_coordinate_baseline,input_coordinate_2columns_per_page,static_first_order_input_coordinate_baseline,1.0,16,-19.621958669946622,-13.720514582164395,-9.938260974196591,768.0,768.0,393216.0,1.0
pilot,exact_checkpoint,validation,4,exact_sequential_complete_expert_qenergy,h0_oracle,h0_oracle_full_suffix,input_coordinate_baseline,input_coordinate_2columns_per_page,static_first_order_input_coordinate_baseline,1.25,16,-19.01522572200855,-13.29283244790972,-9.646023098100446,960.0,960.0,491520.0,1.0
pilot,exact_checkpoint,validation,4,exact_sequential_complete_expert_qenergy,h0_oracle,h0_oracle_full_suffix,input_coordinate_baseline,input_coordinate_2columns_per_page,static_first_order_input_coordinate_baseline,1.5,16,-16.130351038428266,-10.689788486720861,-7.628089693179776,1152.0,1152.0,589824.0,1.0
pilot,exact_checkpoint,validation,4,exact_sequential_complete_expert_qenergy,h0_oracle,h0_oracle_suffix_metadata_heavy,gate_up_tile_plus_down_column,16x64,activation_energy_x_weight,0.25,16,0.14719032037823165,0.3523768819860368,0.5975908758644384,192.0,192.0,98304.0,1.0
pilot,exact_checkpoint,validation,4,exact_sequential_complete_expert_qenergy,h0_oracle,h0_oracle_suffix_metadata_heavy,gate_up_tile_plus_down_column,16x64,activation_energy_x_weight,0.5,16,0.24466402752277766,0.5384721642891167,0.7034865558541512,384.0,384.0,196608.0,1.0
pilot,exact_checkpoint,validation,4,exact_sequential_complete_expert_qenergy,h0_oracle,h0_oracle_suffix_metadata_heavy,gate_up_tile_plus_down_column,16x64,activation_energy_x_weight,0.75,16,0.5618828918838121,0.7233859937911,0.792215442272026,576.0,576.0,294912.0,1.0
pilot,exact_checkpoint,validation,4,exact_sequential_complete_expert_qenergy,h0_oracle,h0_oracle_suffix_metadata_heavy,gate_up_tile_plus_down_column,16x64,activation_energy_x_weight,1.0,16,0.6141515370201502,0.7663912600010203,0.8676796550012951,768.0,768.0,393216.0,1.0
pilot,exact_checkpoint,validation,4,exact_sequential_complete_expert_qenergy,h0_oracle,h0_oracle_suffix_metadata_heavy,gate_up_tile_plus_down_column,16x64,activation_energy_x_weight,1.25,16,0.7644478219127431,0.8657786058628203,0.9235672181845079,960.0,960.0,491520.0,1.0
pilot,exact_checkpoint,validation,4,exact_sequential_complete_expert_qenergy,h0_oracle,h0_oracle_suffix_metadata_heavy,gate_up_tile_plus_down_column,16x64,activation_energy_x_weight,1.5,16,0.8971116848524672,0.9369163983766002,0.9685101311268082,1152.0,1152.0,589824.0,1.0
pilot,exact_checkpoint,validation,4,exact_sequential_complete_expert_qenergy,h0_oracle,h0_oracle_suffix_metadata_heavy,gate_up_tile_plus_down_column,16x64,cartesian_hidden_input_blocks,0.25,16,0.09856197106319992,0.3765142780898014,0.5973276811083916,192.0,192.0,98304.0,1.0
pilot,exact_checkpoint,validation,4,exact_sequential_complete_expert_qenergy,h0_oracle,h0_oracle_suffix_metadata_heavy,gate_up_tile_plus_down_column,16x64,cartesian_hidden_input_blocks,0.5,16,0.21536985535804037,0.5414947607086001,0.7176286586534653,384.0,384.0,196608.0,1.0
pilot,exact_checkpoint,validation,4,exact_sequential_complete_expert_qenergy,h0_oracle,h0_oracle_suffix_metadata_heavy,gate_up_tile_plus_down_column,16x64,cartesian_hidden_input_blocks,0.75,16,0.4443474403450028,0.7100999973288659,0.8155927715154369,576.0,576.0,294912.0,1.0
pilot,exact_checkpoint,validation,4,exact_sequential_complete_expert_qenergy,h0_oracle,h0_oracle_suffix_metadata_heavy,gate_up_tile_plus_down_column,16x64,cartesian_hidden_input_blocks,1.0,16,0.5946609049223802,0.7736389330390522,0.8636998523535588,768.0,768.0,393216.0,1.0
pilot,exact_checkpoint,validation,4,exact_sequential_complete_expert_qenergy,h0_oracle,h0_oracle_suffix_metadata_heavy,gate_up_tile_plus_down_column,16x64,cartesian_hidden_input_blocks,1.25,16,0.7795089077329915,0.8585190477985851,0.9247256214985642,960.0,960.0,491520.0,1.0
pilot,exact_checkpoint,validation,4,exact_sequential_complete_expert_qenergy,h0_oracle,h0_oracle_suffix_metadata_heavy,gate_up_tile_plus_down_column,16x64,cartesian_hidden_input_blocks,1.5,16,0.8761113052400653,0.9375735083121968,0.9640019589091924,1152.0,1152.0,589824.0,1.0
pilot,exact_checkpoint,validation,4,exact_sequential_complete_expert_qenergy,h0_oracle,h0_oracle_suffix_metadata_heavy,gate_up_tile_plus_down_column,32x32,cartesian_hidden_input_blocks,0.25,16,0.14107264785636825,0.41167788527644283,0.6089480780527108,192.0,192.0,98304.0,1.0
pilot,exact_checkpoint,validation,4,exact_sequential_complete_expert_qenergy,h0_oracle,h0_oracle_suffix_metadata_heavy,gate_up_tile_plus_down_column,32x32,cartesian_hidden_input_blocks,0.5,16,0.2699526499421401,0.5902667458065329,0.714706967844081,384.0,384.0,196608.0,1.0
pilot,exact_checkpoint,validation,4,exact_sequential_complete_expert_qenergy,h0_oracle,h0_oracle_suffix_metadata_heavy,gate_up_tile_plus_down_column,32x32,cartesian_hidden_input_blocks,0.75,16,0.44966599874321883,0.7137651840933809,0.8043162867622817,576.0,576.0,294912.0,1.0
pilot,exact_checkpoint,validation,4,exact_sequential_complete_expert_qenergy,h0_oracle,h0_oracle_suffix_metadata_heavy,gate_up_tile_plus_down_column,32x32,cartesian_hidden_input_blocks,1.0,16,0.5530726800927273,0.7610347363250846,0.8527479987712359,768.0,768.0,393216.0,1.0
pilot,exact_checkpoint,validation,4,exact_sequential_complete_expert_qenergy,h0_oracle,h0_oracle_suffix_metadata_heavy,gate_up_tile_plus_down_column,32x32,cartesian_hidden_input_blocks,1.25,16,0.7703957366920322,0.8402247725193666,0.9364472340979205,960.0,960.0,491520.0,1.0
pilot,exact_checkpoint,validation,4,exact_sequential_complete_expert_qenergy,h0_oracle,h0_oracle_suffix_metadata_heavy,gate_up_tile_plus_down_column,32x32,cartesian_hidden_input_blocks,1.5,16,0.8994046032628367,0.9367591569023891,0.9503657083005609,1152.0,1152.0,589824.0,1.0
pilot,exact_checkpoint,validation,4,exact_sequential_complete_expert_qenergy,h0_oracle,h0_oracle_suffix_metadata_heavy,gate_up_tile_plus_down_column,32x32,static_first_order,0.25,16,-6.342691031627357,-4.342699339151723,-2.3650726866861875,192.0,192.0,98304.0,1.0
pilot,exact_checkpoint,validation,4,exact_sequential_complete_expert_qenergy,h0_oracle,h0_oracle_suffix_metadata_heavy,gate_up_tile_plus_down_column,32x32,static_first_order,0.5,16,-15.62218155061446,-10.844228495242351,-7.0790979050418805,384.0,384.0,196608.0,1.0
pilot,exact_checkpoint,validation,4,exact_sequential_complete_expert_qenergy,h0_oracle,h0_oracle_suffix_metadata_heavy,gate_up_tile_plus_down_column,32x32,static_first_order,0.75,16,-22.066991410393058,-14.849908518533221,-10.08809873524887,576.0,576.0,294912.0,1.0
pilot,exact_checkpoint,validation,4,exact_sequential_complete_expert_qenergy,h0_oracle,h0_oracle_suffix_metadata_heavy,gate_up_tile_plus_down_column,32x32,static_first_order,1.0,16,-24.176725357644415,-16.413999866438886,-11.112100895984714,768.0,768.0,393216.0,1.0
pilot,exact_checkpoint,validation,4,exact_sequential_complete_expert_qenergy,h0_oracle,h0_oracle_suffix_metadata_heavy,gate_up_tile_plus_down_column,32x32,static_first_order,1.25,16,-22.61157533215569,-15.45372669998767,-10.659991075097086,960.0,960.0,491520.0,1.0
pilot,exact_checkpoint,validation,4,exact_sequential_complete_expert_qenergy,h0_oracle,h0_oracle_suffix_metadata_heavy,gate_up_tile_plus_down_column,32x32,static_first_order,1.5,16,-17.610369992624666,-12.284552056311952,-8.366357480914743,1152.0,1152.0,589824.0,1.0
pilot,exact_checkpoint,validation,4,exact_sequential_complete_expert_qenergy,h0_oracle,h0_oracle_suffix_metadata_heavy,gate_up_tile_plus_down_column,32x32,static_wina,0.25,16,0.1664505796727535,0.4402493762900319,0.6620113123156728,192.0,192.0,98304.0,1.0
pilot,exact_checkpoint,validation,4,exact_sequential_complete_expert_qenergy,h0_oracle,h0_oracle_suffix_metadata_heavy,gate_up_tile_plus_down_column,32x32,static_wina,0.5,16,0.1872513680130301,0.5939877225102963,0.6986978802092143,384.0,384.0,196608.0,1.0
pilot,exact_checkpoint,validation,4,exact_sequential_complete_expert_qenergy,h0_oracle,h0_oracle_suffix_metadata_heavy,gate_up_tile_plus_down_column,32x32,static_wina,0.75,16,0.48014765450976105,0.6838903116812923,0.8051617879396975,576.0,576.0,294912.0,1.0
pilot,exact_checkpoint,validation,4,exact_sequential_complete_expert_qenergy,h0_oracle,h0_oracle_suffix_metadata_heavy,gate_up_tile_plus_down_column,32x32,static_wina,1.0,16,0.6033112933651572,0.7733419811463116,0.8606431398809031,768.0,768.0,393216.0,1.0
pilot,exact_checkpoint,validation,4,exact_sequential_complete_expert_qenergy,h0_oracle,h0_oracle_suffix_metadata_heavy,gate_up_tile_plus_down_column,32x32,static_wina,1.25,16,0.8055251245282469,0.8591497646579769,0.9161627424102456,960.0,960.0,491520.0,1.0
pilot,exact_checkpoint,validation,4,exact_sequential_complete_expert_qenergy,h0_oracle,h0_oracle_suffix_metadata_heavy,gate_up_tile_plus_down_column,32x32,static_wina,1.5,16,0.913640518057572,0.9438232430376006,0.9596213396448525,1152.0,1152.0,589824.0,1.0
pilot,exact_checkpoint,validation,4,exact_sequential_complete_expert_qenergy,h0_oracle,h0_oracle_suffix_metadata_heavy,gate_up_tile_plus_down_column,64x16,activation_energy_x_weight,0.25,16,0.16516159973197053,0.40138474049769923,0.6342762311166985,192.0,192.0,98304.0,1.0
pilot,exact_checkpoint,validation,4,exact_sequential_complete_expert_qenergy,h0_oracle,h0_oracle_suffix_metadata_heavy,gate_up_tile_plus_down_column,64x16,activation_energy_x_weight,0.5,16,0.17462073440553427,0.6453484595949229,0.6953290731536497,384.0,384.0,196608.0,1.0
pilot,exact_checkpoint,validation,4,exact_sequential_complete_expert_qenergy,h0_oracle,h0_oracle_suffix_metadata_heavy,gate_up_tile_plus_down_column,64x16,activation_energy_x_weight,0.75,16,0.5645232870914627,0.7501710438384843,0.8108505855820537,576.0,576.0,294912.0,1.0
pilot,exact_checkpoint,validation,4,exact_sequential_complete_expert_qenergy,h0_oracle,h0_oracle_suffix_metadata_heavy,gate_up_tile_plus_down_column,64x16,activation_energy_x_weight,1.0,16,0.6473799264204421,0.8238624924852767,0.8942891691229656,768.0,768.0,393216.0,1.0
pilot,exact_checkpoint,validation,4,exact_sequential_complete_expert_qenergy,h0_oracle,h0_oracle_suffix_metadata_heavy,gate_up_tile_plus_down_column,64x16,activation_energy_x_weight,1.25,16,0.7940815063246713,0.8895456818971264,0.9157306965735468,960.0,960.0,491520.0,1.0
pilot,exact_checkpoint,validation,4,exact_sequential_complete_expert_qenergy,h0_oracle,h0_oracle_suffix_metadata_heavy,gate_up_tile_plus_down_column,64x16,activation_energy_x_weight,1.5,16,0.8918099419747958,0.9304656646925638,0.9610022315542651,1152.0,1152.0,589824.0,1.0
pilot,exact_checkpoint,validation,4,exact_sequential_complete_expert_qenergy,h0_oracle,h0_oracle_suffix_metadata_heavy,gate_up_tile_plus_down_column,64x16,cartesian_hidden_input_blocks,0.25,16,0.17611292188037037,0.4263413952593375,0.5950229366834674,192.0,192.0,98304.0,1.0
pilot,exact_checkpoint,validation,4,exact_sequential_complete_expert_qenergy,h0_oracle,h0_oracle_suffix_metadata_heavy,gate_up_tile_plus_down_column,64x16,cartesian_hidden_input_blocks,0.5,16,0.19226148305756302,0.6296509004743014,0.6998349658632872,384.0,384.0,196608.0,1.0
pilot,exact_checkpoint,validation,4,exact_sequential_complete_expert_qenergy,h0_oracle,h0_oracle_suffix_metadata_heavy,gate_up_tile_plus_down_column,64x16,cartesian_hidden_input_blocks,0.75,16,0.5179943231176317,0.7227684305981904,0.8054499061370779,576.0,576.0,294912.0,1.0
pilot,exact_checkpoint,validation,4,exact_sequential_complete_expert_qenergy,h0_oracle,h0_oracle_suffix_metadata_heavy,gate_up_tile_plus_down_column,64x16,cartesian_hidden_input_blocks,1.0,16,0.6975995142998571,0.812493642498768,0.8853812266531724,768.0,768.0,393216.0,1.0
pilot,exact_checkpoint,validation,4,exact_sequential_complete_expert_qenergy,h0_oracle,h0_oracle_suffix_metadata_heavy,gate_up_tile_plus_down_column,64x16,cartesian_hidden_input_blocks,1.25,16,0.785286123791326,0.8780862094832962,0.9091173802142463,960.0,960.0,491520.0,1.0
pilot,exact_checkpoint,validation,4,exact_sequential_complete_expert_qenergy,h0_oracle,h0_oracle_suffix_metadata_heavy,gate_up_tile_plus_down_column,64x16,cartesian_hidden_input_blocks,1.5,16,0.8928738345173113,0.9343193126733274,0.9639071642313117,1152.0,1152.0,589824.0,1.0
pilot,exact_checkpoint,validation,20,exact_sequential_complete_expert_qenergy,h0_oracle,h0_oracle_full_suffix,gate_up_tile_plus_down_column,16x64,exact_dynamic_tile_marginal_refresh_1,0.25,16,0.7569071206562097,0.8419129086416008,0.8860115417489546,192.0,192.0,98304.0,1.0
pilot,exact_checkpoint,validation,20,exact_sequential_complete_expert_qenergy,h0_oracle,h0_oracle_full_suffix,gate_up_tile_plus_down_column,16x64,exact_dynamic_tile_marginal_refresh_1,0.5,16,0.889707235477154,0.9246523392728239,0.9442367966205378,384.0,384.0,196608.0,1.0
pilot,exact_checkpoint,validation,20,exact_sequential_complete_expert_qenergy,h0_oracle,h0_oracle_full_suffix,gate_up_tile_plus_down_column,16x64,exact_dynamic_tile_marginal_refresh_1,0.75,16,0.9332221503169457,0.9556181896175777,0.9654123799674231,576.0,576.0,294912.0,1.0
pilot,exact_checkpoint,validation,20,exact_sequential_complete_expert_qenergy,h0_oracle,h0_oracle_full_suffix,gate_up_tile_plus_down_column,16x64,exact_dynamic_tile_marginal_refresh_1,1.0,16,0.9462903451552869,0.9636040192593797,0.9731609999429454,768.0,768.0,393216.0,1.0
pilot,exact_checkpoint,validation,20,exact_sequential_complete_expert_qenergy,h0_oracle,h0_oracle_full_suffix,gate_up_tile_plus_down_column,16x64,exact_dynamic_tile_marginal_refresh_1,1.25,16,0.9567074045416486,0.972147299727747,0.9782229349055624,960.0,960.0,491520.0,1.0
pilot,exact_checkpoint,validation,20,exact_sequential_complete_expert_qenergy,h0_oracle,h0_oracle_full_suffix,gate_up_tile_plus_down_column,16x64,exact_dynamic_tile_marginal_refresh_1,1.5,16,0.9666850908936718,0.9783625381569702,0.9854193980920325,1152.0,1152.0,589824.0,1.0
pilot,exact_checkpoint,validation,20,exact_sequential_complete_expert_qenergy,h0_oracle,h0_oracle_full_suffix,gate_up_tile_plus_down_column,32x32,exact_dynamic_tile_marginal_refresh_1,0.25,16,0.7496504749788815,0.8352985566281265,0.8885279592140298,192.0,192.0,98304.0,1.0
pilot,exact_checkpoint,validation,20,exact_sequential_complete_expert_qenergy,h0_oracle,h0_oracle_full_suffix,gate_up_tile_plus_down_column,32x32,exact_dynamic_tile_marginal_refresh_1,0.5,16,0.8852896535912744,0.9246649500956134,0.9463670488776128,384.0,384.0,196608.0,1.0
pilot,exact_checkpoint,validation,20,exact_sequential_complete_expert_qenergy,h0_oracle,h0_oracle_full_suffix,gate_up_tile_plus_down_column,32x32,exact_dynamic_tile_marginal_refresh_1,0.75,16,0.9360904802829695,0.9558867267024354,0.966152137308744,576.0,576.0,294912.0,1.0
pilot,exact_checkpoint,validation,20,exact_sequential_complete_expert_qenergy,h0_oracle,h0_oracle_full_suffix,gate_up_tile_plus_down_column,32x32,exact_dynamic_tile_marginal_refresh_1,1.0,16,0.9445773067948982,0.9647946563525605,0.9718920016420793,768.0,768.0,393216.0,1.0
pilot,exact_checkpoint,validation,20,exact_sequential_complete_expert_qenergy,h0_oracle,h0_oracle_full_suffix,gate_up_tile_plus_down_column,32x32,exact_dynamic_tile_marginal_refresh_1,1.25,16,0.9581083813991877,0.9718613826602545,0.977505383754252,960.0,960.0,491520.0,1.0
pilot,exact_checkpoint,validation,20,exact_sequential_complete_expert_qenergy,h0_oracle,h0_oracle_full_suffix,gate_up_tile_plus_down_column,32x32,exact_dynamic_tile_marginal_refresh_1,1.5,16,0.9673880474679912,0.9781656502929497,0.981421120028674,1152.0,1152.0,589824.0,1.0
pilot,exact_checkpoint,validation,20,exact_sequential_complete_expert_qenergy,h0_oracle,h0_oracle_full_suffix,gate_up_tile_plus_down_column,64x16,exact_dynamic_tile_marginal_refresh_1,0.25,16,0.7558333329280388,0.8403282187562877,0.8907018705555634,192.0,192.0,98304.0,1.0
pilot,exact_checkpoint,validation,20,exact_sequential_complete_expert_qenergy,h0_oracle,h0_oracle_full_suffix,gate_up_tile_plus_down_column,64x16,exact_dynamic_tile_marginal_refresh_1,0.5,16,0.8844349758153311,0.9266365551099482,0.9471158307836481,384.0,384.0,196608.0,1.0
pilot,exact_checkpoint,validation,20,exact_sequential_complete_expert_qenergy,h0_oracle,h0_oracle_full_suffix,gate_up_tile_plus_down_column,64x16,exact_dynamic_tile_marginal_refresh_1,0.75,16,0.9271121220102867,0.9566366076638697,0.9668451925692068,576.0,576.0,294912.0,1.0
pilot,exact_checkpoint,validation,20,exact_sequential_complete_expert_qenergy,h0_oracle,h0_oracle_full_suffix,gate_up_tile_plus_down_column,64x16,exact_dynamic_tile_marginal_refresh_1,1.0,16,0.9381862501798753,0.9657896531297686,0.9713044235995179,768.0,768.0,393216.0,1.0
pilot,exact_checkpoint,validation,20,exact_sequential_complete_expert_qenergy,h0_oracle,h0_oracle_full_suffix,gate_up_tile_plus_down_column,64x16,exact_dynamic_tile_marginal_refresh_1,1.25,16,0.9547279356715836,0.9722203606984408,0.9783003247954833,960.0,960.0,491520.0,1.0
pilot,exact_checkpoint,validation,20,exact_sequential_complete_expert_qenergy,h0_oracle,h0_oracle_full_suffix,gate_up_tile_plus_down_column,64x16,exact_dynamic_tile_marginal_refresh_1,1.5,16,0.9630767303380547,0.9790357380225775,0.9822264337007935,1152.0,1152.0,589824.0,1.0
pilot,exact_checkpoint,validation,20,exact_sequential_complete_expert_qenergy,h0_oracle,h0_oracle_full_suffix,input_coordinate_baseline,input_coordinate_2columns_per_page,static_first_order_input_coordinate_baseline,0.25,16,-11.518213749111144,-6.126537041385911,-3.214057159991062,192.0,192.0,98304.0,1.0
pilot,exact_checkpoint,validation,20,exact_sequential_complete_expert_qenergy,h0_oracle,h0_oracle_full_suffix,input_coordinate_baseline,input_coordinate_2columns_per_page,static_first_order_input_coordinate_baseline,0.5,16,-24.804326977327612,-13.046296923694014,-8.568484411200512,384.0,384.0,196608.0,1.0
pilot,exact_checkpoint,validation,20,exact_sequential_complete_expert_qenergy,h0_oracle,h0_oracle_full_suffix,input_coordinate_baseline,input_coordinate_2columns_per_page,static_first_order_input_coordinate_baseline,0.75,16,-31.847085154258572,-16.827252990434424,-11.707442247636479,576.0,576.0,294912.0,1.0
pilot,exact_checkpoint,validation,20,exact_sequential_complete_expert_qenergy,h0_oracle,h0_oracle_full_suffix,input_coordinate_baseline,input_coordinate_2columns_per_page,static_first_order_input_coordinate_baseline,1.0,16,-34.08745549186578,-18.13846303910062,-13.101118276402808,768.0,768.0,393216.0,1.0
pilot,exact_checkpoint,validation,20,exact_sequential_complete_expert_qenergy,h0_oracle,h0_oracle_full_suffix,input_coordinate_baseline,input_coordinate_2columns_per_page,static_first_order_input_coordinate_baseline,1.25,16,-32.464549054494725,-17.95207928874995,-12.525030817404229,960.0,960.0,491520.0,1.0
pilot,exact_checkpoint,validation,20,exact_sequential_complete_expert_qenergy,h0_oracle,h0_oracle_full_suffix,input_coordinate_baseline,input_coordinate_2columns_per_page,static_first_order_input_coordinate_baseline,1.5,16,-25.817292028230007,-14.455962016555304,-10.077152647409552,1152.0,1152.0,589824.0,1.0
pilot,exact_checkpoint,validation,20,exact_sequential_complete_expert_qenergy,h0_oracle,h0_oracle_suffix_metadata_heavy,gate_up_tile_plus_down_column,16x64,activation_energy_x_weight,0.25,16,0.1278797051481434,0.35558036289359324,0.5117002032013744,192.0,192.0,98304.0,1.0
pilot,exact_checkpoint,validation,20,exact_sequential_complete_expert_qenergy,h0_oracle,h0_oracle_suffix_metadata_heavy,gate_up_tile_plus_down_column,16x64,activation_energy_x_weight,0.5,16,0.2824993177254705,0.5612172583572415,0.6886317071908217,384.0,384.0,196608.0,1.0
pilot,exact_checkpoint,validation,20,exact_sequential_complete_expert_qenergy,h0_oracle,h0_oracle_suffix_metadata_heavy,gate_up_tile_plus_down_column,16x64,activation_energy_x_weight,0.75,16,0.3770456323222126,0.691028940030955,0.769844766993097,576.0,576.0,294912.0,1.0
pilot,exact_checkpoint,validation,20,exact_sequential_complete_expert_qenergy,h0_oracle,h0_oracle_suffix_metadata_heavy,gate_up_tile_plus_down_column,16x64,activation_energy_x_weight,1.0,16,0.5700307497372308,0.7522070359679323,0.8584622447893904,768.0,768.0,393216.0,1.0
pilot,exact_checkpoint,validation,20,exact_sequential_complete_expert_qenergy,h0_oracle,h0_oracle_suffix_metadata_heavy,gate_up_tile_plus_down_column,16x64,activation_energy_x_weight,1.25,16,0.7071968857473374,0.8557911534144038,0.8857989027154083,960.0,960.0,491520.0,1.0
pilot,exact_checkpoint,validation,20,exact_sequential_complete_expert_qenergy,h0_oracle,h0_oracle_suffix_metadata_heavy,gate_up_tile_plus_down_column,16x64,activation_energy_x_weight,1.5,16,0.87820420750973,0.925168714451616,0.9466813499139672,1152.0,1152.0,589824.0,1.0
pilot,exact_checkpoint,validation,20,exact_sequential_complete_expert_qenergy,h0_oracle,h0_oracle_suffix_metadata_heavy,gate_up_tile_plus_down_column,16x64,cartesian_hidden_input_blocks,0.25,16,0.12983807286488075,0.3324622612838374,0.5290256101040759,192.0,192.0,98304.0,1.0
pilot,exact_checkpoint,validation,20,exact_sequential_complete_expert_qenergy,h0_oracle,h0_oracle_suffix_metadata_heavy,gate_up_tile_plus_down_column,16x64,cartesian_hidden_input_blocks,0.5,16,0.232525809674116,0.5687077488940491,0.679775851438444,384.0,384.0,196608.0,1.0
pilot,exact_checkpoint,validation,20,exact_sequential_complete_expert_qenergy,h0_oracle,h0_oracle_suffix_metadata_heavy,gate_up_tile_plus_down_column,16x64,cartesian_hidden_input_blocks,0.75,16,0.4947326985876339,0.6889128485094416,0.7781829652753455,576.0,576.0,294912.0,1.0
pilot,exact_checkpoint,validation,20,exact_sequential_complete_expert_qenergy,h0_oracle,h0_oracle_suffix_metadata_heavy,gate_up_tile_plus_down_column,16x64,cartesian_hidden_input_blocks,1.0,16,0.629940995230454,0.7703245483227719,0.8613496770922633,768.0,768.0,393216.0,1.0
pilot,exact_checkpoint,validation,20,exact_sequential_complete_expert_qenergy,h0_oracle,h0_oracle_suffix_metadata_heavy,gate_up_tile_plus_down_column,16x64,cartesian_hidden_input_blocks,1.25,16,0.7097326497711751,0.8609733479838266,0.9061093343960507,960.0,960.0,491520.0,1.0
pilot,exact_checkpoint,validation,20,exact_sequential_complete_expert_qenergy,h0_oracle,h0_oracle_suffix_metadata_heavy,gate_up_tile_plus_down_column,16x64,cartesian_hidden_input_blocks,1.5,16,0.8756900631572258,0.9202547677619877,0.9501689402048916,1152.0,1152.0,589824.0,1.0
pilot,exact_checkpoint,validation,20,exact_sequential_complete_expert_qenergy,h0_oracle,h0_oracle_suffix_metadata_heavy,gate_up_tile_plus_down_column,32x32,cartesian_hidden_input_blocks,0.25,16,0.0933356719290791,0.3509295242518393,0.5548449457261961,192.0,192.0,98304.0,1.0
pilot,exact_checkpoint,validation,20,exact_sequential_complete_expert_qenergy,h0_oracle,h0_oracle_suffix_metadata_heavy,gate_up_tile_plus_down_column,32x32,cartesian_hidden_input_blocks,0.5,16,0.3254223491643361,0.4721019096588554,0.7340635976990983,384.0,384.0,196608.0,1.0
pilot,exact_checkpoint,validation,20,exact_sequential_complete_expert_qenergy,h0_oracle,h0_oracle_suffix_metadata_heavy,gate_up_tile_plus_down_column,32x32,cartesian_hidden_input_blocks,0.75,16,0.4112861476128044,0.625304873010575,0.7286680145773679,576.0,576.0,294912.0,1.0
pilot,exact_checkpoint,validation,20,exact_sequential_complete_expert_qenergy,h0_oracle,h0_oracle_suffix_metadata_heavy,gate_up_tile_plus_down_column,32x32,cartesian_hidden_input_blocks,1.0,16,0.5569132355538576,0.7701134652653159,0.8038592519432368,768.0,768.0,393216.0,1.0
pilot,exact_checkpoint,validation,20,exact_sequential_complete_expert_qenergy,h0_oracle,h0_oracle_suffix_metadata_heavy,gate_up_tile_plus_down_column,32x32,cartesian_hidden_input_blocks,1.25,16,0.7534566703391334,0.844386818546098,0.8930325872940883,960.0,960.0,491520.0,1.0
pilot,exact_checkpoint,validation,20,exact_sequential_complete_expert_qenergy,h0_oracle,h0_oracle_suffix_metadata_heavy,gate_up_tile_plus_down_column,32x32,cartesian_hidden_input_blocks,1.5,16,0.885936427184698,0.9327192209368049,0.9443506349283458,1152.0,1152.0,589824.0,1.0
pilot,exact_checkpoint,validation,20,exact_sequential_complete_expert_qenergy,h0_oracle,h0_oracle_suffix_metadata_heavy,gate_up_tile_plus_down_column,32x32,static_first_order,0.25,16,-11.962551580435612,-6.151219629902188,-3.349531336998745,192.0,192.0,98304.0,1.0
pilot,exact_checkpoint,validation,20,exact_sequential_complete_expert_qenergy,h0_oracle,h0_oracle_suffix_metadata_heavy,gate_up_tile_plus_down_column,32x32,static_first_order,0.5,16,-26.529428651978414,-15.162392951202197,-10.107774166953432,384.0,384.0,196608.0,1.0
pilot,exact_checkpoint,validation,20,exact_sequential_complete_expert_qenergy,h0_oracle,h0_oracle_suffix_metadata_heavy,gate_up_tile_plus_down_column,32x32,static_first_order,0.75,16,-36.37332452332201,-20.803441504232403,-14.191737274448485,576.0,576.0,294912.0,1.0
pilot,exact_checkpoint,validation,20,exact_sequential_complete_expert_qenergy,h0_oracle,h0_oracle_suffix_metadata_heavy,gate_up_tile_plus_down_column,32x32,static_first_order,1.0,16,-38.11597274012163,-23.025422343942946,-15.368233311284172,768.0,768.0,393216.0,1.0
pilot,exact_checkpoint,validation,20,exact_sequential_complete_expert_qenergy,h0_oracle,h0_oracle_suffix_metadata_heavy,gate_up_tile_plus_down_column,32x32,static_first_order,1.25,16,-35.934421838517835,-22.34484046207185,-14.988734364844131,960.0,960.0,491520.0,1.0
pilot,exact_checkpoint,validation,20,exact_sequential_complete_expert_qenergy,h0_oracle,h0_oracle_suffix_metadata_heavy,gate_up_tile_plus_down_column,32x32,static_first_order,1.5,16,-28.27883259212723,-17.524353599216038,-11.549344475433752,1152.0,1152.0,589824.0,1.0
pilot,exact_checkpoint,validation,20,exact_sequential_complete_expert_qenergy,h0_oracle,h0_oracle_suffix_metadata_heavy,gate_up_tile_plus_down_column,32x32,static_wina,0.25,16,0.09485517524308146,0.3608052466456072,0.5677156184173833,192.0,192.0,98304.0,1.0
pilot,exact_checkpoint,validation,20,exact_sequential_complete_expert_qenergy,h0_oracle,h0_oracle_suffix_metadata_heavy,gate_up_tile_plus_down_column,32x32,static_wina,0.5,16,0.2025022168415519,0.4806586300726633,0.6969529537186943,384.0,384.0,196608.0,1.0
pilot,exact_checkpoint,validation,20,exact_sequential_complete_expert_qenergy,h0_oracle,h0_oracle_suffix_metadata_heavy,gate_up_tile_plus_down_column,32x32,static_wina,0.75,16,0.32758633614561783,0.5901448681688577,0.7230451914580817,576.0,576.0,294912.0,1.0
pilot,exact_checkpoint,validation,20,exact_sequential_complete_expert_qenergy,h0_oracle,h0_oracle_suffix_metadata_heavy,gate_up_tile_plus_down_column,32x32,static_wina,1.0,16,0.6188040314504657,0.7723847014189957,0.8263357682054673,768.0,768.0,393216.0,1.0
pilot,exact_checkpoint,validation,20,exact_sequential_complete_expert_qenergy,h0_oracle,h0_oracle_suffix_metadata_heavy,gate_up_tile_plus_down_column,32x32,static_wina,1.25,16,0.7923989584825856,0.8633888443479443,0.9000305084595099,960.0,960.0,491520.0,1.0
pilot,exact_checkpoint,validation,20,exact_sequential_complete_expert_qenergy,h0_oracle,h0_oracle_suffix_metadata_heavy,gate_up_tile_plus_down_column,32x32,static_wina,1.5,16,0.8871731528418223,0.9332104978272726,0.9488389065357401,1152.0,1152.0,589824.0,1.0
pilot,exact_checkpoint,validation,20,exact_sequential_complete_expert_qenergy,h0_oracle,h0_oracle_suffix_metadata_heavy,gate_up_tile_plus_down_column,64x16,activation_energy_x_weight,0.25,16,-0.007276985847785911,0.423493702350559,0.5258692678703474,192.0,192.0,98304.0,1.0
pilot,exact_checkpoint,validation,20,exact_sequential_complete_expert_qenergy,h0_oracle,h0_oracle_suffix_metadata_heavy,gate_up_tile_plus_down_column,64x16,activation_energy_x_weight,0.5,16,0.1371011622078837,0.554574852511776,0.7027648907088104,384.0,384.0,196608.0,1.0
pilot,exact_checkpoint,validation,20,exact_sequential_complete_expert_qenergy,h0_oracle,h0_oracle_suffix_metadata_heavy,gate_up_tile_plus_down_column,64x16,activation_energy_x_weight,0.75,16,0.3131765968029589,0.6374919988080938,0.7796271587317474,576.0,576.0,294912.0,1.0
pilot,exact_checkpoint,validation,20,exact_sequential_complete_expert_qenergy,h0_oracle,h0_oracle_suffix_metadata_heavy,gate_up_tile_plus_down_column,64x16,activation_energy_x_weight,1.0,16,0.5931535703064879,0.7560184864518997,0.8253673243616881,768.0,768.0,393216.0,1.0
pilot,exact_checkpoint,validation,20,exact_sequential_complete_expert_qenergy,h0_oracle,h0_oracle_suffix_metadata_heavy,gate_up_tile_plus_down_column,64x16,activation_energy_x_weight,1.25,16,0.7959772475141134,0.8785857617473002,0.9202134862196849,960.0,960.0,491520.0,1.0
pilot,exact_checkpoint,validation,20,exact_sequential_complete_expert_qenergy,h0_oracle,h0_oracle_suffix_metadata_heavy,gate_up_tile_plus_down_column,64x16,activation_energy_x_weight,1.5,16,0.8877939462863595,0.9391585366458065,0.9529513308076406,1152.0,1152.0,589824.0,1.0
pilot,exact_checkpoint,validation,20,exact_sequential_complete_expert_qenergy,h0_oracle,h0_oracle_suffix_metadata_heavy,gate_up_tile_plus_down_column,64x16,cartesian_hidden_input_blocks,0.25,16,0.1531530826567793,0.3564542928018168,0.5457809454998537,192.0,192.0,98304.0,1.0
pilot,exact_checkpoint,validation,20,exact_sequential_complete_expert_qenergy,h0_oracle,h0_oracle_suffix_metadata_heavy,gate_up_tile_plus_down_column,64x16,cartesian_hidden_input_blocks,0.5,16,0.24198813063045654,0.5544787086285594,0.6836645138058433,384.0,384.0,196608.0,1.0
pilot,exact_checkpoint,validation,20,exact_sequential_complete_expert_qenergy,h0_oracle,h0_oracle_suffix_metadata_heavy,gate_up_tile_plus_down_column,64x16,cartesian_hidden_input_blocks,0.75,16,0.40791480610586567,0.6809611656748261,0.7623254032857604,576.0,576.0,294912.0,1.0
pilot,exact_checkpoint,validation,20,exact_sequential_complete_expert_qenergy,h0_oracle,h0_oracle_suffix_metadata_heavy,gate_up_tile_plus_down_column,64x16,cartesian_hidden_input_blocks,1.0,16,0.6133195487107266,0.72132736603384,0.8356434471670888,768.0,768.0,393216.0,1.0
pilot,exact_checkpoint,validation,20,exact_sequential_complete_expert_qenergy,h0_oracle,h0_oracle_suffix_metadata_heavy,gate_up_tile_plus_down_column,64x16,cartesian_hidden_input_blocks,1.25,16,0.7803954283038896,0.8608698424162914,0.9137424781363214,960.0,960.0,491520.0,1.0
pilot,exact_checkpoint,validation,20,exact_sequential_complete_expert_qenergy,h0_oracle,h0_oracle_suffix_metadata_heavy,gate_up_tile_plus_down_column,64x16,cartesian_hidden_input_blocks,1.5,16,0.8733419676054718,0.9360057892251279,0.9538807990459885,1152.0,1152.0,589824.0,1.0
pilot,exact_checkpoint,validation,39,exact_sequential_complete_expert_qenergy,h0_oracle,h0_oracle_full_suffix,gate_up_tile_plus_down_column,16x64,exact_dynamic_tile_marginal_refresh_1,0.25,16,0.8395146173727119,0.9208576277887428,0.9708483553673324,192.0,192.0,98304.0,1.0
pilot,exact_checkpoint,validation,39,exact_sequential_complete_expert_qenergy,h0_oracle,h0_oracle_full_suffix,gate_up_tile_plus_down_column,16x64,exact_dynamic_tile_marginal_refresh_1,0.5,16,0.9203509661203712,0.9651370427359347,0.9872770036091164,384.0,384.0,196608.0,1.0
pilot,exact_checkpoint,validation,39,exact_sequential_complete_expert_qenergy,h0_oracle,h0_oracle_full_suffix,gate_up_tile_plus_down_column,16x64,exact_dynamic_tile_marginal_refresh_1,0.75,16,0.9412849706032789,0.9743409804769083,0.9905580749509046,576.0,576.0,294912.0,1.0
pilot,exact_checkpoint,validation,39,exact_sequential_complete_expert_qenergy,h0_oracle,h0_oracle_full_suffix,gate_up_tile_plus_down_column,16x64,exact_dynamic_tile_marginal_refresh_1,1.0,16,0.946619515416337,0.9762791157869786,0.9911725251438251,768.0,768.0,393216.0,1.0
pilot,exact_checkpoint,validation,39,exact_sequential_complete_expert_qenergy,h0_oracle,h0_oracle_full_suffix,gate_up_tile_plus_down_column,16x64,exact_dynamic_tile_marginal_refresh_1,1.25,16,0.957340284546162,0.9790769310434037,0.9926015647791312,960.0,960.0,491520.0,1.0
pilot,exact_checkpoint,validation,39,exact_sequential_complete_expert_qenergy,h0_oracle,h0_oracle_full_suffix,gate_up_tile_plus_down_column,16x64,exact_dynamic_tile_marginal_refresh_1,1.5,16,0.9605474086424455,0.9815751934764376,0.9933441959360558,1152.0,1152.0,589824.0,1.0
pilot,exact_checkpoint,validation,39,exact_sequential_complete_expert_qenergy,h0_oracle,h0_oracle_full_suffix,gate_up_tile_plus_down_column,32x32,exact_dynamic_tile_marginal_refresh_1,0.25,16,0.8318169056165838,0.9178435441658315,0.972085510602275,192.0,192.0,98304.0,1.0
pilot,exact_checkpoint,validation,39,exact_sequential_complete_expert_qenergy,h0_oracle,h0_oracle_full_suffix,gate_up_tile_plus_down_column,32x32,exact_dynamic_tile_marginal_refresh_1,0.5,16,0.9165902478149772,0.9617794579548326,0.9869541851251336,384.0,384.0,196608.0,1.0
pilot,exact_checkpoint,validation,39,exact_sequential_complete_expert_qenergy,h0_oracle,h0_oracle_full_suffix,gate_up_tile_plus_down_column,32x32,exact_dynamic_tile_marginal_refresh_1,0.75,16,0.9413967713786495,0.9717223475420245,0.9903756370384162,576.0,576.0,294912.0,1.0
pilot,exact_checkpoint,validation,39,exact_sequential_complete_expert_qenergy,h0_oracle,h0_oracle_full_suffix,gate_up_tile_plus_down_column,32x32,exact_dynamic_tile_marginal_refresh_1,1.0,16,0.9457433622956086,0.9746679983969163,0.9911830085329942,768.0,768.0,393216.0,1.0
pilot,exact_checkpoint,validation,39,exact_sequential_complete_expert_qenergy,h0_oracle,h0_oracle_full_suffix,gate_up_tile_plus_down_column,32x32,exact_dynamic_tile_marginal_refresh_1,1.25,16,0.9518782038247182,0.9786068068879779,0.9926712401991118,960.0,960.0,491520.0,1.0
pilot,exact_checkpoint,validation,39,exact_sequential_complete_expert_qenergy,h0_oracle,h0_oracle_full_suffix,gate_up_tile_plus_down_column,32x32,exact_dynamic_tile_marginal_refresh_1,1.5,16,0.9541658094372194,0.9806287441375918,0.9936576907860959,1152.0,1152.0,589824.0,1.0
pilot,exact_checkpoint,validation,39,exact_sequential_complete_expert_qenergy,h0_oracle,h0_oracle_full_suffix,gate_up_tile_plus_down_column,64x16,exact_dynamic_tile_marginal_refresh_1,0.25,16,0.8322205083059758,0.9184160118176241,0.9715958652594407,192.0,192.0,98304.0,1.0
pilot,exact_checkpoint,validation,39,exact_sequential_complete_expert_qenergy,h0_oracle,h0_oracle_full_suffix,gate_up_tile_plus_down_column,64x16,exact_dynamic_tile_marginal_refresh_1,0.5,16,0.9120925856420857,0.9632054540604604,0.9870868639610032,384.0,384.0,196608.0,1.0
pilot,exact_checkpoint,validation,39,exact_sequential_complete_expert_qenergy,h0_oracle,h0_oracle_full_suffix,gate_up_tile_plus_down_column,64x16,exact_dynamic_tile_marginal_refresh_1,0.75,16,0.9340401866151846,0.9721433962422612,0.9907530633747896,576.0,576.0,294912.0,1.0
pilot,exact_checkpoint,validation,39,exact_sequential_complete_expert_qenergy,h0_oracle,h0_oracle_full_suffix,gate_up_tile_plus_down_column,64x16,exact_dynamic_tile_marginal_refresh_1,1.0,16,0.9388394740597539,0.9749292645457954,0.9915413622033235,768.0,768.0,393216.0,1.0
pilot,exact_checkpoint,validation,39,exact_sequential_complete_expert_qenergy,h0_oracle,h0_oracle_full_suffix,gate_up_tile_plus_down_column,64x16,exact_dynamic_tile_marginal_refresh_1,1.25,16,0.9485860149219613,0.9793364221895426,0.9936189991998136,960.0,960.0,491520.0,1.0
pilot,exact_checkpoint,validation,39,exact_sequential_complete_expert_qenergy,h0_oracle,h0_oracle_full_suffix,gate_up_tile_plus_down_column,64x16,exact_dynamic_tile_marginal_refresh_1,1.5,16,0.9524639518272743,0.9818874802368118,0.9946879129897286,1152.0,1152.0,589824.0,1.0
pilot,exact_checkpoint,validation,39,exact_sequential_complete_expert_qenergy,h0_oracle,h0_oracle_full_suffix,input_coordinate_baseline,input_coordinate_2columns_per_page,static_first_order_input_coordinate_baseline,0.25,16,-14.10891084032674,-4.7620612017871515,-1.563404815927219,192.0,192.0,98304.0,1.0
pilot,exact_checkpoint,validation,39,exact_sequential_complete_expert_qenergy,h0_oracle,h0_oracle_full_suffix,input_coordinate_baseline,input_coordinate_2columns_per_page,static_first_order_input_coordinate_baseline,0.5,16,-29.080811535882603,-10.144948831312448,-4.80673131384456,384.0,384.0,196608.0,1.0
pilot,exact_checkpoint,validation,39,exact_sequential_complete_expert_qenergy,h0_oracle,h0_oracle_full_suffix,input_coordinate_baseline,input_coordinate_2columns_per_page,static_first_order_input_coordinate_baseline,0.75,16,-38.10982087045781,-13.272259376169494,-6.2867973254478535,576.0,576.0,294912.0,1.0
pilot,exact_checkpoint,validation,39,exact_sequential_complete_expert_qenergy,h0_oracle,h0_oracle_full_suffix,input_coordinate_baseline,input_coordinate_2columns_per_page,static_first_order_input_coordinate_baseline,1.0,16,-39.404731944622085,-13.779457672222653,-6.772059586728711,768.0,768.0,393216.0,1.0
pilot,exact_checkpoint,validation,39,exact_sequential_complete_expert_qenergy,h0_oracle,h0_oracle_full_suffix,input_coordinate_baseline,input_coordinate_2columns_per_page,static_first_order_input_coordinate_baseline,1.25,16,-38.03672628105645,-13.446318727192487,-6.549123914724399,960.0,960.0,491520.0,1.0
pilot,exact_checkpoint,validation,39,exact_sequential_complete_expert_qenergy,h0_oracle,h0_oracle_full_suffix,input_coordinate_baseline,input_coordinate_2columns_per_page,static_first_order_input_coordinate_baseline,1.5,16,-30.50811653465518,-11.29569873216482,-5.421264206105464,1152.0,1152.0,589824.0,1.0
pilot,exact_checkpoint,validation,39,exact_sequential_complete_expert_qenergy,h0_oracle,h0_oracle_suffix_metadata_heavy,gate_up_tile_plus_down_column,16x64,activation_energy_x_weight,0.25,16,0.28927777422698153,0.5786653537757126,0.8588631373511804,192.0,192.0,98304.0,1.0
pilot,exact_checkpoint,validation,39,exact_sequential_complete_expert_qenergy,h0_oracle,h0_oracle_suffix_metadata_heavy,gate_up_tile_plus_down_column,16x64,activation_energy_x_weight,0.5,16,0.5152652169326482,0.727412326890364,0.9099570791245505,384.0,384.0,196608.0,1.0
pilot,exact_checkpoint,validation,39,exact_sequential_complete_expert_qenergy,h0_oracle,h0_oracle_suffix_metadata_heavy,gate_up_tile_plus_down_column,16x64,activation_energy_x_weight,0.75,16,0.6219411431742602,0.830073754201736,0.9580597011348427,576.0,576.0,294912.0,1.0
pilot,exact_checkpoint,validation,39,exact_sequential_complete_expert_qenergy,h0_oracle,h0_oracle_suffix_metadata_heavy,gate_up_tile_plus_down_column,16x64,activation_energy_x_weight,1.0,16,0.7279761513856211,0.904193628168972,0.9710776561836342,768.0,768.0,393216.0,1.0
pilot,exact_checkpoint,validation,39,exact_sequential_complete_expert_qenergy,h0_oracle,h0_oracle_suffix_metadata_heavy,gate_up_tile_plus_down_column,16x64,activation_energy_x_weight,1.25,16,0.8721066367705976,0.9336695029512718,0.9831580152255963,960.0,960.0,491520.0,1.0
pilot,exact_checkpoint,validation,39,exact_sequential_complete_expert_qenergy,h0_oracle,h0_oracle_suffix_metadata_heavy,gate_up_tile_plus_down_column,16x64,activation_energy_x_weight,1.5,16,0.9325510673086568,0.9707331684155804,0.9921733951046163,1152.0,1152.0,589824.0,1.0
pilot,exact_checkpoint,validation,39,exact_sequential_complete_expert_qenergy,h0_oracle,h0_oracle_suffix_metadata_heavy,gate_up_tile_plus_down_column,16x64,cartesian_hidden_input_blocks,0.25,16,0.28882809312668767,0.5068494860318375,0.8615968311304442,192.0,192.0,98304.0,1.0
pilot,exact_checkpoint,validation,39,exact_sequential_complete_expert_qenergy,h0_oracle,h0_oracle_suffix_metadata_heavy,gate_up_tile_plus_down_column,16x64,cartesian_hidden_input_blocks,0.5,16,0.33072644652113475,0.641071563696359,0.9101783769651116,384.0,384.0,196608.0,1.0
pilot,exact_checkpoint,validation,39,exact_sequential_complete_expert_qenergy,h0_oracle,h0_oracle_suffix_metadata_heavy,gate_up_tile_plus_down_column,16x64,cartesian_hidden_input_blocks,0.75,16,0.5938774943819564,0.815816223349615,0.9467387849742308,576.0,576.0,294912.0,1.0
pilot,exact_checkpoint,validation,39,exact_sequential_complete_expert_qenergy,h0_oracle,h0_oracle_suffix_metadata_heavy,gate_up_tile_plus_down_column,16x64,cartesian_hidden_input_blocks,1.0,16,0.8065200808933024,0.9160356614804804,0.9732654896591647,768.0,768.0,393216.0,1.0
pilot,exact_checkpoint,validation,39,exact_sequential_complete_expert_qenergy,h0_oracle,h0_oracle_suffix_metadata_heavy,gate_up_tile_plus_down_column,16x64,cartesian_hidden_input_blocks,1.25,16,0.8561350685274557,0.9242149287380592,0.9816355716080405,960.0,960.0,491520.0,1.0
pilot,exact_checkpoint,validation,39,exact_sequential_complete_expert_qenergy,h0_oracle,h0_oracle_suffix_metadata_heavy,gate_up_tile_plus_down_column,16x64,cartesian_hidden_input_blocks,1.5,16,0.9240746494599497,0.9715090092769922,0.9927187554490081,1152.0,1152.0,589824.0,1.0
pilot,exact_checkpoint,validation,39,exact_sequential_complete_expert_qenergy,h0_oracle,h0_oracle_suffix_metadata_heavy,gate_up_tile_plus_down_column,32x32,cartesian_hidden_input_blocks,0.25,16,0.15833349220760878,0.612928791552338,0.8467243270890844,192.0,192.0,98304.0,1.0
pilot,exact_checkpoint,validation,39,exact_sequential_complete_expert_qenergy,h0_oracle,h0_oracle_suffix_metadata_heavy,gate_up_tile_plus_down_column,32x32,cartesian_hidden_input_blocks,0.5,16,0.3095217075962698,0.6777136010865219,0.9135039074075776,384.0,384.0,196608.0,1.0
pilot,exact_checkpoint,validation,39,exact_sequential_complete_expert_qenergy,h0_oracle,h0_oracle_suffix_metadata_heavy,gate_up_tile_plus_down_column,32x32,cartesian_hidden_input_blocks,0.75,16,0.4531233693571687,0.7992314134603473,0.9472474315830939,576.0,576.0,294912.0,1.0
pilot,exact_checkpoint,validation,39,exact_sequential_complete_expert_qenergy,h0_oracle,h0_oracle_suffix_metadata_heavy,gate_up_tile_plus_down_column,32x32,cartesian_hidden_input_blocks,1.0,16,0.782777664267398,0.902309952524717,0.9714657869135399,768.0,768.0,393216.0,1.0
pilot,exact_checkpoint,validation,39,exact_sequential_complete_expert_qenergy,h0_oracle,h0_oracle_suffix_metadata_heavy,gate_up_tile_plus_down_column,32x32,cartesian_hidden_input_blocks,1.25,16,0.8510371699659287,0.9359917008055025,0.9823058533617651,960.0,960.0,491520.0,1.0
pilot,exact_checkpoint,validation,39,exact_sequential_complete_expert_qenergy,h0_oracle,h0_oracle_suffix_metadata_heavy,gate_up_tile_plus_down_column,32x32,cartesian_hidden_input_blocks,1.5,16,0.9327912288868789,0.9747762928903534,0.9931355726785641,1152.0,1152.0,589824.0,1.0
pilot,exact_checkpoint,validation,39,exact_sequential_complete_expert_qenergy,h0_oracle,h0_oracle_suffix_metadata_heavy,gate_up_tile_plus_down_column,32x32,static_first_order,0.25,16,-15.569757921939294,-4.753060778342428,-0.9154799465681027,192.0,192.0,98304.0,1.0
pilot,exact_checkpoint,validation,39,exact_sequential_complete_expert_qenergy,h0_oracle,h0_oracle_suffix_metadata_heavy,gate_up_tile_plus_down_column,32x32,static_first_order,0.5,16,-31.47904677917859,-11.937860048862031,-3.486568788206381,384.0,384.0,196608.0,1.0
pilot,exact_checkpoint,validation,39,exact_sequential_complete_expert_qenergy,h0_oracle,h0_oracle_suffix_metadata_heavy,gate_up_tile_plus_down_column,32x32,static_first_order,0.75,16,-40.34098515108083,-16.462000738652208,-4.912251161313391,576.0,576.0,294912.0,1.0
pilot,exact_checkpoint,validation,39,exact_sequential_complete_expert_qenergy,h0_oracle,h0_oracle_suffix_metadata_heavy,gate_up_tile_plus_down_column,32x32,static_first_order,1.0,16,-42.03340675518106,-17.3573594822174,-5.401380010437408,768.0,768.0,393216.0,1.0
pilot,exact_checkpoint,validation,39,exact_sequential_complete_expert_qenergy,h0_oracle,h0_oracle_suffix_metadata_heavy,gate_up_tile_plus_down_column,32x32,static_first_order,1.25,16,-40.47464365940962,-16.77907481677388,-5.120449342026561,960.0,960.0,491520.0,1.0
pilot,exact_checkpoint,validation,39,exact_sequential_complete_expert_qenergy,h0_oracle,h0_oracle_suffix_metadata_heavy,gate_up_tile_plus_down_column,32x32,static_first_order,1.5,16,-31.472761605214657,-13.647300177706386,-4.020790431656767,1152.0,1152.0,589824.0,1.0
pilot,exact_checkpoint,validation,39,exact_sequential_complete_expert_qenergy,h0_oracle,h0_oracle_suffix_metadata_heavy,gate_up_tile_plus_down_column,32x32,static_wina,0.25,16,0.23257845705735658,0.613654835231375,0.8638462235493064,192.0,192.0,98304.0,1.0
pilot,exact_checkpoint,validation,39,exact_sequential_complete_expert_qenergy,h0_oracle,h0_oracle_suffix_metadata_heavy,gate_up_tile_plus_down_column,32x32,static_wina,0.5,16,0.4887133349630118,0.7235290107781328,0.9244409187312335,384.0,384.0,196608.0,1.0
pilot,exact_checkpoint,validation,39,exact_sequential_complete_expert_qenergy,h0_oracle,h0_oracle_suffix_metadata_heavy,gate_up_tile_plus_down_column,32x32,static_wina,0.75,16,0.549017978237563,0.8214353870326316,0.9527368500151852,576.0,576.0,294912.0,1.0
pilot,exact_checkpoint,validation,39,exact_sequential_complete_expert_qenergy,h0_oracle,h0_oracle_suffix_metadata_heavy,gate_up_tile_plus_down_column,32x32,static_wina,1.0,16,0.7352767088856766,0.8873763258175287,0.9734008528251781,768.0,768.0,393216.0,1.0
pilot,exact_checkpoint,validation,39,exact_sequential_complete_expert_qenergy,h0_oracle,h0_oracle_suffix_metadata_heavy,gate_up_tile_plus_down_column,32x32,static_wina,1.25,16,0.8728243552016891,0.942292982888642,0.983458540957866,960.0,960.0,491520.0,1.0
pilot,exact_checkpoint,validation,39,exact_sequential_complete_expert_qenergy,h0_oracle,h0_oracle_suffix_metadata_heavy,gate_up_tile_plus_down_column,32x32,static_wina,1.5,16,0.9251183369217101,0.9727583556588448,0.9927014803047421,1152.0,1152.0,589824.0,1.0
pilot,exact_checkpoint,validation,39,exact_sequential_complete_expert_qenergy,h0_oracle,h0_oracle_suffix_metadata_heavy,gate_up_tile_plus_down_column,64x16,activation_energy_x_weight,0.25,16,0.3486215313172706,0.5642190141399342,0.8345647101731861,192.0,192.0,98304.0,1.0
pilot,exact_checkpoint,validation,39,exact_sequential_complete_expert_qenergy,h0_oracle,h0_oracle_suffix_metadata_heavy,gate_up_tile_plus_down_column,64x16,activation_energy_x_weight,0.5,16,0.5824654120284527,0.657423784394974,0.9152866652045726,384.0,384.0,196608.0,1.0
pilot,exact_checkpoint,validation,39,exact_sequential_complete_expert_qenergy,h0_oracle,h0_oracle_suffix_metadata_heavy,gate_up_tile_plus_down_column,64x16,activation_energy_x_weight,0.75,16,0.6470238002800884,0.8011461666504217,0.9492443464266038,576.0,576.0,294912.0,1.0
pilot,exact_checkpoint,validation,39,exact_sequential_complete_expert_qenergy,h0_oracle,h0_oracle_suffix_metadata_heavy,gate_up_tile_plus_down_column,64x16,activation_energy_x_weight,1.0,16,0.7445229047665887,0.8853173701981307,0.9752614386143323,768.0,768.0,393216.0,1.0
pilot,exact_checkpoint,validation,39,exact_sequential_complete_expert_qenergy,h0_oracle,h0_oracle_suffix_metadata_heavy,gate_up_tile_plus_down_column,64x16,activation_energy_x_weight,1.25,16,0.8765367808492519,0.9351759062028555,0.9831052432575234,960.0,960.0,491520.0,1.0
pilot,exact_checkpoint,validation,39,exact_sequential_complete_expert_qenergy,h0_oracle,h0_oracle_suffix_metadata_heavy,gate_up_tile_plus_down_column,64x16,activation_energy_x_weight,1.5,16,0.9287302324672806,0.9750220311784139,0.9942037037494391,1152.0,1152.0,589824.0,1.0
pilot,exact_checkpoint,validation,39,exact_sequential_complete_expert_qenergy,h0_oracle,h0_oracle_suffix_metadata_heavy,gate_up_tile_plus_down_column,64x16,cartesian_hidden_input_blocks,0.25,16,0.34501843717698455,0.586816428788357,0.8292850032697636,192.0,192.0,98304.0,1.0
pilot,exact_checkpoint,validation,39,exact_sequential_complete_expert_qenergy,h0_oracle,h0_oracle_suffix_metadata_heavy,gate_up_tile_plus_down_column,64x16,cartesian_hidden_input_blocks,0.5,16,0.4321838582281506,0.6843666110462963,0.899625268953977,384.0,384.0,196608.0,1.0
pilot,exact_checkpoint,validation,39,exact_sequential_complete_expert_qenergy,h0_oracle,h0_oracle_suffix_metadata_heavy,gate_up_tile_plus_down_column,64x16,cartesian_hidden_input_blocks,0.75,16,0.5954758552871641,0.7832799218545172,0.950244986894739,576.0,576.0,294912.0,1.0
pilot,exact_checkpoint,validation,39,exact_sequential_complete_expert_qenergy,h0_oracle,h0_oracle_suffix_metadata_heavy,gate_up_tile_plus_down_column,64x16,cartesian_hidden_input_blocks,1.0,16,0.8084246173348848,0.8953517688305722,0.9659349245774419,768.0,768.0,393216.0,1.0
pilot,exact_checkpoint,validation,39,exact_sequential_complete_expert_qenergy,h0_oracle,h0_oracle_suffix_metadata_heavy,gate_up_tile_plus_down_column,64x16,cartesian_hidden_input_blocks,1.25,16,0.8668372511634254,0.9338952669965546,0.9795437509668319,960.0,960.0,491520.0,1.0
pilot,exact_checkpoint,validation,39,exact_sequential_complete_expert_qenergy,h0_oracle,h0_oracle_suffix_metadata_heavy,gate_up_tile_plus_down_column,64x16,cartesian_hidden_input_blocks,1.5,16,0.938077348581219,0.9717027377593762,0.9942341358527714,1152.0,1152.0,589824.0,1.0
