policy,projection,budget_bpw,transition,actions,fraction
bidirectional_ab,down,0.25,base_to_a,6856,0.6652435474480884
bidirectional_ab,down,0.25,base_to_a+b,416,0.04036483601785368
bidirectional_ab,down,0.25,base_to_b,2,0.00019406171162429653
bidirectional_ab,down,0.25,q3_to_exact_via_a,2,0.00019406171162429653
bidirectional_ab,down,0.25,q3_to_exact_via_b,3030,0.29400349311080926
bidirectional_ab,down,0.5,base_to_a,10860,0.6068056098787507
bidirectional_ab,down,0.5,base_to_a+b,869,0.04855562384757222
bidirectional_ab,down,0.5,base_to_b,12,0.0006705034363301112
bidirectional_ab,down,0.5,q3_to_exact_via_a,12,0.0006705034363301112
bidirectional_ab,down,0.5,q3_to_exact_via_b,6144,0.3432977594010169
bidirectional_ab,down,0.75,base_to_a,13426,0.5842471714534377
bidirectional_ab,down,0.75,base_to_a+b,1181,0.05139251523063534
bidirectional_ab,down,0.75,base_to_b,14,0.0006092254134029591
bidirectional_ab,down,0.75,q3_to_exact_via_a,14,0.0006092254134029591
bidirectional_ab,down,0.75,q3_to_exact_via_b,8345,0.36314186248912095
bidirectional_ab,down,1.0,base_to_a,15674,0.5650528137279642
bidirectional_ab,down,1.0,base_to_a+b,1488,0.05364288546811349
bidirectional_ab,down,1.0,base_to_b,21,0.0007570568513645048
bidirectional_ab,down,1.0,q3_to_exact_via_a,21,0.0007570568513645048
bidirectional_ab,down,1.0,q3_to_exact_via_b,10535,0.3797901871011933
bidirectional_ab,down,1.25,base_to_a,17950,0.5434947164441215
bidirectional_ab,down,1.25,base_to_a+b,1811,0.05483392375934841
bidirectional_ab,down,1.25,base_to_b,30,0.0009083477155054955
bidirectional_ab,down,1.25,q3_to_exact_via_a,30,0.0009083477155054955
bidirectional_ab,down,1.25,q3_to_exact_via_b,13206,0.39985466436551914
bidirectional_ab,down,1.5,base_to_a,20655,0.5276940370957028
bidirectional_ab,down,1.5,base_to_a+b,2222,0.05676766644525063
bidirectional_ab,down,1.5,base_to_b,34,0.0008686321598283174
bidirectional_ab,down,1.5,q3_to_exact_via_a,34,0.0008686321598283174
bidirectional_ab,down,1.5,q3_to_exact_via_b,16197,0.4138010321393899
bidirectional_ab,down,2.0,base_to_a,28044,0.4672131147540984
bidirectional_ab,down,2.0,base_to_a+b,3818,0.06360789017726243
bidirectional_ab,down,2.0,base_to_b,59,0.0009829401572704253
bidirectional_ab,down,2.0,q3_to_exact_via_a,59,0.0009829401572704253
bidirectional_ab,down,2.0,q3_to_exact_via_b,28044,0.4672131147540984
bidirectional_ab,gate,0.25,base_to_a,21099,0.6575765131209873
bidirectional_ab,gate,0.25,base_to_a+b,155,0.004830767312846725
bidirectional_ab,gate,0.25,q3_to_exact_via_b,10832,0.33759271956616593
bidirectional_ab,gate,0.5,base_to_a,40656,0.611377614700973
bidirectional_ab,gate,0.5,base_to_a+b,543,0.008165536323854495
bidirectional_ab,gate,0.5,q3_to_exact_via_b,25300,0.38045684897517257
bidirectional_ab,gate,0.75,base_to_a,64717,0.5766513111584349
bidirectional_ab,gate,0.75,base_to_a+b,1381,0.012305197408869366
bidirectional_ab,gate,0.75,q3_to_exact_via_b,46131,0.41104349143269564
bidirectional_ab,gate,1.0,base_to_a,93893,0.5561129603525273
bidirectional_ab,gate,1.0,base_to_a+b,2080,0.012319501534014855
bidirectional_ab,gate,1.0,q3_to_exact_via_b,72865,0.4315675381134579
bidirectional_ab,gate,1.25,base_to_a,112795,0.5365697024474942
bidirectional_ab,gate,1.25,base_to_a+b,2664,0.012672739813999953
bidirectional_ab,gate,1.25,q3_to_exact_via_b,94756,0.45075755773850584
bidirectional_ab,gate,1.5,base_to_a,125632,0.5194989931068134
bidirectional_ab,gate,1.5,base_to_a+b,3279,0.013558943568495616
bidirectional_ab,gate,1.5,q3_to_exact_via_b,112922,0.466942063324691
bidirectional_ab,gate,2.0,base_to_a,139585,0.4934790832181405
bidirectional_ab,gate,2.0,base_to_a+b,3689,0.013041833563719026
bidirectional_ab,gate,2.0,q3_to_exact_via_b,139585,0.4934790832181405
bidirectional_ab,up,0.25,base_to_a,26372,0.8311115313100753
bidirectional_ab,up,0.25,q3_to_exact_via_b,5359,0.1688884686899247
bidirectional_ab,up,0.5,base_to_a,56624,0.7904074596239479
bidirectional_ab,up,0.5,q3_to_exact_via_b,15015,0.20959254037605216
bidirectional_ab,up,0.75,base_to_a,80475,0.7418760082968426
bidirectional_ab,up,0.75,q3_to_exact_via_b,28000,0.2581239917031574
bidirectional_ab,up,1.0,base_to_a,98732,0.6965957596923836
bidirectional_ab,up,1.0,q3_to_exact_via_b,43003,0.3034042403076163
bidirectional_ab,up,1.25,base_to_a,118039,0.6390331050537315
bidirectional_ab,up,1.25,q3_to_exact_via_b,66676,0.3609668949462686
bidirectional_ab,up,1.5,base_to_a,134798,0.5777263473695489
bidirectional_ab,up,1.5,q3_to_exact_via_b,98527,0.4222736526304511
bidirectional_ab,up,2.0,base_to_a,143274,0.5
bidirectional_ab,up,2.0,q3_to_exact_via_b,143274,0.5
ordered_a,down,0.25,base_to_a,7290,0.6795935489885336
ordered_a,down,0.25,q3_to_exact_via_b,3437,0.3204064510114664
ordered_a,down,0.5,base_to_a,11799,0.6288440014922987
ordered_a,down,0.5,q3_to_exact_via_b,6964,0.3711559985077013
ordered_a,down,0.75,base_to_a,14805,0.6027603615340771
ordered_a,down,0.75,q3_to_exact_via_b,9757,0.397239638465923
ordered_a,down,1.0,base_to_a,17442,0.5868380324338873
ordered_a,down,1.0,q3_to_exact_via_b,12280,0.4131619675661126
ordered_a,down,1.25,base_to_a,19412,0.5735559166789777
ordered_a,down,1.25,q3_to_exact_via_b,14433,0.4264440833210223
ordered_a,down,1.5,base_to_a,22674,0.5536861126712412
ordered_a,down,1.5,q3_to_exact_via_b,18277,0.44631388732875876
ordered_a,down,2.0,base_to_a,31803,0.5000628950595931
ordered_a,down,2.0,q3_to_exact_via_b,31795,0.49993710494040694
ordered_a,gate,0.25,base_to_a,21229,0.6584677419354839
ordered_a,gate,0.25,q3_to_exact_via_b,11011,0.34153225806451615
ordered_a,gate,0.5,base_to_a,41142,0.6136841634223833
ordered_a,gate,0.5,q3_to_exact_via_b,25899,0.3863158365776167
ordered_a,gate,0.75,base_to_a,66266,0.5832761200598539
ordered_a,gate,0.75,q3_to_exact_via_b,47344,0.4167238799401461
ordered_a,gate,1.0,base_to_a,93975,0.5598715527461856
ordered_a,gate,1.0,q3_to_exact_via_b,73876,0.4401284472538144
ordered_a,gate,1.25,base_to_a,117183,0.5400860022768019
ordered_a,gate,1.25,q3_to_exact_via_b,99788,0.459913997723198
ordered_a,gate,1.5,base_to_a,129624,0.5244559170412568
ordered_a,gate,1.5,q3_to_exact_via_b,117535,0.4755440829587432
ordered_a,gate,2.0,base_to_a,143274,0.5
ordered_a,gate,2.0,q3_to_exact_via_b,143274,0.5
ordered_a,up,0.25,base_to_a,26308,0.8290945762818694
ordered_a,up,0.25,q3_to_exact_via_b,5423,0.17090542371813053
ordered_a,up,0.5,base_to_a,56161,0.7839116719242902
ordered_a,up,0.5,q3_to_exact_via_b,15481,0.21608832807570977
ordered_a,up,0.75,base_to_a,80611,0.7431366041632096
ordered_a,up,0.75,q3_to_exact_via_b,27863,0.2568633958367904
ordered_a,up,1.0,base_to_a,98571,0.6929517462459929
ordered_a,up,1.0,q3_to_exact_via_b,43677,0.30704825375400707
ordered_a,up,1.25,base_to_a,118438,0.6429684319101001
ordered_a,up,1.25,q3_to_exact_via_b,65767,0.35703156808989983
ordered_a,up,1.5,base_to_a,134310,0.5769007744412898
ordered_a,up,1.5,q3_to_exact_via_b,98503,0.4230992255587102
ordered_a,up,2.0,base_to_a,143274,0.5
ordered_a,up,2.0,q3_to_exact_via_b,143274,0.5
parity_abq,down,0.25,base_to_a,7115,0.6666354352103439
parity_abq,down,0.25,base_to_a+b,440,0.041225522346107
parity_abq,down,0.25,base_to_b,3,0.000281083106905275
parity_abq,down,0.25,q3_to_exact_via_a,3,0.000281083106905275
parity_abq,down,0.25,q3_to_exact_via_b,3112,0.2915768762297386
parity_abq,down,0.5,base_to_a,10703,0.6093367492171933
parity_abq,down,0.5,base_to_a+b,825,0.04696840307429547
parity_abq,down,0.5,base_to_b,8,0.00045545118132650156
parity_abq,down,0.5,q3_to_exact_via_a,8,0.00045545118132650156
parity_abq,down,0.5,q3_to_exact_via_b,6021,0.34278394534585827
parity_abq,down,0.75,base_to_a,14035,0.580078528621616
parity_abq,down,0.75,base_to_a+b,1206,0.049845009299442036
parity_abq,down,0.75,base_to_b,11,0.00045463938830336847
parity_abq,down,0.75,q3_to_exact_via_a,9,0.0003719776813391197
parity_abq,down,0.75,q3_to_exact_via_b,8934,0.3692498450092994
parity_abq,down,1.0,base_to_a,16780,0.5614481212567337
parity_abq,down,1.0,base_to_a+b,1526,0.05105898885803192
parity_abq,down,1.0,base_to_b,19,0.0006357279084551812
parity_abq,down,1.0,q3_to_exact_via_a,17,0.0005688091812493726
parity_abq,down,1.0,q3_to_exact_via_b,11545,0.3862883527955298
parity_abq,down,1.25,base_to_a,17741,0.551991288114499
parity_abq,down,1.25,base_to_a+b,1714,0.05332918481642813
parity_abq,down,1.25,base_to_b,31,0.0009645301804604853
parity_abq,down,1.25,q3_to_exact_via_a,27,0.0008400746733042937
parity_abq,down,1.25,q3_to_exact_via_b,12627,0.392874922215308
parity_abq,down,1.5,base_to_a,20419,0.5290855854688674
parity_abq,down,1.5,base_to_a+b,2169,0.05620190189930817
parity_abq,down,1.5,base_to_b,37,0.0009587230844971886
parity_abq,down,1.5,q3_to_exact_via_a,33,0.0008550773456326276
parity_abq,down,1.5,q3_to_exact_via_b,15935,0.4128987122016946
parity_abq,down,2.0,base_to_a,28044,0.4672131147540984
parity_abq,down,2.0,base_to_a+b,3818,0.06360789017726243
parity_abq,down,2.0,base_to_b,59,0.0009829401572704253
parity_abq,down,2.0,q3_to_exact_via_a,59,0.0009829401572704253
parity_abq,down,2.0,q3_to_exact_via_b,28044,0.4672131147540984
parity_abq,gate,0.25,base_to_a,19893,0.6516953316953317
parity_abq,gate,0.25,base_to_a+b,190,0.0062244062244062245
parity_abq,gate,0.25,q3_to_exact_via_b,10442,0.3420802620802621
parity_abq,gate,0.5,base_to_a,43544,0.611959806057199
parity_abq,gate,0.5,base_to_a+b,503,0.007069074555547748
parity_abq,gate,0.5,q3_to_exact_via_b,27108,0.3809711193872532
parity_abq,gate,0.75,base_to_a,63445,0.5794804815227518
parity_abq,gate,0.75,base_to_a+b,1061,0.009690736715196463
parity_abq,gate,0.75,q3_to_exact_via_b,44980,0.4108287817620518
parity_abq,gate,1.0,base_to_a,85050,0.5659247429883222
parity_abq,gate,1.0,base_to_a+b,1701,0.011318494859766444
parity_abq,gate,1.0,q3_to_exact_via_b,63534,0.4227567621519114
parity_abq,gate,1.25,base_to_a,111997,0.5351487466671764
parity_abq,gate,1.25,base_to_a+b,2555,0.01220840779426802
parity_abq,gate,1.25,q3_to_exact_via_b,94730,0.45264284553855566
parity_abq,gate,1.5,base_to_a,126782,0.5124161345081238
parity_abq,gate,1.5,base_to_a+b,3305,0.013357853043407971
parity_abq,gate,1.5,q3_to_exact_via_b,117333,0.4742260124484682
parity_abq,gate,2.0,base_to_a,139585,0.4934790832181405
parity_abq,gate,2.0,base_to_a+b,3689,0.013041833563719026
parity_abq,gate,2.0,q3_to_exact_via_b,139585,0.4934790832181405
parity_abq,up,0.25,base_to_a,26001,0.8329649207111965
parity_abq,up,0.25,q3_to_exact_via_b,5214,0.16703507928880346
parity_abq,up,0.5,base_to_a,54231,0.785046323103648
parity_abq,up,0.5,q3_to_exact_via_b,14849,0.21495367689635206
parity_abq,up,0.75,base_to_a,82970,0.7541835964840519
parity_abq,up,0.75,q3_to_exact_via_b,27043,0.2458164035159481
parity_abq,up,1.0,base_to_a,103064,0.6781641717387729
parity_abq,up,1.0,q3_to_exact_via_b,48911,0.3218358282612272
parity_abq,up,1.25,base_to_a,120933,0.6422153303665311
parity_abq,up,1.25,q3_to_exact_via_b,67373,0.35778466963346894
parity_abq,up,1.5,base_to_a,134236,0.5816949563845784
parity_abq,up,1.5,q3_to_exact_via_b,96531,0.4183050436154216
parity_abq,up,2.0,base_to_a,143274,0.5
parity_abq,up,2.0,q3_to_exact_via_b,143274,0.5
