group,policy,budget_bpw,invocations,requests,p10_recovery,median_recovery,p90_recovery,mean_recovery,median_ci_low,median_ci_high,median_logical_bpw,median_physical_bpw,median_page_amplification
all four layers,bidirectional_ab,0.25,70,6,0.4125237130617267,0.6090035521448908,0.8340630282161065,0.6184994480569067,0.5621172773279902,0.6745932166239679,0.25,0.25,1.0
all four layers,bidirectional_ab,0.5,70,6,0.6153139761592209,0.7880842843820564,0.9526607971782853,0.7803289899584125,0.7655080164071135,0.8298427752788765,0.4998372395833333,0.5,1.000325626831651
all four layers,bidirectional_ab,0.75,70,6,0.7536012431479192,0.8685029055535392,0.9762125080917875,0.8634765918142868,0.8513411926354887,0.8997689631054872,0.7496744791666666,0.75,1.0004342162396873
all four layers,bidirectional_ab,1.0,70,6,0.8545207752776762,0.9205218781576696,0.9877461180162895,0.9174474483799688,0.9136279354040202,0.9302373717831325,0.99951171875,1.0,1.0004885197850513
all four layers,bidirectional_ab,1.25,70,6,0.92551203885977,0.9557056738055796,0.9932494798843866,0.9559990541634934,0.9523035558357245,0.9614357228127878,1.2494303385416665,1.25,1.0004559411947858
all four layers,bidirectional_ab,1.5,70,6,0.9605739429516971,0.9821069110525448,0.997632556887189,0.9797859365030025,0.9802508253689832,0.9845499456647725,1.4993489583333333,1.5,1.0004342162396873
all four layers,bidirectional_ab,2.0,70,6,0.9999999999993742,0.9999999999996961,0.9999999999998535,0.9999999999996276,0.9999999999995897,0.9999999999997219,1.9993489583333333,2.0,1.000325626831651
all four layers,ordered_a,0.25,70,6,0.40660908141053015,0.6195087305552504,0.8293039947721637,0.6192119903255863,0.5734523397330898,0.6875621999940728,0.25,0.25,1.0
all four layers,ordered_a,0.5,70,6,0.610195526446594,0.7990242005114053,0.9514309390817799,0.7798556779815028,0.7655129220632682,0.8298427752788765,0.4998372395833333,0.5,1.000325626831651
all four layers,ordered_a,0.75,70,6,0.7495688693772433,0.8670581863835847,0.9773508768689408,0.8625229332864444,0.8515412681381211,0.8996605610355874,0.7496744791666666,0.75,1.0004342162396873
all four layers,ordered_a,1.0,70,6,0.8546341998099782,0.9170678927351581,0.987703733784352,0.9158415620961516,0.9140847542403749,0.9261216692490587,0.99951171875,1.0,1.0004885197850513
all four layers,ordered_a,1.25,70,6,0.9250292507445467,0.9544448838269093,0.9930893849211379,0.9549702233836141,0.9524742299130907,0.9597587502699645,1.2493489583333333,1.25,1.0005211047420532
all four layers,ordered_a,1.5,70,6,0.9606716922606593,0.981506897047443,0.9959820607284787,0.979043393047152,0.9789788832435513,0.9846006976583305,1.4986979166666667,1.5,1.000868809730669
all four layers,ordered_a,2.0,70,6,0.9986213902294173,0.9999215690805621,0.9999999999996767,0.9992398650130738,0.9997637460056674,0.9999850832727428,1.9967447916666667,2.0,1.001624190279022
all four layers,parity_abq,0.25,70,6,0.40862361908253564,0.6289881673544109,0.8281570287137019,0.630340171839573,0.589977184305554,0.6878932559593678,0.25,0.25,1.0
all four layers,parity_abq,0.5,70,6,0.6079007019513211,0.78516615652598,0.9517759297566056,0.7795375028199251,0.7616016858800635,0.8114155973984505,0.4998372395833333,0.5,1.000325626831651
all four layers,parity_abq,0.75,70,6,0.7639313673413494,0.864835976312924,0.9769648420501269,0.8634711440387843,0.852103379811514,0.8998573699533845,0.749755859375,0.75,1.0003256386169133
all four layers,parity_abq,1.0,70,6,0.8566534888818713,0.9200313686741979,0.9872162227133776,0.9179759818385047,0.9190829273259417,0.937085149512015,0.9995930989583333,1.0,1.000407073308351
all four layers,parity_abq,1.25,70,6,0.9210169881588456,0.9581336206285718,0.9928485374107515,0.95487165417342,0.9531205240107276,0.9614046148940071,1.2494303385416665,1.25,1.0004047398356226
all four layers,parity_abq,1.5,70,6,0.9641515276904038,0.9818816460771154,0.9974741637398697,0.9806139081303215,0.9787107624639444,0.9837591799265606,1.4993489583333333,1.5,1.0004342162396873
all four layers,parity_abq,2.0,70,6,0.9999999999993742,0.9999999999996961,0.9999999999998535,0.9999999999996276,0.9999999999995897,0.9999999999997219,1.9993489583333333,2.0,1.000325626831651
layer 0,bidirectional_ab,0.25,16,4,0.4357168597897866,0.6026828928724098,0.758930833031771,0.6175587159514402,0.5623399001802882,0.7127905143455482,0.24886067708333331,0.25,1.004578585360846
layer 0,bidirectional_ab,0.5,16,4,0.6005309365138849,0.8237944939505213,0.8860025763678387,0.7817182800056941,0.7650185895870509,0.8648435185874259,0.498779296875,0.5,1.0024474079879375
layer 0,bidirectional_ab,0.75,16,4,0.7891600534049854,0.8761712631709924,0.9300136330818716,0.8649817268378307,0.8402979460052834,0.9073618574526738,0.74853515625,0.75,1.0019569945344857
layer 0,bidirectional_ab,1.0,16,4,0.8787059033753297,0.921226741083226,0.955460977727113,0.9201783762088407,0.9148837420357817,0.9458756220903363,0.9982096354166667,1.0,1.0017936023715621
layer 0,bidirectional_ab,1.25,16,4,0.9461217479109625,0.9602762862214593,0.9794460676284569,0.9627431641200728,0.9508379714526578,0.9765795922236479,1.2478841145833333,1.25,1.0016955784531107
layer 0,bidirectional_ab,1.5,16,4,0.9809454369461568,0.9900504035643285,0.9954334440980335,0.9894260582974299,0.986804013229058,0.9947907724365446,1.4973958333333333,1.5,1.0017391304347827
layer 0,bidirectional_ab,2.0,16,4,0.9999999999995737,0.999999999999736,0.9999999999998296,0.9999999999997027,0.9999999999996997,0.9999999999997868,1.6559244791666667,1.67578125,1.0028377601855372
layer 0,ordered_a,0.25,16,4,0.416858213337643,0.6044642216627725,0.7672244838490652,0.6157068249608569,0.5735763390596105,0.7127905143455482,0.24943033854166669,0.25,1.0022865172127484
layer 0,ordered_a,0.5,16,4,0.5983095890324658,0.8208024963500706,0.8857384712482811,0.7775867592382651,0.7650185895870509,0.8648435185874259,0.4988606770833333,0.5,1.0022838499184339
layer 0,ordered_a,0.75,16,4,0.7805141105376308,0.8755031760698062,0.9306944908402963,0.8615503735931633,0.850932902561232,0.9105321578592946,0.7486979166666666,0.75,1.0017391304347827
layer 0,ordered_a,1.0,16,4,0.8733473445761766,0.9212812062722873,0.9551251991180344,0.9171728473006187,0.9148837420357817,0.9458603923922653,0.99853515625,1.0,1.0014669926650366
layer 0,ordered_a,1.25,16,4,0.939109477780492,0.9617745324180558,0.9795906913869403,0.960394920526495,0.9508379714526578,0.9761204336383698,1.2481282552083335,1.25,1.0014343460685877
layer 0,ordered_a,1.5,16,4,0.979356407768079,0.9895395372944995,0.9952986044169168,0.9876381502226501,0.9866149627619388,0.994152540036035,1.49755859375,1.5,1.0016302575806977
layer 0,ordered_a,2.0,16,4,0.9996580010762579,0.9999853505259189,0.9999999999996727,0.9982372678239078,0.9999677183510517,0.9999999403520796,1.6546223958333333,1.6731770833333335,1.0024342112459004
layer 0,parity_abq,0.25,16,4,0.47945013625722516,0.6463976073828497,0.76960401413368,0.6334588938949041,0.5801974965513055,0.7112185280237384,0.24869791666666666,0.25,1.0040869489413418
layer 0,parity_abq,0.5,16,4,0.6160178580913367,0.8120077383064623,0.8802257330839794,0.7843054270857532,0.7870457790157191,0.8506894477906549,0.4986979166666667,0.5,1.0026109660574412
layer 0,parity_abq,0.75,16,4,0.7577010149348418,0.8738015956365877,0.9257819995105308,0.8622316729484873,0.8606533249256628,0.9195216628639884,0.74853515625,0.75,1.0019569945344857
layer 0,parity_abq,1.0,16,4,0.8788480017249171,0.9273309892093923,0.9578017945335382,0.9230138918636202,0.9000952971544245,0.9509993013507955,0.9977213541666667,1.0,1.0022839566099337
layer 0,parity_abq,1.25,16,4,0.9396690388080169,0.963812865030151,0.9795411843562395,0.9626271928289917,0.9585214060441756,0.9748637720859477,1.24755859375,1.25,1.0019569642163675
layer 0,parity_abq,1.5,16,4,0.9802925859015003,0.9918549071755141,0.9959831971961897,0.9892223065873533,0.9881072670107,0.9929121208589434,1.4974772135416665,1.5,1.0016846940077402
layer 0,parity_abq,2.0,16,4,0.9999999999995737,0.999999999999736,0.9999999999998296,0.9999999999997027,0.9999999999996997,0.9999999999997868,1.6559244791666667,1.6692708333333333,1.0028377601855372
layers 4/20/39,bidirectional_ab,0.25,54,6,0.4014112067509053,0.614418297711011,0.8351081907168176,0.6187781834955633,0.5494785657190256,0.6875621999940728,0.25,0.25,1.0
layers 4/20/39,bidirectional_ab,0.5,54,6,0.6196229745489729,0.782036454524226,0.9533008176168849,0.7799173484629216,0.743885461023488,0.8270521337525728,0.5,0.5,1.0
layers 4/20/39,bidirectional_ab,0.75,54,6,0.7485672191005135,0.8685029055535392,0.9791819925862361,0.863030625881385,0.8410658314153574,0.8971381291030499,0.749755859375,0.75,1.0002170609941394
layers 4/20/39,bidirectional_ab,1.0,54,6,0.8534214021588685,0.918083626320916,0.9903881788086978,0.9166382845788216,0.89474957571206,0.934324612630442,0.9996744791666666,1.0,1.000325626831651
layers 4/20/39,bidirectional_ab,1.25,54,6,0.9197600591344384,0.9531528408808441,0.994780073805183,0.9540007993615438,0.9512194438450258,0.9617070721821321,1.2495930989583335,1.25,1.0003256310743454
layers 4/20/39,bidirectional_ab,1.5,54,6,0.9581037968117283,0.9792351768837577,0.9977012880550176,0.9769296041194686,0.9753034888168716,0.9818533231727324,1.49951171875,1.5,1.000325626831651
layers 4/20/39,bidirectional_ab,2.0,54,6,0.999999999999345,0.9999999999996456,0.9999999999998538,0.9999999999996056,0.9999999999994934,0.9999999999997256,1.9993489583333333,2.0,1.000325626831651
layers 4/20/39,ordered_a,0.25,54,6,0.38364216931849654,0.6269980103587158,0.8296542848208429,0.6202505578410615,0.5505875434351242,0.6875621999940728,0.25,0.25,1.0
layers 4/20/39,ordered_a,0.5,54,6,0.6196229745489729,0.7964796143567663,0.9547277914981738,0.7805279502017213,0.7438487038063205,0.8298427752788765,0.5,0.5,1.0
layers 4/20/39,ordered_a,0.75,54,6,0.7417424182759488,0.8670581863835847,0.9785829126968418,0.8628110991214905,0.8459796037124517,0.8991998673487057,0.7496744791666666,0.75,1.00023063061917
layers 4/20/39,ordered_a,1.0,54,6,0.8535666048879392,0.9157061016556077,0.9896912394769648,0.915447107220754,0.892331436353167,0.9311592810388615,0.9996744791666666,1.0,1.000325626831651
layers 4/20/39,ordered_a,1.25,54,6,0.9218903887554022,0.9523752683289683,0.9936012558360717,0.9533629057116494,0.9510522350966706,0.9609531962370421,1.24951171875,1.25,1.0003907776475185
layers 4/20/39,ordered_a,1.5,54,6,0.959220246693542,0.9793248154057383,0.9960878958773454,0.9764967983284857,0.9753034888168716,0.9815248023479771,1.4990234375,1.5,1.0005428410188664
layers 4/20/39,ordered_a,2.0,54,6,0.9986127313371256,0.9999118777539249,0.9999999999996769,0.9995369308469009,0.9996981330880192,0.999984574328375,1.9973958333333333,2.0,1.001303780964798
layers 4/20/39,parity_abq,0.25,54,6,0.3991861948064682,0.624059457706768,0.8284878835265637,0.629416106045401,0.5320685689495368,0.6945979312027104,0.25,0.25,1.0
layers 4/20/39,parity_abq,0.5,54,6,0.6026219350669382,0.7764933459375231,0.9558953057076189,0.778124784518939,0.7199643529124918,0.8114155973984505,0.5,0.5,1.0
layers 4/20/39,parity_abq,0.75,54,6,0.7659452467536191,0.8569936544252184,0.9778647660644372,0.8638383947322057,0.8302733477350688,0.8926044251728117,0.7498372395833334,0.75,1.0002170609941394
layers 4/20/39,parity_abq,1.0,54,6,0.8428565174534285,0.9196181234374634,0.9908812596301753,0.9164832677569891,0.8982848940904485,0.9395209264907487,0.9996744791666666,1.0,1.000325626831651
layers 4/20/39,parity_abq,1.25,54,6,0.914959410733675,0.9533017516552471,0.9943558014439564,0.9525737167939914,0.9503302105861127,0.9608789411709556,1.24951171875,1.25,1.0003907776475185
layers 4/20/39,parity_abq,1.5,54,6,0.9627682943290955,0.9789281679033434,0.9976317139639266,0.9780632715504602,0.9747396763771539,0.9823307475663475,1.49951171875,1.5,1.000325626831651
layers 4/20/39,parity_abq,2.0,54,6,0.999999999999345,0.9999999999996456,0.9999999999998538,0.9999999999996056,0.9999999999994934,0.9999999999997256,1.9993489583333333,2.0,1.000325626831651
