request_id,layer,expert_id,projection,refinement_plane,total_coordinates,comparison,target,k,recovery,beam_width,swaps
mxfp4-confirm-010,0,160,gate,1,2048,bounded_beam,,1,0.25316421172030945,16.0,0
mxfp4-confirm-010,0,160,gate,1,2048,bounded_beam,,2,0.2979078849265977,16.0,0
mxfp4-confirm-010,0,160,gate,1,2048,bounded_beam,,3,0.33826826000830135,16.0,0
mxfp4-confirm-010,0,160,gate,1,2048,bounded_beam,,4,0.37709740531447145,16.0,0
mxfp4-confirm-010,0,160,gate,1,2048,bounded_beam,,5,0.4105066331749858,16.0,0
mxfp4-confirm-010,0,160,gate,1,2048,bounded_beam,,6,0.44203830311791503,16.0,0
mxfp4-confirm-010,0,160,gate,1,2048,bounded_beam,,7,0.4737187212116082,16.0,0
mxfp4-confirm-010,0,160,gate,1,2048,bounded_beam,,8,0.5003460699958608,16.0,0
mxfp4-confirm-010,0,160,gate,1,2048,bounded_beam,,9,0.5250063983673283,16.0,0
mxfp4-confirm-010,0,160,gate,1,2048,bounded_beam,,10,0.5479156303851292,16.0,0
mxfp4-confirm-010,0,160,gate,1,2048,bounded_beam,,11,0.5643665272730067,16.0,0
mxfp4-confirm-010,0,160,gate,1,2048,bounded_beam,,12,0.5745445255293397,16.0,0
mxfp4-confirm-010,0,160,gate,1,2048,bounded_beam,,1,0.25316421172030945,64.0,0
mxfp4-confirm-010,0,160,gate,1,2048,bounded_beam,,2,0.2979078849265977,64.0,0
mxfp4-confirm-010,0,160,gate,1,2048,bounded_beam,,3,0.33826826098990226,64.0,0
mxfp4-confirm-010,0,160,gate,1,2048,bounded_beam,,4,0.37709740632307687,64.0,0
mxfp4-confirm-010,0,160,gate,1,2048,bounded_beam,,5,0.4105066339742578,64.0,0
mxfp4-confirm-010,0,160,gate,1,2048,bounded_beam,,6,0.4420383037532285,64.0,0
mxfp4-confirm-010,0,160,gate,1,2048,bounded_beam,,7,0.4737187222954945,64.0,0
mxfp4-confirm-010,0,160,gate,1,2048,bounded_beam,,8,0.5003460707887453,64.0,0
mxfp4-confirm-010,0,160,gate,1,2048,bounded_beam,,9,0.5250063994815333,64.0,0
mxfp4-confirm-010,0,160,gate,1,2048,bounded_beam,,10,0.5479156317390802,64.0,0
mxfp4-confirm-010,0,160,gate,1,2048,bounded_beam,,11,0.564366528287221,64.0,0
mxfp4-confirm-010,0,160,gate,1,2048,bounded_beam,,12,0.5745445272385152,64.0,0
mxfp4-confirm-010,0,160,gate,1,2048,bounded_beam,,1,0.25316421172030945,256.0,0
mxfp4-confirm-010,0,160,gate,1,2048,bounded_beam,,2,0.2979078849265977,256.0,0
mxfp4-confirm-010,0,160,gate,1,2048,bounded_beam,,3,0.33826826098990226,256.0,0
mxfp4-confirm-010,0,160,gate,1,2048,bounded_beam,,4,0.37709740632307687,256.0,0
mxfp4-confirm-010,0,160,gate,1,2048,bounded_beam,,5,0.41050663538838805,256.0,0
mxfp4-confirm-010,0,160,gate,1,2048,bounded_beam,,6,0.4420383039971194,256.0,0
mxfp4-confirm-010,0,160,gate,1,2048,bounded_beam,,7,0.4737187232662571,256.0,0
mxfp4-confirm-010,0,160,gate,1,2048,bounded_beam,,8,0.5003460723175328,256.0,0
mxfp4-confirm-010,0,160,gate,1,2048,bounded_beam,,9,0.5250064006503832,256.0,0
mxfp4-confirm-010,0,160,gate,1,2048,bounded_beam,,10,0.54791563224616,256.0,0
mxfp4-confirm-010,0,160,gate,1,2048,bounded_beam,,11,0.5643665289872593,256.0,0
mxfp4-confirm-010,0,160,gate,1,2048,bounded_beam,,12,0.5745445276299943,256.0,0
mxfp4-confirm-010,0,160,gate,2,2048,bounded_beam,,1,0.19708140523744433,16.0,0
mxfp4-confirm-010,0,160,gate,2,2048,bounded_beam,,2,0.28312378828234164,16.0,0
mxfp4-confirm-010,0,160,gate,2,2048,bounded_beam,,3,0.3363433030356884,16.0,0
mxfp4-confirm-010,0,160,gate,2,2048,bounded_beam,,4,0.37895142484209554,16.0,0
mxfp4-confirm-010,0,160,gate,2,2048,bounded_beam,,5,0.4072394577559286,16.0,0
mxfp4-confirm-010,0,160,gate,2,2048,bounded_beam,,6,0.4293187270499279,16.0,0
mxfp4-confirm-010,0,160,gate,2,2048,bounded_beam,,7,0.4479165280362567,16.0,0
mxfp4-confirm-010,0,160,gate,2,2048,bounded_beam,,8,0.46725888170206487,16.0,0
mxfp4-confirm-010,0,160,gate,2,2048,bounded_beam,,9,0.4867449985076302,16.0,0
mxfp4-confirm-010,0,160,gate,2,2048,bounded_beam,,10,0.5006735564563427,16.0,0
mxfp4-confirm-010,0,160,gate,2,2048,bounded_beam,,11,0.5132727517876103,16.0,0
mxfp4-confirm-010,0,160,gate,2,2048,bounded_beam,,12,0.5225371935105364,16.0,0
mxfp4-confirm-010,0,160,gate,2,2048,bounded_beam,,1,0.19708140523744433,64.0,0
mxfp4-confirm-010,0,160,gate,2,2048,bounded_beam,,2,0.28312378828234164,64.0,0
mxfp4-confirm-010,0,160,gate,2,2048,bounded_beam,,3,0.3363433030356884,64.0,0
mxfp4-confirm-010,0,160,gate,2,2048,bounded_beam,,4,0.37895142484209554,64.0,0
mxfp4-confirm-010,0,160,gate,2,2048,bounded_beam,,5,0.4072394577559286,64.0,0
mxfp4-confirm-010,0,160,gate,2,2048,bounded_beam,,6,0.42931872711203456,64.0,0
mxfp4-confirm-010,0,160,gate,2,2048,bounded_beam,,7,0.44791652806453186,64.0,0
mxfp4-confirm-010,0,160,gate,2,2048,bounded_beam,,8,0.46725888170206487,64.0,0
mxfp4-confirm-010,0,160,gate,2,2048,bounded_beam,,9,0.4867449985076302,64.0,0
mxfp4-confirm-010,0,160,gate,2,2048,bounded_beam,,10,0.5006735564563427,64.0,0
mxfp4-confirm-010,0,160,gate,2,2048,bounded_beam,,11,0.513272751789362,64.0,0
mxfp4-confirm-010,0,160,gate,2,2048,bounded_beam,,12,0.522537193621902,64.0,0
mxfp4-confirm-010,0,160,gate,2,2048,bounded_beam,,1,0.19708140523744433,256.0,0
mxfp4-confirm-010,0,160,gate,2,2048,bounded_beam,,2,0.28312378828234164,256.0,0
mxfp4-confirm-010,0,160,gate,2,2048,bounded_beam,,3,0.3363433030356884,256.0,0
mxfp4-confirm-010,0,160,gate,2,2048,bounded_beam,,4,0.37895142484209554,256.0,0
mxfp4-confirm-010,0,160,gate,2,2048,bounded_beam,,5,0.4072394577559286,256.0,0
mxfp4-confirm-010,0,160,gate,2,2048,bounded_beam,,6,0.42931872711203456,256.0,0
mxfp4-confirm-010,0,160,gate,2,2048,bounded_beam,,7,0.4479165281528682,256.0,0
mxfp4-confirm-010,0,160,gate,2,2048,bounded_beam,,8,0.4672588817396437,256.0,0
mxfp4-confirm-010,0,160,gate,2,2048,bounded_beam,,9,0.4867449985076302,256.0,0
mxfp4-confirm-010,0,160,gate,2,2048,bounded_beam,,10,0.5006735568848718,256.0,0
mxfp4-confirm-010,0,160,gate,2,2048,bounded_beam,,11,0.5132727522017613,256.0,0
mxfp4-confirm-010,0,160,gate,2,2048,bounded_beam,,12,0.5225371939794943,256.0,0
mxfp4-confirm-010,0,160,up,1,2048,bounded_beam,,1,0.2912873958709443,16.0,0
mxfp4-confirm-010,0,160,up,1,2048,bounded_beam,,2,0.3651387329981095,16.0,0
mxfp4-confirm-010,0,160,up,1,2048,bounded_beam,,3,0.4070572873338114,16.0,0
mxfp4-confirm-010,0,160,up,1,2048,bounded_beam,,4,0.4384350763616609,16.0,0
mxfp4-confirm-010,0,160,up,1,2048,bounded_beam,,5,0.46511051472812703,16.0,0
mxfp4-confirm-010,0,160,up,1,2048,bounded_beam,,6,0.4885350883543229,16.0,0
mxfp4-confirm-010,0,160,up,1,2048,bounded_beam,,7,0.5146641241857218,16.0,0
mxfp4-confirm-010,0,160,up,1,2048,bounded_beam,,8,0.5364853633533178,16.0,0
mxfp4-confirm-010,0,160,up,1,2048,bounded_beam,,9,0.5581982873020332,16.0,0
mxfp4-confirm-010,0,160,up,1,2048,bounded_beam,,10,0.577410374395334,16.0,0
mxfp4-confirm-010,0,160,up,1,2048,bounded_beam,,11,0.5921421162484941,16.0,0
mxfp4-confirm-010,0,160,up,1,2048,bounded_beam,,12,0.6029611259003863,16.0,0
mxfp4-confirm-010,0,160,up,1,2048,bounded_beam,,1,0.2912873958709443,64.0,0
mxfp4-confirm-010,0,160,up,1,2048,bounded_beam,,2,0.3651387329981095,64.0,0
mxfp4-confirm-010,0,160,up,1,2048,bounded_beam,,3,0.4070572873338114,64.0,0
mxfp4-confirm-010,0,160,up,1,2048,bounded_beam,,4,0.4384350763616609,64.0,0
mxfp4-confirm-010,0,160,up,1,2048,bounded_beam,,5,0.46511051472812703,64.0,0
mxfp4-confirm-010,0,160,up,1,2048,bounded_beam,,6,0.4885350883543229,64.0,0
mxfp4-confirm-010,0,160,up,1,2048,bounded_beam,,7,0.5146641247163322,64.0,0
mxfp4-confirm-010,0,160,up,1,2048,bounded_beam,,8,0.5364853640502889,64.0,0
mxfp4-confirm-010,0,160,up,1,2048,bounded_beam,,9,0.5581982878645714,64.0,0
mxfp4-confirm-010,0,160,up,1,2048,bounded_beam,,10,0.577410375202493,64.0,0
mxfp4-confirm-010,0,160,up,1,2048,bounded_beam,,11,0.5921421165010219,64.0,0
mxfp4-confirm-010,0,160,up,1,2048,bounded_beam,,12,0.602961126806666,64.0,0
mxfp4-confirm-010,0,160,up,1,2048,bounded_beam,,1,0.2912873958709443,256.0,0
mxfp4-confirm-010,0,160,up,1,2048,bounded_beam,,2,0.3651387329981095,256.0,0
mxfp4-confirm-010,0,160,up,1,2048,bounded_beam,,3,0.4070572873338114,256.0,0
mxfp4-confirm-010,0,160,up,1,2048,bounded_beam,,4,0.4384350763616609,256.0,0
mxfp4-confirm-010,0,160,up,1,2048,bounded_beam,,5,0.46511051472812703,256.0,0
mxfp4-confirm-010,0,160,up,1,2048,bounded_beam,,6,0.4885350883543229,256.0,0
mxfp4-confirm-010,0,160,up,1,2048,bounded_beam,,7,0.5146641247163322,256.0,0
mxfp4-confirm-010,0,160,up,1,2048,bounded_beam,,8,0.5364853638249898,256.0,0
mxfp4-confirm-010,0,160,up,1,2048,bounded_beam,,9,0.5581982883056078,256.0,0
mxfp4-confirm-010,0,160,up,1,2048,bounded_beam,,10,0.5774103756419287,256.0,0
mxfp4-confirm-010,0,160,up,1,2048,bounded_beam,,11,0.5921421173495146,256.0,0
mxfp4-confirm-010,0,160,up,1,2048,bounded_beam,,12,0.6029611271954611,256.0,0
mxfp4-confirm-010,0,160,up,2,2048,bounded_beam,,1,0.3625267906164118,16.0,0
mxfp4-confirm-010,0,160,up,2,2048,bounded_beam,,2,0.42505448145398783,16.0,0
mxfp4-confirm-010,0,160,up,2,2048,bounded_beam,,3,0.4604453017615566,16.0,0
mxfp4-confirm-010,0,160,up,2,2048,bounded_beam,,4,0.4944289106954579,16.0,0
mxfp4-confirm-010,0,160,up,2,2048,bounded_beam,,5,0.5277730305358246,16.0,0
mxfp4-confirm-010,0,160,up,2,2048,bounded_beam,,6,0.5549372560744514,16.0,0
mxfp4-confirm-010,0,160,up,2,2048,bounded_beam,,7,0.5778520708767186,16.0,0
mxfp4-confirm-010,0,160,up,2,2048,bounded_beam,,8,0.6004243049011807,16.0,0
mxfp4-confirm-010,0,160,up,2,2048,bounded_beam,,9,0.613408043138231,16.0,0
mxfp4-confirm-010,0,160,up,2,2048,bounded_beam,,10,0.6261331537239537,16.0,0
mxfp4-confirm-010,0,160,up,2,2048,bounded_beam,,11,0.6368722443536353,16.0,0
mxfp4-confirm-010,0,160,up,2,2048,bounded_beam,,12,0.6447231743670214,16.0,0
mxfp4-confirm-010,0,160,up,2,2048,bounded_beam,,1,0.3625267906164118,64.0,0
mxfp4-confirm-010,0,160,up,2,2048,bounded_beam,,2,0.42505448145398783,64.0,0
mxfp4-confirm-010,0,160,up,2,2048,bounded_beam,,3,0.46044530177302434,64.0,0
mxfp4-confirm-010,0,160,up,2,2048,bounded_beam,,4,0.4944289109009049,64.0,0
mxfp4-confirm-010,0,160,up,2,2048,bounded_beam,,5,0.5277730304524356,64.0,0
mxfp4-confirm-010,0,160,up,2,2048,bounded_beam,,6,0.5549372560744514,64.0,0
mxfp4-confirm-010,0,160,up,2,2048,bounded_beam,,7,0.5778520708767186,64.0,0
mxfp4-confirm-010,0,160,up,2,2048,bounded_beam,,8,0.6004243049011807,64.0,0
mxfp4-confirm-010,0,160,up,2,2048,bounded_beam,,9,0.6134080433867051,64.0,0
mxfp4-confirm-010,0,160,up,2,2048,bounded_beam,,10,0.6261331544169064,64.0,0
mxfp4-confirm-010,0,160,up,2,2048,bounded_beam,,11,0.6368722449168815,64.0,0
mxfp4-confirm-010,0,160,up,2,2048,bounded_beam,,12,0.6447231749190238,64.0,0
mxfp4-confirm-010,0,160,up,2,2048,bounded_beam,,1,0.3625267906164118,256.0,0
mxfp4-confirm-010,0,160,up,2,2048,bounded_beam,,2,0.42505448145398783,256.0,0
mxfp4-confirm-010,0,160,up,2,2048,bounded_beam,,3,0.46044530177302434,256.0,0
mxfp4-confirm-010,0,160,up,2,2048,bounded_beam,,4,0.4944289109009049,256.0,0
mxfp4-confirm-010,0,160,up,2,2048,bounded_beam,,5,0.5277730310540766,256.0,0
mxfp4-confirm-010,0,160,up,2,2048,bounded_beam,,6,0.5549372569502506,256.0,0
mxfp4-confirm-010,0,160,up,2,2048,bounded_beam,,7,0.5778520717194247,256.0,0
mxfp4-confirm-010,0,160,up,2,2048,bounded_beam,,8,0.600424305607549,256.0,0
mxfp4-confirm-010,0,160,up,2,2048,bounded_beam,,9,0.6134080439133771,256.0,0
mxfp4-confirm-010,0,160,up,2,2048,bounded_beam,,10,0.6261331545194753,256.0,0
mxfp4-confirm-010,0,160,up,2,2048,bounded_beam,,11,0.6368722454089184,256.0,0
mxfp4-confirm-010,0,160,up,2,2048,bounded_beam,,12,0.6447231754117155,256.0,0
mxfp4-confirm-010,0,160,down,1,512,bounded_beam,,1,0.1893998375102781,16.0,0
mxfp4-confirm-010,0,160,down,1,512,bounded_beam,,2,0.26608572487734705,16.0,0
mxfp4-confirm-010,0,160,down,1,512,bounded_beam,,3,0.3370500102551518,16.0,0
mxfp4-confirm-010,0,160,down,1,512,bounded_beam,,4,0.39229692205025646,16.0,0
mxfp4-confirm-010,0,160,down,1,512,bounded_beam,,5,0.4403176746494504,16.0,0
mxfp4-confirm-010,0,160,down,1,512,bounded_beam,,6,0.48327986006164914,16.0,0
mxfp4-confirm-010,0,160,down,1,512,bounded_beam,,7,0.5194760184475208,16.0,0
mxfp4-confirm-010,0,160,down,1,512,bounded_beam,,8,0.550905214498721,16.0,0
mxfp4-confirm-010,0,160,down,1,512,bounded_beam,,9,0.5760219585197347,16.0,0
mxfp4-confirm-010,0,160,down,1,512,bounded_beam,,10,0.5957213558485701,16.0,0
mxfp4-confirm-010,0,160,down,1,512,bounded_beam,,11,0.6097997663608526,16.0,0
mxfp4-confirm-010,0,160,down,1,512,bounded_beam,,12,0.6238904306226425,16.0,0
mxfp4-confirm-010,0,160,down,1,512,bounded_beam,,1,0.1893998375102781,64.0,0
mxfp4-confirm-010,0,160,down,1,512,bounded_beam,,2,0.26608572487734705,64.0,0
mxfp4-confirm-010,0,160,down,1,512,bounded_beam,,3,0.3370500102551518,64.0,0
mxfp4-confirm-010,0,160,down,1,512,bounded_beam,,4,0.39229692205025646,64.0,0
mxfp4-confirm-010,0,160,down,1,512,bounded_beam,,5,0.4403176746494504,64.0,0
mxfp4-confirm-010,0,160,down,1,512,bounded_beam,,6,0.48327986178086846,64.0,0
mxfp4-confirm-010,0,160,down,1,512,bounded_beam,,7,0.5194760195480531,64.0,0
mxfp4-confirm-010,0,160,down,1,512,bounded_beam,,8,0.550905214498721,64.0,0
mxfp4-confirm-010,0,160,down,1,512,bounded_beam,,9,0.5760219585207067,64.0,0
mxfp4-confirm-010,0,160,down,1,512,bounded_beam,,10,0.5957213556562381,64.0,0
mxfp4-confirm-010,0,160,down,1,512,bounded_beam,,11,0.6097997665617172,64.0,0
mxfp4-confirm-010,0,160,down,1,512,bounded_beam,,12,0.6238904337091777,64.0,0
mxfp4-confirm-010,0,160,down,1,512,bounded_beam,,1,0.1893998375102781,256.0,0
mxfp4-confirm-010,0,160,down,1,512,bounded_beam,,2,0.26608572487734705,256.0,0
mxfp4-confirm-010,0,160,down,1,512,bounded_beam,,3,0.3370500102551518,256.0,0
mxfp4-confirm-010,0,160,down,1,512,bounded_beam,,4,0.39229692205025646,256.0,0
mxfp4-confirm-010,0,160,down,1,512,bounded_beam,,5,0.4403176746494504,256.0,0
mxfp4-confirm-010,0,160,down,1,512,bounded_beam,,6,0.48327986178086846,256.0,0
mxfp4-confirm-010,0,160,down,1,512,bounded_beam,,7,0.519476020535821,256.0,0
mxfp4-confirm-010,0,160,down,1,512,bounded_beam,,8,0.5509052159851593,256.0,0
mxfp4-confirm-010,0,160,down,1,512,bounded_beam,,9,0.5760219588519705,256.0,0
mxfp4-confirm-010,0,160,down,1,512,bounded_beam,,10,0.5957213565188744,256.0,0
mxfp4-confirm-010,0,160,down,1,512,bounded_beam,,11,0.6097997683771921,256.0,0
mxfp4-confirm-010,0,160,down,1,512,bounded_beam,,12,0.6238904337091777,256.0,0
mxfp4-confirm-010,0,160,down,2,512,bounded_beam,,1,0.23122121612083524,16.0,0
mxfp4-confirm-010,0,160,down,2,512,bounded_beam,,2,0.30107900301000035,16.0,0
mxfp4-confirm-010,0,160,down,2,512,bounded_beam,,3,0.36559983991434275,16.0,0
mxfp4-confirm-010,0,160,down,2,512,bounded_beam,,4,0.42458426149399486,16.0,0
mxfp4-confirm-010,0,160,down,2,512,bounded_beam,,5,0.46812730612032527,16.0,0
mxfp4-confirm-010,0,160,down,2,512,bounded_beam,,6,0.505086305748441,16.0,0
mxfp4-confirm-010,0,160,down,2,512,bounded_beam,,7,0.5431342209097526,16.0,0
mxfp4-confirm-010,0,160,down,2,512,bounded_beam,,8,0.5716043573739333,16.0,0
mxfp4-confirm-010,0,160,down,2,512,bounded_beam,,9,0.5931640402237284,16.0,0
mxfp4-confirm-010,0,160,down,2,512,bounded_beam,,10,0.6119767779047482,16.0,0
mxfp4-confirm-010,0,160,down,2,512,bounded_beam,,11,0.6277873987923451,16.0,0
mxfp4-confirm-010,0,160,down,2,512,bounded_beam,,12,0.6430842236336363,16.0,0
mxfp4-confirm-010,0,160,down,2,512,bounded_beam,,1,0.23122121612083524,64.0,0
mxfp4-confirm-010,0,160,down,2,512,bounded_beam,,2,0.30107900301000035,64.0,0
mxfp4-confirm-010,0,160,down,2,512,bounded_beam,,3,0.36559984114195176,64.0,0
mxfp4-confirm-010,0,160,down,2,512,bounded_beam,,4,0.42458426167727925,64.0,0
mxfp4-confirm-010,0,160,down,2,512,bounded_beam,,5,0.46812730612032527,64.0,0
mxfp4-confirm-010,0,160,down,2,512,bounded_beam,,6,0.5050863054316708,64.0,0
mxfp4-confirm-010,0,160,down,2,512,bounded_beam,,7,0.543134221052483,64.0,0
mxfp4-confirm-010,0,160,down,2,512,bounded_beam,,8,0.5716043575328291,64.0,0
mxfp4-confirm-010,0,160,down,2,512,bounded_beam,,9,0.5931640401982667,64.0,0
mxfp4-confirm-010,0,160,down,2,512,bounded_beam,,10,0.6119767777095232,64.0,0
mxfp4-confirm-010,0,160,down,2,512,bounded_beam,,11,0.6277874015164884,64.0,0
mxfp4-confirm-010,0,160,down,2,512,bounded_beam,,12,0.643084225674339,64.0,0
mxfp4-confirm-010,0,160,down,2,512,bounded_beam,,1,0.23122121612083524,256.0,0
mxfp4-confirm-010,0,160,down,2,512,bounded_beam,,2,0.30107900301000035,256.0,0
mxfp4-confirm-010,0,160,down,2,512,bounded_beam,,3,0.36559984114195176,256.0,0
mxfp4-confirm-010,0,160,down,2,512,bounded_beam,,4,0.42458426167727925,256.0,0
mxfp4-confirm-010,0,160,down,2,512,bounded_beam,,5,0.46812730612032527,256.0,0
mxfp4-confirm-010,0,160,down,2,512,bounded_beam,,6,0.5050863054316708,256.0,0
mxfp4-confirm-010,0,160,down,2,512,bounded_beam,,7,0.543134221052483,256.0,0
mxfp4-confirm-010,0,160,down,2,512,bounded_beam,,8,0.5716043579654977,256.0,0
mxfp4-confirm-010,0,160,down,2,512,bounded_beam,,9,0.5931640416419875,256.0,0
mxfp4-confirm-010,0,160,down,2,512,bounded_beam,,10,0.6119767780798522,256.0,0
mxfp4-confirm-010,0,160,down,2,512,bounded_beam,,11,0.6277874033299392,256.0,0
mxfp4-confirm-010,0,160,down,2,512,bounded_beam,,12,0.6430842273932083,256.0,0
mxfp4-confirm-009,4,154,gate,1,2048,bounded_beam,,1,0.07077270276245018,16.0,0
mxfp4-confirm-009,4,154,gate,1,2048,bounded_beam,,2,0.11030268387468156,16.0,0
mxfp4-confirm-009,4,154,gate,1,2048,bounded_beam,,3,0.12723860927298336,16.0,0
mxfp4-confirm-009,4,154,gate,1,2048,bounded_beam,,4,0.14250952090241253,16.0,0
mxfp4-confirm-009,4,154,gate,1,2048,bounded_beam,,5,0.15769837212684745,16.0,0
mxfp4-confirm-009,4,154,gate,1,2048,bounded_beam,,6,0.17206290402256652,16.0,0
mxfp4-confirm-009,4,154,gate,1,2048,bounded_beam,,7,0.18286254909417132,16.0,0
mxfp4-confirm-009,4,154,gate,1,2048,bounded_beam,,8,0.1921595321673647,16.0,0
mxfp4-confirm-009,4,154,gate,1,2048,bounded_beam,,9,0.2014069970956489,16.0,0
mxfp4-confirm-009,4,154,gate,1,2048,bounded_beam,,10,0.20986488612792598,16.0,0
mxfp4-confirm-009,4,154,gate,1,2048,bounded_beam,,11,0.21750063959193144,16.0,0
mxfp4-confirm-009,4,154,gate,1,2048,bounded_beam,,12,0.2244666546982802,16.0,0
mxfp4-confirm-009,4,154,gate,1,2048,bounded_beam,,1,0.07077270276245018,64.0,0
mxfp4-confirm-009,4,154,gate,1,2048,bounded_beam,,2,0.11030268387468156,64.0,0
mxfp4-confirm-009,4,154,gate,1,2048,bounded_beam,,3,0.12723860927298336,64.0,0
mxfp4-confirm-009,4,154,gate,1,2048,bounded_beam,,4,0.14250952090241253,64.0,0
mxfp4-confirm-009,4,154,gate,1,2048,bounded_beam,,5,0.15769837212684745,64.0,0
mxfp4-confirm-009,4,154,gate,1,2048,bounded_beam,,6,0.17206290402256652,64.0,0
mxfp4-confirm-009,4,154,gate,1,2048,bounded_beam,,7,0.18286254909417132,64.0,0
mxfp4-confirm-009,4,154,gate,1,2048,bounded_beam,,8,0.1921595321673647,64.0,0
mxfp4-confirm-009,4,154,gate,1,2048,bounded_beam,,9,0.20140699735717493,64.0,0
mxfp4-confirm-009,4,154,gate,1,2048,bounded_beam,,10,0.20986488636849876,64.0,0
mxfp4-confirm-009,4,154,gate,1,2048,bounded_beam,,11,0.21750063959193144,64.0,0
mxfp4-confirm-009,4,154,gate,1,2048,bounded_beam,,12,0.2244666546982802,64.0,0
mxfp4-confirm-009,4,154,gate,1,2048,bounded_beam,,1,0.07077270276245018,256.0,0
mxfp4-confirm-009,4,154,gate,1,2048,bounded_beam,,2,0.11030268387468156,256.0,0
mxfp4-confirm-009,4,154,gate,1,2048,bounded_beam,,3,0.12723860927298336,256.0,0
mxfp4-confirm-009,4,154,gate,1,2048,bounded_beam,,4,0.14250952090241253,256.0,0
mxfp4-confirm-009,4,154,gate,1,2048,bounded_beam,,5,0.15769837212684745,256.0,0
mxfp4-confirm-009,4,154,gate,1,2048,bounded_beam,,6,0.1720629041864099,256.0,0
mxfp4-confirm-009,4,154,gate,1,2048,bounded_beam,,7,0.18286254909417132,256.0,0
mxfp4-confirm-009,4,154,gate,1,2048,bounded_beam,,8,0.1921595321673647,256.0,0
mxfp4-confirm-009,4,154,gate,1,2048,bounded_beam,,9,0.20140699735717493,256.0,0
mxfp4-confirm-009,4,154,gate,1,2048,bounded_beam,,10,0.20986488636849876,256.0,0
mxfp4-confirm-009,4,154,gate,1,2048,bounded_beam,,11,0.21750064024005722,256.0,0
mxfp4-confirm-009,4,154,gate,1,2048,bounded_beam,,12,0.22446665531880394,256.0,0
mxfp4-confirm-009,4,154,gate,2,2048,bounded_beam,,1,0.03758231808381507,16.0,0
mxfp4-confirm-009,4,154,gate,2,2048,bounded_beam,,2,0.07125536339694649,16.0,0
mxfp4-confirm-009,4,154,gate,2,2048,bounded_beam,,3,0.08896984857294055,16.0,0
mxfp4-confirm-009,4,154,gate,2,2048,bounded_beam,,4,0.10441167576830801,16.0,0
mxfp4-confirm-009,4,154,gate,2,2048,bounded_beam,,5,0.12020663044923396,16.0,0
mxfp4-confirm-009,4,154,gate,2,2048,bounded_beam,,6,0.13304569046957215,16.0,0
mxfp4-confirm-009,4,154,gate,2,2048,bounded_beam,,7,0.1451556817111287,16.0,0
mxfp4-confirm-009,4,154,gate,2,2048,bounded_beam,,8,0.15699834631610032,16.0,0
mxfp4-confirm-009,4,154,gate,2,2048,bounded_beam,,9,0.16785746371218513,16.0,0
mxfp4-confirm-009,4,154,gate,2,2048,bounded_beam,,10,0.17798707926759672,16.0,0
mxfp4-confirm-009,4,154,gate,2,2048,bounded_beam,,11,0.1872087700104491,16.0,0
mxfp4-confirm-009,4,154,gate,2,2048,bounded_beam,,12,0.1946781768704241,16.0,0
mxfp4-confirm-009,4,154,gate,2,2048,bounded_beam,,1,0.03758231808381507,64.0,0
mxfp4-confirm-009,4,154,gate,2,2048,bounded_beam,,2,0.07125536339694649,64.0,0
mxfp4-confirm-009,4,154,gate,2,2048,bounded_beam,,3,0.08896984857294055,64.0,0
mxfp4-confirm-009,4,154,gate,2,2048,bounded_beam,,4,0.10441167576830801,64.0,0
mxfp4-confirm-009,4,154,gate,2,2048,bounded_beam,,5,0.12020663044923396,64.0,0
mxfp4-confirm-009,4,154,gate,2,2048,bounded_beam,,6,0.13304569046957215,64.0,0
mxfp4-confirm-009,4,154,gate,2,2048,bounded_beam,,7,0.14515568173616566,64.0,0
mxfp4-confirm-009,4,154,gate,2,2048,bounded_beam,,8,0.15699834633069298,64.0,0
mxfp4-confirm-009,4,154,gate,2,2048,bounded_beam,,9,0.16785746371218513,64.0,0
mxfp4-confirm-009,4,154,gate,2,2048,bounded_beam,,10,0.17798707949752457,64.0,0
mxfp4-confirm-009,4,154,gate,2,2048,bounded_beam,,11,0.18720877024037696,64.0,0
mxfp4-confirm-009,4,154,gate,2,2048,bounded_beam,,12,0.19467817710035185,64.0,0
mxfp4-confirm-009,4,154,gate,2,2048,bounded_beam,,1,0.03758231808381507,256.0,0
mxfp4-confirm-009,4,154,gate,2,2048,bounded_beam,,2,0.07125536339694649,256.0,0
mxfp4-confirm-009,4,154,gate,2,2048,bounded_beam,,3,0.08896984857294055,256.0,0
mxfp4-confirm-009,4,154,gate,2,2048,bounded_beam,,4,0.10441167576830801,256.0,0
mxfp4-confirm-009,4,154,gate,2,2048,bounded_beam,,5,0.12020663044923396,256.0,0
mxfp4-confirm-009,4,154,gate,2,2048,bounded_beam,,6,0.13304569047387216,256.0,0
mxfp4-confirm-009,4,154,gate,2,2048,bounded_beam,,7,0.14515568173616566,256.0,0
mxfp4-confirm-009,4,154,gate,2,2048,bounded_beam,,8,0.15699834633069298,256.0,0
mxfp4-confirm-009,4,154,gate,2,2048,bounded_beam,,9,0.16785746371218513,256.0,0
mxfp4-confirm-009,4,154,gate,2,2048,bounded_beam,,10,0.17798707949752457,256.0,0
mxfp4-confirm-009,4,154,gate,2,2048,bounded_beam,,11,0.18720877024037696,256.0,0
mxfp4-confirm-009,4,154,gate,2,2048,bounded_beam,,12,0.19467817710035185,256.0,0
mxfp4-confirm-009,4,154,up,1,2048,bounded_beam,,1,0.0289493101206022,16.0,0
mxfp4-confirm-009,4,154,up,1,2048,bounded_beam,,2,0.047512779500703095,16.0,0
mxfp4-confirm-009,4,154,up,1,2048,bounded_beam,,3,0.05947475625729526,16.0,0
mxfp4-confirm-009,4,154,up,1,2048,bounded_beam,,4,0.07127885354575181,16.0,0
mxfp4-confirm-009,4,154,up,1,2048,bounded_beam,,5,0.08238076539718109,16.0,0
mxfp4-confirm-009,4,154,up,1,2048,bounded_beam,,6,0.09168948465660143,16.0,0
mxfp4-confirm-009,4,154,up,1,2048,bounded_beam,,7,0.10082190166944649,16.0,0
mxfp4-confirm-009,4,154,up,1,2048,bounded_beam,,8,0.10927488320266787,16.0,0
mxfp4-confirm-009,4,154,up,1,2048,bounded_beam,,9,0.11781672266294374,16.0,0
mxfp4-confirm-009,4,154,up,1,2048,bounded_beam,,10,0.12596263206520864,16.0,0
mxfp4-confirm-009,4,154,up,1,2048,bounded_beam,,11,0.13422309460632076,16.0,0
mxfp4-confirm-009,4,154,up,1,2048,bounded_beam,,12,0.141923862862397,16.0,0
mxfp4-confirm-009,4,154,up,1,2048,bounded_beam,,1,0.0289493101206022,64.0,0
mxfp4-confirm-009,4,154,up,1,2048,bounded_beam,,2,0.047512779500703095,64.0,0
mxfp4-confirm-009,4,154,up,1,2048,bounded_beam,,3,0.05947475625729526,64.0,0
mxfp4-confirm-009,4,154,up,1,2048,bounded_beam,,4,0.07127885354575181,64.0,0
mxfp4-confirm-009,4,154,up,1,2048,bounded_beam,,5,0.08238076539718109,64.0,0
mxfp4-confirm-009,4,154,up,1,2048,bounded_beam,,6,0.09168948465660143,64.0,0
mxfp4-confirm-009,4,154,up,1,2048,bounded_beam,,7,0.1008219025631264,64.0,0
mxfp4-confirm-009,4,154,up,1,2048,bounded_beam,,8,0.10927488320266787,64.0,0
mxfp4-confirm-009,4,154,up,1,2048,bounded_beam,,9,0.11781672464190229,64.0,0
mxfp4-confirm-009,4,154,up,1,2048,bounded_beam,,10,0.12596263376294559,64.0,0
mxfp4-confirm-009,4,154,up,1,2048,bounded_beam,,11,0.1342230966110909,64.0,0
mxfp4-confirm-009,4,154,up,1,2048,bounded_beam,,12,0.14192386543464908,64.0,0
mxfp4-confirm-009,4,154,up,1,2048,bounded_beam,,1,0.0289493101206022,256.0,0
mxfp4-confirm-009,4,154,up,1,2048,bounded_beam,,2,0.047512779500703095,256.0,0
mxfp4-confirm-009,4,154,up,1,2048,bounded_beam,,3,0.05947475625729526,256.0,0
mxfp4-confirm-009,4,154,up,1,2048,bounded_beam,,4,0.07127885354575181,256.0,0
mxfp4-confirm-009,4,154,up,1,2048,bounded_beam,,5,0.08238076539718109,256.0,0
mxfp4-confirm-009,4,154,up,1,2048,bounded_beam,,6,0.09168948465660143,256.0,0
mxfp4-confirm-009,4,154,up,1,2048,bounded_beam,,7,0.10082190363596877,256.0,0
mxfp4-confirm-009,4,154,up,1,2048,bounded_beam,,8,0.10927488396888019,256.0,0
mxfp4-confirm-009,4,154,up,1,2048,bounded_beam,,9,0.11781672483868677,256.0,0
mxfp4-confirm-009,4,154,up,1,2048,bounded_beam,,10,0.12596263477135095,256.0,0
mxfp4-confirm-009,4,154,up,1,2048,bounded_beam,,11,0.13422309724274506,256.0,0
mxfp4-confirm-009,4,154,up,1,2048,bounded_beam,,12,0.14192386607018792,256.0,0
mxfp4-confirm-009,4,154,up,2,2048,bounded_beam,,1,0.03838857685210573,16.0,0
mxfp4-confirm-009,4,154,up,2,2048,bounded_beam,,2,0.053191755412298036,16.0,0
mxfp4-confirm-009,4,154,up,2,2048,bounded_beam,,3,0.06769320897682585,16.0,0
mxfp4-confirm-009,4,154,up,2,2048,bounded_beam,,4,0.08229382375527838,16.0,0
mxfp4-confirm-009,4,154,up,2,2048,bounded_beam,,5,0.09495139898942462,16.0,0
mxfp4-confirm-009,4,154,up,2,2048,bounded_beam,,6,0.10627700684424368,16.0,0
mxfp4-confirm-009,4,154,up,2,2048,bounded_beam,,7,0.11691018242844109,16.0,0
mxfp4-confirm-009,4,154,up,2,2048,bounded_beam,,8,0.1267785830476854,16.0,0
mxfp4-confirm-009,4,154,up,2,2048,bounded_beam,,9,0.13629282328053238,16.0,0
mxfp4-confirm-009,4,154,up,2,2048,bounded_beam,,10,0.14405977793367608,16.0,0
mxfp4-confirm-009,4,154,up,2,2048,bounded_beam,,11,0.15137507818176843,16.0,0
mxfp4-confirm-009,4,154,up,2,2048,bounded_beam,,12,0.15937446371762565,16.0,0
mxfp4-confirm-009,4,154,up,2,2048,bounded_beam,,1,0.03838857685210573,64.0,0
mxfp4-confirm-009,4,154,up,2,2048,bounded_beam,,2,0.053191755412298036,64.0,0
mxfp4-confirm-009,4,154,up,2,2048,bounded_beam,,3,0.06769320897682585,64.0,0
mxfp4-confirm-009,4,154,up,2,2048,bounded_beam,,4,0.08229382375527838,64.0,0
mxfp4-confirm-009,4,154,up,2,2048,bounded_beam,,5,0.09495139898942462,64.0,0
mxfp4-confirm-009,4,154,up,2,2048,bounded_beam,,6,0.10627700684424368,64.0,0
mxfp4-confirm-009,4,154,up,2,2048,bounded_beam,,7,0.11691018242844109,64.0,0
mxfp4-confirm-009,4,154,up,2,2048,bounded_beam,,8,0.1267785830476854,64.0,0
mxfp4-confirm-009,4,154,up,2,2048,bounded_beam,,9,0.13629282328053238,64.0,0
mxfp4-confirm-009,4,154,up,2,2048,bounded_beam,,10,0.14405977802007186,64.0,0
mxfp4-confirm-009,4,154,up,2,2048,bounded_beam,,11,0.1513750787134842,64.0,0
mxfp4-confirm-009,4,154,up,2,2048,bounded_beam,,12,0.15937446422898238,64.0,0
mxfp4-confirm-009,4,154,up,2,2048,bounded_beam,,1,0.03838857685210573,256.0,0
mxfp4-confirm-009,4,154,up,2,2048,bounded_beam,,2,0.053191755412298036,256.0,0
mxfp4-confirm-009,4,154,up,2,2048,bounded_beam,,3,0.06769320897682585,256.0,0
mxfp4-confirm-009,4,154,up,2,2048,bounded_beam,,4,0.08229382375527838,256.0,0
mxfp4-confirm-009,4,154,up,2,2048,bounded_beam,,5,0.09495139898942462,256.0,0
mxfp4-confirm-009,4,154,up,2,2048,bounded_beam,,6,0.10627700684424368,256.0,0
mxfp4-confirm-009,4,154,up,2,2048,bounded_beam,,7,0.11691018242844109,256.0,0
mxfp4-confirm-009,4,154,up,2,2048,bounded_beam,,8,0.1267785830476854,256.0,0
mxfp4-confirm-009,4,154,up,2,2048,bounded_beam,,9,0.13629282328053238,256.0,0
mxfp4-confirm-009,4,154,up,2,2048,bounded_beam,,10,0.14405977802007186,256.0,0
mxfp4-confirm-009,4,154,up,2,2048,bounded_beam,,11,0.15137508005861278,256.0,0
mxfp4-confirm-009,4,154,up,2,2048,bounded_beam,,12,0.15937446564444702,256.0,0
mxfp4-confirm-009,4,154,down,1,512,bounded_beam,,1,0.04478987214759744,16.0,0
mxfp4-confirm-009,4,154,down,1,512,bounded_beam,,2,0.08013890745379992,16.0,0
mxfp4-confirm-009,4,154,down,1,512,bounded_beam,,3,0.11429684311255517,16.0,0
mxfp4-confirm-009,4,154,down,1,512,bounded_beam,,4,0.14703364092204985,16.0,0
mxfp4-confirm-009,4,154,down,1,512,bounded_beam,,5,0.17341945954112992,16.0,0
mxfp4-confirm-009,4,154,down,1,512,bounded_beam,,6,0.1974911243069567,16.0,0
mxfp4-confirm-009,4,154,down,1,512,bounded_beam,,7,0.21868185451984823,16.0,0
mxfp4-confirm-009,4,154,down,1,512,bounded_beam,,8,0.2393429985269816,16.0,0
mxfp4-confirm-009,4,154,down,1,512,bounded_beam,,9,0.2591758112041195,16.0,0
mxfp4-confirm-009,4,154,down,1,512,bounded_beam,,10,0.2777797984146172,16.0,0
mxfp4-confirm-009,4,154,down,1,512,bounded_beam,,11,0.295696296677327,16.0,0
mxfp4-confirm-009,4,154,down,1,512,bounded_beam,,12,0.31257221750088016,16.0,0
mxfp4-confirm-009,4,154,down,1,512,bounded_beam,,1,0.04478987214759744,64.0,0
mxfp4-confirm-009,4,154,down,1,512,bounded_beam,,2,0.08013890745379992,64.0,0
mxfp4-confirm-009,4,154,down,1,512,bounded_beam,,3,0.11429684311255517,64.0,0
mxfp4-confirm-009,4,154,down,1,512,bounded_beam,,4,0.14703364092204985,64.0,0
mxfp4-confirm-009,4,154,down,1,512,bounded_beam,,5,0.17341945954112992,64.0,0
mxfp4-confirm-009,4,154,down,1,512,bounded_beam,,6,0.1974911243069567,64.0,0
mxfp4-confirm-009,4,154,down,1,512,bounded_beam,,7,0.21868185451984823,64.0,0
mxfp4-confirm-009,4,154,down,1,512,bounded_beam,,8,0.2393429985269816,64.0,0
mxfp4-confirm-009,4,154,down,1,512,bounded_beam,,9,0.2591758146350277,64.0,0
mxfp4-confirm-009,4,154,down,1,512,bounded_beam,,10,0.27777980084409193,64.0,0
mxfp4-confirm-009,4,154,down,1,512,bounded_beam,,11,0.29569629875547787,64.0,0
mxfp4-confirm-009,4,154,down,1,512,bounded_beam,,12,0.31257221771035903,64.0,0
mxfp4-confirm-009,4,154,down,1,512,bounded_beam,,1,0.04478987214759744,256.0,0
mxfp4-confirm-009,4,154,down,1,512,bounded_beam,,2,0.08013890745379992,256.0,0
mxfp4-confirm-009,4,154,down,1,512,bounded_beam,,3,0.11429684311255517,256.0,0
mxfp4-confirm-009,4,154,down,1,512,bounded_beam,,4,0.14703364092204985,256.0,0
mxfp4-confirm-009,4,154,down,1,512,bounded_beam,,5,0.17341945954112992,256.0,0
mxfp4-confirm-009,4,154,down,1,512,bounded_beam,,6,0.1974911243069567,256.0,0
mxfp4-confirm-009,4,154,down,1,512,bounded_beam,,7,0.21868185451984823,256.0,0
mxfp4-confirm-009,4,154,down,1,512,bounded_beam,,8,0.23934299953210014,256.0,0
mxfp4-confirm-009,4,154,down,1,512,bounded_beam,,9,0.2591758178595306,256.0,0
mxfp4-confirm-009,4,154,down,1,512,bounded_beam,,10,0.2777798052323269,256.0,0
mxfp4-confirm-009,4,154,down,1,512,bounded_beam,,11,0.295696304331585,256.0,0
mxfp4-confirm-009,4,154,down,1,512,bounded_beam,,12,0.31257222129196727,256.0,0
mxfp4-confirm-009,4,154,down,2,512,bounded_beam,,1,0.05966756007536256,16.0,0
mxfp4-confirm-009,4,154,down,2,512,bounded_beam,,2,0.09864226639917495,16.0,0
mxfp4-confirm-009,4,154,down,2,512,bounded_beam,,3,0.13631975155003428,16.0,0
mxfp4-confirm-009,4,154,down,2,512,bounded_beam,,4,0.17020437982506675,16.0,0
mxfp4-confirm-009,4,154,down,2,512,bounded_beam,,5,0.20137979722426902,16.0,0
mxfp4-confirm-009,4,154,down,2,512,bounded_beam,,6,0.2267697128321713,16.0,0
mxfp4-confirm-009,4,154,down,2,512,bounded_beam,,7,0.2499466894242851,16.0,0
mxfp4-confirm-009,4,154,down,2,512,bounded_beam,,8,0.26834837640147613,16.0,0
mxfp4-confirm-009,4,154,down,2,512,bounded_beam,,9,0.28800305638650614,16.0,0
mxfp4-confirm-009,4,154,down,2,512,bounded_beam,,10,0.30535539090188457,16.0,0
mxfp4-confirm-009,4,154,down,2,512,bounded_beam,,11,0.3212334676660309,16.0,0
mxfp4-confirm-009,4,154,down,2,512,bounded_beam,,12,0.3354671022603801,16.0,0
mxfp4-confirm-009,4,154,down,2,512,bounded_beam,,1,0.05966756007536256,64.0,0
mxfp4-confirm-009,4,154,down,2,512,bounded_beam,,2,0.09864226639917495,64.0,0
mxfp4-confirm-009,4,154,down,2,512,bounded_beam,,3,0.13631975155003428,64.0,0
mxfp4-confirm-009,4,154,down,2,512,bounded_beam,,4,0.17020438088784928,64.0,0
mxfp4-confirm-009,4,154,down,2,512,bounded_beam,,5,0.201379799146566,64.0,0
mxfp4-confirm-009,4,154,down,2,512,bounded_beam,,6,0.22676971624756492,64.0,0
mxfp4-confirm-009,4,154,down,2,512,bounded_beam,,7,0.24994669147826332,64.0,0
mxfp4-confirm-009,4,154,down,2,512,bounded_beam,,8,0.2683483783447076,64.0,0
mxfp4-confirm-009,4,154,down,2,512,bounded_beam,,9,0.28800305805657134,64.0,0
mxfp4-confirm-009,4,154,down,2,512,bounded_beam,,10,0.30535539518809895,64.0,0
mxfp4-confirm-009,4,154,down,2,512,bounded_beam,,11,0.32123347041622363,64.0,0
mxfp4-confirm-009,4,154,down,2,512,bounded_beam,,12,0.3354671037965188,64.0,0
mxfp4-confirm-009,4,154,down,2,512,bounded_beam,,1,0.05966756007536256,256.0,0
mxfp4-confirm-009,4,154,down,2,512,bounded_beam,,2,0.09864226639917495,256.0,0
mxfp4-confirm-009,4,154,down,2,512,bounded_beam,,3,0.13631975155003428,256.0,0
mxfp4-confirm-009,4,154,down,2,512,bounded_beam,,4,0.17020438088784928,256.0,0
mxfp4-confirm-009,4,154,down,2,512,bounded_beam,,5,0.201379799146566,256.0,0
mxfp4-confirm-009,4,154,down,2,512,bounded_beam,,6,0.22676971624756492,256.0,0
mxfp4-confirm-009,4,154,down,2,512,bounded_beam,,7,0.24994669147826332,256.0,0
mxfp4-confirm-009,4,154,down,2,512,bounded_beam,,8,0.2683483783447076,256.0,0
mxfp4-confirm-009,4,154,down,2,512,bounded_beam,,9,0.28800305942703797,256.0,0
mxfp4-confirm-009,4,154,down,2,512,bounded_beam,,10,0.3053553951318324,256.0,0
mxfp4-confirm-009,4,154,down,2,512,bounded_beam,,11,0.32123347097416277,256.0,0
mxfp4-confirm-009,4,154,down,2,512,bounded_beam,,12,0.3354671049367217,256.0,0
mxfp4-confirm-009,20,251,gate,1,2048,bounded_beam,,1,0.04202278456075703,16.0,0
mxfp4-confirm-009,20,251,gate,1,2048,bounded_beam,,2,0.07158309897096271,16.0,0
mxfp4-confirm-009,20,251,gate,1,2048,bounded_beam,,3,0.0874555036568847,16.0,0
mxfp4-confirm-009,20,251,gate,1,2048,bounded_beam,,4,0.1032345401771747,16.0,0
mxfp4-confirm-009,20,251,gate,1,2048,bounded_beam,,5,0.11735012118604904,16.0,0
mxfp4-confirm-009,20,251,gate,1,2048,bounded_beam,,6,0.13220219670486877,16.0,0
mxfp4-confirm-009,20,251,gate,1,2048,bounded_beam,,7,0.14686292822997582,16.0,0
mxfp4-confirm-009,20,251,gate,1,2048,bounded_beam,,8,0.1600989158347519,16.0,0
mxfp4-confirm-009,20,251,gate,1,2048,bounded_beam,,9,0.17230883170082978,16.0,0
mxfp4-confirm-009,20,251,gate,1,2048,bounded_beam,,10,0.18345420224537323,16.0,0
mxfp4-confirm-009,20,251,gate,1,2048,bounded_beam,,11,0.19430477381923672,16.0,0
mxfp4-confirm-009,20,251,gate,1,2048,bounded_beam,,12,0.20367830858666447,16.0,0
mxfp4-confirm-009,20,251,gate,1,2048,bounded_beam,,1,0.04202278456075703,64.0,0
mxfp4-confirm-009,20,251,gate,1,2048,bounded_beam,,2,0.07158309897096271,64.0,0
mxfp4-confirm-009,20,251,gate,1,2048,bounded_beam,,3,0.0874555036568847,64.0,0
mxfp4-confirm-009,20,251,gate,1,2048,bounded_beam,,4,0.1032345401771747,64.0,0
mxfp4-confirm-009,20,251,gate,1,2048,bounded_beam,,5,0.11735012118604904,64.0,0
mxfp4-confirm-009,20,251,gate,1,2048,bounded_beam,,6,0.13220219670486877,64.0,0
mxfp4-confirm-009,20,251,gate,1,2048,bounded_beam,,7,0.14686292822997582,64.0,0
mxfp4-confirm-009,20,251,gate,1,2048,bounded_beam,,8,0.1600989158347519,64.0,0
mxfp4-confirm-009,20,251,gate,1,2048,bounded_beam,,9,0.17230883170082978,64.0,0
mxfp4-confirm-009,20,251,gate,1,2048,bounded_beam,,10,0.18345420224537323,64.0,0
mxfp4-confirm-009,20,251,gate,1,2048,bounded_beam,,11,0.19430477381923672,64.0,0
mxfp4-confirm-009,20,251,gate,1,2048,bounded_beam,,12,0.20367830858666447,64.0,0
mxfp4-confirm-009,20,251,gate,1,2048,bounded_beam,,1,0.04202278456075703,256.0,0
mxfp4-confirm-009,20,251,gate,1,2048,bounded_beam,,2,0.07158309897096271,256.0,0
mxfp4-confirm-009,20,251,gate,1,2048,bounded_beam,,3,0.0874555036568847,256.0,0
mxfp4-confirm-009,20,251,gate,1,2048,bounded_beam,,4,0.1032345401771747,256.0,0
mxfp4-confirm-009,20,251,gate,1,2048,bounded_beam,,5,0.11735012118604904,256.0,0
mxfp4-confirm-009,20,251,gate,1,2048,bounded_beam,,6,0.13220219670486877,256.0,0
mxfp4-confirm-009,20,251,gate,1,2048,bounded_beam,,7,0.14686292822997582,256.0,0
mxfp4-confirm-009,20,251,gate,1,2048,bounded_beam,,8,0.1600989158347519,256.0,0
mxfp4-confirm-009,20,251,gate,1,2048,bounded_beam,,9,0.17230883170082978,256.0,0
mxfp4-confirm-009,20,251,gate,1,2048,bounded_beam,,10,0.18345420224537323,256.0,0
mxfp4-confirm-009,20,251,gate,1,2048,bounded_beam,,11,0.19430477381923672,256.0,0
mxfp4-confirm-009,20,251,gate,1,2048,bounded_beam,,12,0.20367830858666447,256.0,0
mxfp4-confirm-009,20,251,gate,2,2048,bounded_beam,,1,0.08461194938896432,16.0,0
mxfp4-confirm-009,20,251,gate,2,2048,bounded_beam,,2,0.11964504316255442,16.0,0
mxfp4-confirm-009,20,251,gate,2,2048,bounded_beam,,3,0.14700955092667778,16.0,0
mxfp4-confirm-009,20,251,gate,2,2048,bounded_beam,,4,0.17239836572362466,16.0,0
mxfp4-confirm-009,20,251,gate,2,2048,bounded_beam,,5,0.19561527787063193,16.0,0
mxfp4-confirm-009,20,251,gate,2,2048,bounded_beam,,6,0.212481162952745,16.0,0
mxfp4-confirm-009,20,251,gate,2,2048,bounded_beam,,7,0.22708980849939875,16.0,0
mxfp4-confirm-009,20,251,gate,2,2048,bounded_beam,,8,0.24137050714189112,16.0,0
mxfp4-confirm-009,20,251,gate,2,2048,bounded_beam,,9,0.2552647380895874,16.0,0
mxfp4-confirm-009,20,251,gate,2,2048,bounded_beam,,10,0.2677425679649027,16.0,0
mxfp4-confirm-009,20,251,gate,2,2048,bounded_beam,,11,0.2792173164990329,16.0,0
mxfp4-confirm-009,20,251,gate,2,2048,bounded_beam,,12,0.2893011260627698,16.0,0
mxfp4-confirm-009,20,251,gate,2,2048,bounded_beam,,1,0.08461194938896432,64.0,0
mxfp4-confirm-009,20,251,gate,2,2048,bounded_beam,,2,0.11964504316255442,64.0,0
mxfp4-confirm-009,20,251,gate,2,2048,bounded_beam,,3,0.14700955092667778,64.0,0
mxfp4-confirm-009,20,251,gate,2,2048,bounded_beam,,4,0.17239836572362466,64.0,0
mxfp4-confirm-009,20,251,gate,2,2048,bounded_beam,,5,0.19561527787063193,64.0,0
mxfp4-confirm-009,20,251,gate,2,2048,bounded_beam,,6,0.212481162952745,64.0,0
mxfp4-confirm-009,20,251,gate,2,2048,bounded_beam,,7,0.22708980849939875,64.0,0
mxfp4-confirm-009,20,251,gate,2,2048,bounded_beam,,8,0.24137050714189112,64.0,0
mxfp4-confirm-009,20,251,gate,2,2048,bounded_beam,,9,0.2552647380895874,64.0,0
mxfp4-confirm-009,20,251,gate,2,2048,bounded_beam,,10,0.2677425679649027,64.0,0
mxfp4-confirm-009,20,251,gate,2,2048,bounded_beam,,11,0.2792173164990329,64.0,0
mxfp4-confirm-009,20,251,gate,2,2048,bounded_beam,,12,0.2893011260627698,64.0,0
mxfp4-confirm-009,20,251,gate,2,2048,bounded_beam,,1,0.08461194938896432,256.0,0
mxfp4-confirm-009,20,251,gate,2,2048,bounded_beam,,2,0.11964504316255442,256.0,0
mxfp4-confirm-009,20,251,gate,2,2048,bounded_beam,,3,0.14700955092667778,256.0,0
mxfp4-confirm-009,20,251,gate,2,2048,bounded_beam,,4,0.17239836572362466,256.0,0
mxfp4-confirm-009,20,251,gate,2,2048,bounded_beam,,5,0.19561527787063193,256.0,0
mxfp4-confirm-009,20,251,gate,2,2048,bounded_beam,,6,0.212481162952745,256.0,0
mxfp4-confirm-009,20,251,gate,2,2048,bounded_beam,,7,0.22708980849939875,256.0,0
mxfp4-confirm-009,20,251,gate,2,2048,bounded_beam,,8,0.24137050714189112,256.0,0
mxfp4-confirm-009,20,251,gate,2,2048,bounded_beam,,9,0.2552647380895874,256.0,0
mxfp4-confirm-009,20,251,gate,2,2048,bounded_beam,,10,0.2677425679649027,256.0,0
mxfp4-confirm-009,20,251,gate,2,2048,bounded_beam,,11,0.2792173164990329,256.0,0
mxfp4-confirm-009,20,251,gate,2,2048,bounded_beam,,12,0.2893011260627698,256.0,0
mxfp4-confirm-009,20,251,up,1,2048,bounded_beam,,1,0.014633821744916342,16.0,0
mxfp4-confirm-009,20,251,up,1,2048,bounded_beam,,2,0.028061132611503004,16.0,0
mxfp4-confirm-009,20,251,up,1,2048,bounded_beam,,3,0.04128877879465631,16.0,0
mxfp4-confirm-009,20,251,up,1,2048,bounded_beam,,4,0.05419209810963821,16.0,0
mxfp4-confirm-009,20,251,up,1,2048,bounded_beam,,5,0.06556987612308907,16.0,0
mxfp4-confirm-009,20,251,up,1,2048,bounded_beam,,6,0.07653192347306992,16.0,0
mxfp4-confirm-009,20,251,up,1,2048,bounded_beam,,7,0.08629257279444502,16.0,0
mxfp4-confirm-009,20,251,up,1,2048,bounded_beam,,8,0.09473225493706461,16.0,0
mxfp4-confirm-009,20,251,up,1,2048,bounded_beam,,9,0.10313321140064713,16.0,0
mxfp4-confirm-009,20,251,up,1,2048,bounded_beam,,10,0.11115397045538333,16.0,0
mxfp4-confirm-009,20,251,up,1,2048,bounded_beam,,11,0.11893565578098042,16.0,0
mxfp4-confirm-009,20,251,up,1,2048,bounded_beam,,12,0.1265406027922512,16.0,0
mxfp4-confirm-009,20,251,up,1,2048,bounded_beam,,1,0.014633821744916342,64.0,0
mxfp4-confirm-009,20,251,up,1,2048,bounded_beam,,2,0.028061132611503004,64.0,0
mxfp4-confirm-009,20,251,up,1,2048,bounded_beam,,3,0.04128877879465631,64.0,0
mxfp4-confirm-009,20,251,up,1,2048,bounded_beam,,4,0.05419209810963821,64.0,0
mxfp4-confirm-009,20,251,up,1,2048,bounded_beam,,5,0.06556987612308907,64.0,0
mxfp4-confirm-009,20,251,up,1,2048,bounded_beam,,6,0.07653192347306992,64.0,0
mxfp4-confirm-009,20,251,up,1,2048,bounded_beam,,7,0.08629257377944466,64.0,0
mxfp4-confirm-009,20,251,up,1,2048,bounded_beam,,8,0.09473225532406337,64.0,0
mxfp4-confirm-009,20,251,up,1,2048,bounded_beam,,9,0.10313321292045474,64.0,0
mxfp4-confirm-009,20,251,up,1,2048,bounded_beam,,10,0.11115397094683377,64.0,0
mxfp4-confirm-009,20,251,up,1,2048,bounded_beam,,11,0.11893565590777622,64.0,0
mxfp4-confirm-009,20,251,up,1,2048,bounded_beam,,12,0.12654060300298198,64.0,0
mxfp4-confirm-009,20,251,up,1,2048,bounded_beam,,1,0.014633821744916342,256.0,0
mxfp4-confirm-009,20,251,up,1,2048,bounded_beam,,2,0.028061132611503004,256.0,0
mxfp4-confirm-009,20,251,up,1,2048,bounded_beam,,3,0.04128877879465631,256.0,0
mxfp4-confirm-009,20,251,up,1,2048,bounded_beam,,4,0.05419209810963821,256.0,0
mxfp4-confirm-009,20,251,up,1,2048,bounded_beam,,5,0.06556987612308907,256.0,0
mxfp4-confirm-009,20,251,up,1,2048,bounded_beam,,6,0.07653192347306992,256.0,0
mxfp4-confirm-009,20,251,up,1,2048,bounded_beam,,7,0.08629257377944466,256.0,0
mxfp4-confirm-009,20,251,up,1,2048,bounded_beam,,8,0.0947322560911883,256.0,0
mxfp4-confirm-009,20,251,up,1,2048,bounded_beam,,9,0.10313321292045474,256.0,0
mxfp4-confirm-009,20,251,up,1,2048,bounded_beam,,10,0.11115397162918084,256.0,0
mxfp4-confirm-009,20,251,up,1,2048,bounded_beam,,11,0.11893565657218907,256.0,0
mxfp4-confirm-009,20,251,up,1,2048,bounded_beam,,12,0.1265406043537468,256.0,0
mxfp4-confirm-009,20,251,up,2,2048,bounded_beam,,1,0.016596269815148057,16.0,0
mxfp4-confirm-009,20,251,up,2,2048,bounded_beam,,2,0.03102686841862945,16.0,0
mxfp4-confirm-009,20,251,up,2,2048,bounded_beam,,3,0.04434746915662535,16.0,0
mxfp4-confirm-009,20,251,up,2,2048,bounded_beam,,4,0.05778133945520281,16.0,0
mxfp4-confirm-009,20,251,up,2,2048,bounded_beam,,5,0.0681643183454147,16.0,0
mxfp4-confirm-009,20,251,up,2,2048,bounded_beam,,6,0.07525053897176537,16.0,0
mxfp4-confirm-009,20,251,up,2,2048,bounded_beam,,7,0.0815688376064182,16.0,0
mxfp4-confirm-009,20,251,up,2,2048,bounded_beam,,8,0.0878027535539595,16.0,0
mxfp4-confirm-009,20,251,up,2,2048,bounded_beam,,9,0.09359445617851281,16.0,0
mxfp4-confirm-009,20,251,up,2,2048,bounded_beam,,10,0.09952843419310653,16.0,0
mxfp4-confirm-009,20,251,up,2,2048,bounded_beam,,11,0.10459508829828712,16.0,0
mxfp4-confirm-009,20,251,up,2,2048,bounded_beam,,12,0.10939921759220039,16.0,0
mxfp4-confirm-009,20,251,up,2,2048,bounded_beam,,1,0.016596269815148057,64.0,0
mxfp4-confirm-009,20,251,up,2,2048,bounded_beam,,2,0.03102686841862945,64.0,0
mxfp4-confirm-009,20,251,up,2,2048,bounded_beam,,3,0.04434746915662535,64.0,0
mxfp4-confirm-009,20,251,up,2,2048,bounded_beam,,4,0.05778133945520281,64.0,0
mxfp4-confirm-009,20,251,up,2,2048,bounded_beam,,5,0.0681643183454147,64.0,0
mxfp4-confirm-009,20,251,up,2,2048,bounded_beam,,6,0.07525053897176537,64.0,0
mxfp4-confirm-009,20,251,up,2,2048,bounded_beam,,7,0.08156883834315753,64.0,0
mxfp4-confirm-009,20,251,up,2,2048,bounded_beam,,8,0.08780275454855369,64.0,0
mxfp4-confirm-009,20,251,up,2,2048,bounded_beam,,9,0.09359445720016124,64.0,0
mxfp4-confirm-009,20,251,up,2,2048,bounded_beam,,10,0.0995284370481766,64.0,0
mxfp4-confirm-009,20,251,up,2,2048,bounded_beam,,11,0.10459509150023572,64.0,0
mxfp4-confirm-009,20,251,up,2,2048,bounded_beam,,12,0.10939922080423525,64.0,0
mxfp4-confirm-009,20,251,up,2,2048,bounded_beam,,1,0.016596269815148057,256.0,0
mxfp4-confirm-009,20,251,up,2,2048,bounded_beam,,2,0.03102686841862945,256.0,0
mxfp4-confirm-009,20,251,up,2,2048,bounded_beam,,3,0.04434746915662535,256.0,0
mxfp4-confirm-009,20,251,up,2,2048,bounded_beam,,4,0.05778133945520281,256.0,0
mxfp4-confirm-009,20,251,up,2,2048,bounded_beam,,5,0.0681643183454147,256.0,0
mxfp4-confirm-009,20,251,up,2,2048,bounded_beam,,6,0.07525053897176537,256.0,0
mxfp4-confirm-009,20,251,up,2,2048,bounded_beam,,7,0.08156883843148832,256.0,0
mxfp4-confirm-009,20,251,up,2,2048,bounded_beam,,8,0.08780275454855369,256.0,0
mxfp4-confirm-009,20,251,up,2,2048,bounded_beam,,9,0.09359445720846304,256.0,0
mxfp4-confirm-009,20,251,up,2,2048,bounded_beam,,10,0.09952843714818993,256.0,0
mxfp4-confirm-009,20,251,up,2,2048,bounded_beam,,11,0.10459509162421154,256.0,0
mxfp4-confirm-009,20,251,up,2,2048,bounded_beam,,12,0.10939922099515043,256.0,0
mxfp4-confirm-009,20,251,down,1,512,bounded_beam,,1,0.09754971955428782,16.0,0
mxfp4-confirm-009,20,251,down,1,512,bounded_beam,,2,0.15636786080955323,16.0,0
mxfp4-confirm-009,20,251,down,1,512,bounded_beam,,3,0.1962176475926154,16.0,0
mxfp4-confirm-009,20,251,down,1,512,bounded_beam,,4,0.2332646607432426,16.0,0
mxfp4-confirm-009,20,251,down,1,512,bounded_beam,,5,0.2590373934385167,16.0,0
mxfp4-confirm-009,20,251,down,1,512,bounded_beam,,6,0.2858089157618193,16.0,0
mxfp4-confirm-009,20,251,down,1,512,bounded_beam,,7,0.3084892927334647,16.0,0
mxfp4-confirm-009,20,251,down,1,512,bounded_beam,,8,0.32948897089415796,16.0,0
mxfp4-confirm-009,20,251,down,1,512,bounded_beam,,9,0.3495357314280271,16.0,0
mxfp4-confirm-009,20,251,down,1,512,bounded_beam,,10,0.36868593794348514,16.0,0
mxfp4-confirm-009,20,251,down,1,512,bounded_beam,,11,0.3871219633673584,16.0,0
mxfp4-confirm-009,20,251,down,1,512,bounded_beam,,12,0.40125058579105644,16.0,0
mxfp4-confirm-009,20,251,down,1,512,bounded_beam,,1,0.09754971955428782,64.0,0
mxfp4-confirm-009,20,251,down,1,512,bounded_beam,,2,0.15636786080955323,64.0,0
mxfp4-confirm-009,20,251,down,1,512,bounded_beam,,3,0.1962176475926154,64.0,0
mxfp4-confirm-009,20,251,down,1,512,bounded_beam,,4,0.2332646607432426,64.0,0
mxfp4-confirm-009,20,251,down,1,512,bounded_beam,,5,0.2590373934385167,64.0,0
mxfp4-confirm-009,20,251,down,1,512,bounded_beam,,6,0.2858089157618193,64.0,0
mxfp4-confirm-009,20,251,down,1,512,bounded_beam,,7,0.30848929331502084,64.0,0
mxfp4-confirm-009,20,251,down,1,512,bounded_beam,,8,0.32948897193133997,64.0,0
mxfp4-confirm-009,20,251,down,1,512,bounded_beam,,9,0.34953573280566874,64.0,0
mxfp4-confirm-009,20,251,down,1,512,bounded_beam,,10,0.3686859396468527,64.0,0
mxfp4-confirm-009,20,251,down,1,512,bounded_beam,,11,0.38712196555753275,64.0,0
mxfp4-confirm-009,20,251,down,1,512,bounded_beam,,12,0.4012505899457053,64.0,0
mxfp4-confirm-009,20,251,down,1,512,bounded_beam,,1,0.09754971955428782,256.0,0
mxfp4-confirm-009,20,251,down,1,512,bounded_beam,,2,0.15636786080955323,256.0,0
mxfp4-confirm-009,20,251,down,1,512,bounded_beam,,3,0.1962176475926154,256.0,0
mxfp4-confirm-009,20,251,down,1,512,bounded_beam,,4,0.2332646607432426,256.0,0
mxfp4-confirm-009,20,251,down,1,512,bounded_beam,,5,0.2590373934385167,256.0,0
mxfp4-confirm-009,20,251,down,1,512,bounded_beam,,6,0.2858089157618193,256.0,0
mxfp4-confirm-009,20,251,down,1,512,bounded_beam,,7,0.30848929331502084,256.0,0
mxfp4-confirm-009,20,251,down,1,512,bounded_beam,,8,0.32948897238743513,256.0,0
mxfp4-confirm-009,20,251,down,1,512,bounded_beam,,9,0.349535733430702,256.0,0
mxfp4-confirm-009,20,251,down,1,512,bounded_beam,,10,0.36868594177001013,256.0,0
mxfp4-confirm-009,20,251,down,1,512,bounded_beam,,11,0.387121967276264,256.0,0
mxfp4-confirm-009,20,251,down,1,512,bounded_beam,,12,0.40125059274458874,256.0,0
mxfp4-confirm-009,20,251,down,2,512,bounded_beam,,1,0.0932162829934805,16.0,0
mxfp4-confirm-009,20,251,down,2,512,bounded_beam,,2,0.16185192248013602,16.0,0
mxfp4-confirm-009,20,251,down,2,512,bounded_beam,,3,0.1908732603433122,16.0,0
mxfp4-confirm-009,20,251,down,2,512,bounded_beam,,4,0.2175025397907604,16.0,0
mxfp4-confirm-009,20,251,down,2,512,bounded_beam,,5,0.24421369607310628,16.0,0
mxfp4-confirm-009,20,251,down,2,512,bounded_beam,,6,0.2702517145108434,16.0,0
mxfp4-confirm-009,20,251,down,2,512,bounded_beam,,7,0.2943752090820958,16.0,0
mxfp4-confirm-009,20,251,down,2,512,bounded_beam,,8,0.3169600161039495,16.0,0
mxfp4-confirm-009,20,251,down,2,512,bounded_beam,,9,0.33525599965213015,16.0,0
mxfp4-confirm-009,20,251,down,2,512,bounded_beam,,10,0.35355409439064167,16.0,0
mxfp4-confirm-009,20,251,down,2,512,bounded_beam,,11,0.372766300764113,16.0,0
mxfp4-confirm-009,20,251,down,2,512,bounded_beam,,12,0.3894322680604809,16.0,0
mxfp4-confirm-009,20,251,down,2,512,bounded_beam,,1,0.0932162829934805,64.0,0
mxfp4-confirm-009,20,251,down,2,512,bounded_beam,,2,0.16185192248013602,64.0,0
mxfp4-confirm-009,20,251,down,2,512,bounded_beam,,3,0.1908732603433122,64.0,0
mxfp4-confirm-009,20,251,down,2,512,bounded_beam,,4,0.2175025397907604,64.0,0
mxfp4-confirm-009,20,251,down,2,512,bounded_beam,,5,0.24421369607310628,64.0,0
mxfp4-confirm-009,20,251,down,2,512,bounded_beam,,6,0.2702517145108434,64.0,0
mxfp4-confirm-009,20,251,down,2,512,bounded_beam,,7,0.2943752110099367,64.0,0
mxfp4-confirm-009,20,251,down,2,512,bounded_beam,,8,0.3169600198430452,64.0,0
mxfp4-confirm-009,20,251,down,2,512,bounded_beam,,9,0.3352560022936908,64.0,0
mxfp4-confirm-009,20,251,down,2,512,bounded_beam,,10,0.3535540959319311,64.0,0
mxfp4-confirm-009,20,251,down,2,512,bounded_beam,,11,0.3727663041470589,64.0,0
mxfp4-confirm-009,20,251,down,2,512,bounded_beam,,12,0.38943227134156055,64.0,0
mxfp4-confirm-009,20,251,down,2,512,bounded_beam,,1,0.0932162829934805,256.0,0
mxfp4-confirm-009,20,251,down,2,512,bounded_beam,,2,0.16185192248013602,256.0,0
mxfp4-confirm-009,20,251,down,2,512,bounded_beam,,3,0.1908732603433122,256.0,0
mxfp4-confirm-009,20,251,down,2,512,bounded_beam,,4,0.2175025397907604,256.0,0
mxfp4-confirm-009,20,251,down,2,512,bounded_beam,,5,0.24421369607310628,256.0,0
mxfp4-confirm-009,20,251,down,2,512,bounded_beam,,6,0.2702517145108434,256.0,0
mxfp4-confirm-009,20,251,down,2,512,bounded_beam,,7,0.2943752110099367,256.0,0
mxfp4-confirm-009,20,251,down,2,512,bounded_beam,,8,0.3169600198430452,256.0,0
mxfp4-confirm-009,20,251,down,2,512,bounded_beam,,9,0.3352560022936908,256.0,0
mxfp4-confirm-009,20,251,down,2,512,bounded_beam,,10,0.3535540979190954,256.0,0
mxfp4-confirm-009,20,251,down,2,512,bounded_beam,,11,0.3727663047965666,256.0,0
mxfp4-confirm-009,20,251,down,2,512,bounded_beam,,12,0.3894322724405891,256.0,0
mxfp4-confirm-009,39,231,gate,1,2048,bounded_beam,,1,0.051611473815219355,16.0,0
mxfp4-confirm-009,39,231,gate,1,2048,bounded_beam,,2,0.08550536234723827,16.0,0
mxfp4-confirm-009,39,231,gate,1,2048,bounded_beam,,3,0.11621806774502252,16.0,0
mxfp4-confirm-009,39,231,gate,1,2048,bounded_beam,,4,0.1443394694472423,16.0,0
mxfp4-confirm-009,39,231,gate,1,2048,bounded_beam,,5,0.17082734077151296,16.0,0
mxfp4-confirm-009,39,231,gate,1,2048,bounded_beam,,6,0.19448546798406374,16.0,0
mxfp4-confirm-009,39,231,gate,1,2048,bounded_beam,,7,0.2145702102632765,16.0,0
mxfp4-confirm-009,39,231,gate,1,2048,bounded_beam,,8,0.23216429151320273,16.0,0
mxfp4-confirm-009,39,231,gate,1,2048,bounded_beam,,9,0.2480564262542274,16.0,0
mxfp4-confirm-009,39,231,gate,1,2048,bounded_beam,,10,0.26438878110693,16.0,0
mxfp4-confirm-009,39,231,gate,1,2048,bounded_beam,,11,0.28003720993104686,16.0,0
mxfp4-confirm-009,39,231,gate,1,2048,bounded_beam,,12,0.2955590898955801,16.0,0
mxfp4-confirm-009,39,231,gate,1,2048,bounded_beam,,1,0.051611473815219355,64.0,0
mxfp4-confirm-009,39,231,gate,1,2048,bounded_beam,,2,0.08550536234723827,64.0,0
mxfp4-confirm-009,39,231,gate,1,2048,bounded_beam,,3,0.11621806774502252,64.0,0
mxfp4-confirm-009,39,231,gate,1,2048,bounded_beam,,4,0.1443394694472423,64.0,0
mxfp4-confirm-009,39,231,gate,1,2048,bounded_beam,,5,0.17082734077151296,64.0,0
mxfp4-confirm-009,39,231,gate,1,2048,bounded_beam,,6,0.19448546798406374,64.0,0
mxfp4-confirm-009,39,231,gate,1,2048,bounded_beam,,7,0.2145702102632765,64.0,0
mxfp4-confirm-009,39,231,gate,1,2048,bounded_beam,,8,0.23216429151320273,64.0,0
mxfp4-confirm-009,39,231,gate,1,2048,bounded_beam,,9,0.2480564262542274,64.0,0
mxfp4-confirm-009,39,231,gate,1,2048,bounded_beam,,10,0.26438878110693,64.0,0
mxfp4-confirm-009,39,231,gate,1,2048,bounded_beam,,11,0.28003720993104686,64.0,0
mxfp4-confirm-009,39,231,gate,1,2048,bounded_beam,,12,0.2955590898955801,64.0,0
mxfp4-confirm-009,39,231,gate,1,2048,bounded_beam,,1,0.051611473815219355,256.0,0
mxfp4-confirm-009,39,231,gate,1,2048,bounded_beam,,2,0.08550536234723827,256.0,0
mxfp4-confirm-009,39,231,gate,1,2048,bounded_beam,,3,0.11621806774502252,256.0,0
mxfp4-confirm-009,39,231,gate,1,2048,bounded_beam,,4,0.1443394694472423,256.0,0
mxfp4-confirm-009,39,231,gate,1,2048,bounded_beam,,5,0.17082734077151296,256.0,0
mxfp4-confirm-009,39,231,gate,1,2048,bounded_beam,,6,0.19448546798406374,256.0,0
mxfp4-confirm-009,39,231,gate,1,2048,bounded_beam,,7,0.2145702102632765,256.0,0
mxfp4-confirm-009,39,231,gate,1,2048,bounded_beam,,8,0.23216429151320273,256.0,0
mxfp4-confirm-009,39,231,gate,1,2048,bounded_beam,,9,0.2480564262542274,256.0,0
mxfp4-confirm-009,39,231,gate,1,2048,bounded_beam,,10,0.26438878110693,256.0,0
mxfp4-confirm-009,39,231,gate,1,2048,bounded_beam,,11,0.28003720993104686,256.0,0
mxfp4-confirm-009,39,231,gate,1,2048,bounded_beam,,12,0.2955590898955801,256.0,0
mxfp4-confirm-009,39,231,gate,2,2048,bounded_beam,,1,0.09499596125027021,16.0,0
mxfp4-confirm-009,39,231,gate,2,2048,bounded_beam,,2,0.17492743817228062,16.0,0
mxfp4-confirm-009,39,231,gate,2,2048,bounded_beam,,3,0.22831377585847146,16.0,0
mxfp4-confirm-009,39,231,gate,2,2048,bounded_beam,,4,0.27197662747849516,16.0,0
mxfp4-confirm-009,39,231,gate,2,2048,bounded_beam,,5,0.3127296690797231,16.0,0
mxfp4-confirm-009,39,231,gate,2,2048,bounded_beam,,6,0.3497623953903406,16.0,0
mxfp4-confirm-009,39,231,gate,2,2048,bounded_beam,,7,0.3827023405296982,16.0,0
mxfp4-confirm-009,39,231,gate,2,2048,bounded_beam,,8,0.41392244551874613,16.0,0
mxfp4-confirm-009,39,231,gate,2,2048,bounded_beam,,9,0.44329211846607675,16.0,0
mxfp4-confirm-009,39,231,gate,2,2048,bounded_beam,,10,0.47183077017498687,16.0,0
mxfp4-confirm-009,39,231,gate,2,2048,bounded_beam,,11,0.49839652875500173,16.0,0
mxfp4-confirm-009,39,231,gate,2,2048,bounded_beam,,12,0.5173285340727872,16.0,0
mxfp4-confirm-009,39,231,gate,2,2048,bounded_beam,,1,0.09499596125027021,64.0,0
mxfp4-confirm-009,39,231,gate,2,2048,bounded_beam,,2,0.17492743817228062,64.0,0
mxfp4-confirm-009,39,231,gate,2,2048,bounded_beam,,3,0.22831377585847146,64.0,0
mxfp4-confirm-009,39,231,gate,2,2048,bounded_beam,,4,0.27197662747849516,64.0,0
mxfp4-confirm-009,39,231,gate,2,2048,bounded_beam,,5,0.3127296690797231,64.0,0
mxfp4-confirm-009,39,231,gate,2,2048,bounded_beam,,6,0.3497623953903406,64.0,0
mxfp4-confirm-009,39,231,gate,2,2048,bounded_beam,,7,0.3827023405296982,64.0,0
mxfp4-confirm-009,39,231,gate,2,2048,bounded_beam,,8,0.41392244551874613,64.0,0
mxfp4-confirm-009,39,231,gate,2,2048,bounded_beam,,9,0.44329211846607675,64.0,0
mxfp4-confirm-009,39,231,gate,2,2048,bounded_beam,,10,0.47183077017498687,64.0,0
mxfp4-confirm-009,39,231,gate,2,2048,bounded_beam,,11,0.49839652875500173,64.0,0
mxfp4-confirm-009,39,231,gate,2,2048,bounded_beam,,12,0.5173285349129128,64.0,0
mxfp4-confirm-009,39,231,gate,2,2048,bounded_beam,,1,0.09499596125027021,256.0,0
mxfp4-confirm-009,39,231,gate,2,2048,bounded_beam,,2,0.17492743817228062,256.0,0
mxfp4-confirm-009,39,231,gate,2,2048,bounded_beam,,3,0.22831377585847146,256.0,0
mxfp4-confirm-009,39,231,gate,2,2048,bounded_beam,,4,0.27197662747849516,256.0,0
mxfp4-confirm-009,39,231,gate,2,2048,bounded_beam,,5,0.3127296690797231,256.0,0
mxfp4-confirm-009,39,231,gate,2,2048,bounded_beam,,6,0.3497623953903406,256.0,0
mxfp4-confirm-009,39,231,gate,2,2048,bounded_beam,,7,0.3827023405296982,256.0,0
mxfp4-confirm-009,39,231,gate,2,2048,bounded_beam,,8,0.41392244551874613,256.0,0
mxfp4-confirm-009,39,231,gate,2,2048,bounded_beam,,9,0.44329211846607675,256.0,0
mxfp4-confirm-009,39,231,gate,2,2048,bounded_beam,,10,0.47183077017498687,256.0,0
mxfp4-confirm-009,39,231,gate,2,2048,bounded_beam,,11,0.49839652875500173,256.0,0
mxfp4-confirm-009,39,231,gate,2,2048,bounded_beam,,12,0.5173285349129128,256.0,0
mxfp4-confirm-009,39,231,up,1,2048,bounded_beam,,1,0.02736920366208251,16.0,0
mxfp4-confirm-009,39,231,up,1,2048,bounded_beam,,2,0.05472368814660267,16.0,0
mxfp4-confirm-009,39,231,up,1,2048,bounded_beam,,3,0.07945013609315865,16.0,0
mxfp4-confirm-009,39,231,up,1,2048,bounded_beam,,4,0.0966380572597666,16.0,0
mxfp4-confirm-009,39,231,up,1,2048,bounded_beam,,5,0.11325066379773097,16.0,0
mxfp4-confirm-009,39,231,up,1,2048,bounded_beam,,6,0.12875461767420981,16.0,0
mxfp4-confirm-009,39,231,up,1,2048,bounded_beam,,7,0.14356922670857142,16.0,0
mxfp4-confirm-009,39,231,up,1,2048,bounded_beam,,8,0.1574905330114026,16.0,0
mxfp4-confirm-009,39,231,up,1,2048,bounded_beam,,9,0.17016480982590887,16.0,0
mxfp4-confirm-009,39,231,up,1,2048,bounded_beam,,10,0.18237697259422225,16.0,0
mxfp4-confirm-009,39,231,up,1,2048,bounded_beam,,11,0.194385494142141,16.0,0
mxfp4-confirm-009,39,231,up,1,2048,bounded_beam,,12,0.2054848212009417,16.0,0
mxfp4-confirm-009,39,231,up,1,2048,bounded_beam,,1,0.02736920366208251,64.0,0
mxfp4-confirm-009,39,231,up,1,2048,bounded_beam,,2,0.05472368814660267,64.0,0
mxfp4-confirm-009,39,231,up,1,2048,bounded_beam,,3,0.07945013609315865,64.0,0
mxfp4-confirm-009,39,231,up,1,2048,bounded_beam,,4,0.0966380572597666,64.0,0
mxfp4-confirm-009,39,231,up,1,2048,bounded_beam,,5,0.11325066379773097,64.0,0
mxfp4-confirm-009,39,231,up,1,2048,bounded_beam,,6,0.12875461771671903,64.0,0
mxfp4-confirm-009,39,231,up,1,2048,bounded_beam,,7,0.14356922706332786,64.0,0
mxfp4-confirm-009,39,231,up,1,2048,bounded_beam,,8,0.1574905330114026,64.0,0
mxfp4-confirm-009,39,231,up,1,2048,bounded_beam,,9,0.17016480982590887,64.0,0
mxfp4-confirm-009,39,231,up,1,2048,bounded_beam,,10,0.18237697259422225,64.0,0
mxfp4-confirm-009,39,231,up,1,2048,bounded_beam,,11,0.19438549575308595,64.0,0
mxfp4-confirm-009,39,231,up,1,2048,bounded_beam,,12,0.20548482129561285,64.0,0
mxfp4-confirm-009,39,231,up,1,2048,bounded_beam,,1,0.02736920366208251,256.0,0
mxfp4-confirm-009,39,231,up,1,2048,bounded_beam,,2,0.05472368814660267,256.0,0
mxfp4-confirm-009,39,231,up,1,2048,bounded_beam,,3,0.07945013609315865,256.0,0
mxfp4-confirm-009,39,231,up,1,2048,bounded_beam,,4,0.0966380572597666,256.0,0
mxfp4-confirm-009,39,231,up,1,2048,bounded_beam,,5,0.11325066379773097,256.0,0
mxfp4-confirm-009,39,231,up,1,2048,bounded_beam,,6,0.12875461771671903,256.0,0
mxfp4-confirm-009,39,231,up,1,2048,bounded_beam,,7,0.14356922706332786,256.0,0
mxfp4-confirm-009,39,231,up,1,2048,bounded_beam,,8,0.1574905331254356,256.0,0
mxfp4-confirm-009,39,231,up,1,2048,bounded_beam,,9,0.17016481014912355,256.0,0
mxfp4-confirm-009,39,231,up,1,2048,bounded_beam,,10,0.18237697281231657,256.0,0
mxfp4-confirm-009,39,231,up,1,2048,bounded_beam,,11,0.1943854954256199,256.0,0
mxfp4-confirm-009,39,231,up,1,2048,bounded_beam,,12,0.20548482128571488,256.0,0
mxfp4-confirm-009,39,231,up,2,2048,bounded_beam,,1,0.038576864893262064,16.0,0
mxfp4-confirm-009,39,231,up,2,2048,bounded_beam,,2,0.06472252804575251,16.0,0
mxfp4-confirm-009,39,231,up,2,2048,bounded_beam,,3,0.08298255585877545,16.0,0
mxfp4-confirm-009,39,231,up,2,2048,bounded_beam,,4,0.09906137538223148,16.0,0
mxfp4-confirm-009,39,231,up,2,2048,bounded_beam,,5,0.11468634742058714,16.0,0
mxfp4-confirm-009,39,231,up,2,2048,bounded_beam,,6,0.12965579408239092,16.0,0
mxfp4-confirm-009,39,231,up,2,2048,bounded_beam,,7,0.1444897804979215,16.0,0
mxfp4-confirm-009,39,231,up,2,2048,bounded_beam,,8,0.1577470403015856,16.0,0
mxfp4-confirm-009,39,231,up,2,2048,bounded_beam,,9,0.17074045263026638,16.0,0
mxfp4-confirm-009,39,231,up,2,2048,bounded_beam,,10,0.18290525527486867,16.0,0
mxfp4-confirm-009,39,231,up,2,2048,bounded_beam,,11,0.19449711381378398,16.0,0
mxfp4-confirm-009,39,231,up,2,2048,bounded_beam,,12,0.204978723866032,16.0,0
mxfp4-confirm-009,39,231,up,2,2048,bounded_beam,,1,0.038576864893262064,64.0,0
mxfp4-confirm-009,39,231,up,2,2048,bounded_beam,,2,0.06472252804575251,64.0,0
mxfp4-confirm-009,39,231,up,2,2048,bounded_beam,,3,0.08298255585877545,64.0,0
mxfp4-confirm-009,39,231,up,2,2048,bounded_beam,,4,0.09906137538223148,64.0,0
mxfp4-confirm-009,39,231,up,2,2048,bounded_beam,,5,0.11468634742058714,64.0,0
mxfp4-confirm-009,39,231,up,2,2048,bounded_beam,,6,0.12965579536259053,64.0,0
mxfp4-confirm-009,39,231,up,2,2048,bounded_beam,,7,0.14448978136183488,64.0,0
mxfp4-confirm-009,39,231,up,2,2048,bounded_beam,,8,0.1577470411159565,64.0,0
mxfp4-confirm-009,39,231,up,2,2048,bounded_beam,,9,0.1707404529686708,64.0,0
mxfp4-confirm-009,39,231,up,2,2048,bounded_beam,,10,0.1829052577073782,64.0,0
mxfp4-confirm-009,39,231,up,2,2048,bounded_beam,,11,0.19449711626178978,64.0,0
mxfp4-confirm-009,39,231,up,2,2048,bounded_beam,,12,0.2049787263919507,64.0,0
mxfp4-confirm-009,39,231,up,2,2048,bounded_beam,,1,0.038576864893262064,256.0,0
mxfp4-confirm-009,39,231,up,2,2048,bounded_beam,,2,0.06472252804575251,256.0,0
mxfp4-confirm-009,39,231,up,2,2048,bounded_beam,,3,0.08298255585877545,256.0,0
mxfp4-confirm-009,39,231,up,2,2048,bounded_beam,,4,0.09906137538223148,256.0,0
mxfp4-confirm-009,39,231,up,2,2048,bounded_beam,,5,0.11468634742058714,256.0,0
mxfp4-confirm-009,39,231,up,2,2048,bounded_beam,,6,0.12965579536259053,256.0,0
mxfp4-confirm-009,39,231,up,2,2048,bounded_beam,,7,0.14448978136183488,256.0,0
mxfp4-confirm-009,39,231,up,2,2048,bounded_beam,,8,0.1577470411159565,256.0,0
mxfp4-confirm-009,39,231,up,2,2048,bounded_beam,,9,0.17074045296686913,256.0,0
mxfp4-confirm-009,39,231,up,2,2048,bounded_beam,,10,0.18290525861480367,256.0,0
mxfp4-confirm-009,39,231,up,2,2048,bounded_beam,,11,0.1944971174094714,256.0,0
mxfp4-confirm-009,39,231,up,2,2048,bounded_beam,,12,0.20497872758416458,256.0,0
mxfp4-confirm-009,39,231,down,1,512,bounded_beam,,1,0.3803943976941301,16.0,0
mxfp4-confirm-009,39,231,down,1,512,bounded_beam,,2,0.4167590064326834,16.0,0
mxfp4-confirm-009,39,231,down,1,512,bounded_beam,,3,0.4550098786418303,16.0,0
mxfp4-confirm-009,39,231,down,1,512,bounded_beam,,4,0.48223676990229125,16.0,0
mxfp4-confirm-009,39,231,down,1,512,bounded_beam,,5,0.5077626316820691,16.0,0
mxfp4-confirm-009,39,231,down,1,512,bounded_beam,,6,0.530722701003817,16.0,0
mxfp4-confirm-009,39,231,down,1,512,bounded_beam,,7,0.5475499212453414,16.0,0
mxfp4-confirm-009,39,231,down,1,512,bounded_beam,,8,0.5656210559851416,16.0,0
mxfp4-confirm-009,39,231,down,1,512,bounded_beam,,9,0.5831439449512841,16.0,0
mxfp4-confirm-009,39,231,down,1,512,bounded_beam,,10,0.599791132925233,16.0,0
mxfp4-confirm-009,39,231,down,1,512,bounded_beam,,11,0.6147532102093547,16.0,0
mxfp4-confirm-009,39,231,down,1,512,bounded_beam,,12,0.6299107465206293,16.0,0
mxfp4-confirm-009,39,231,down,1,512,bounded_beam,,1,0.3803943976941301,64.0,0
mxfp4-confirm-009,39,231,down,1,512,bounded_beam,,2,0.4167590064326834,64.0,0
mxfp4-confirm-009,39,231,down,1,512,bounded_beam,,3,0.4550098800471093,64.0,0
mxfp4-confirm-009,39,231,down,1,512,bounded_beam,,4,0.48223676987854147,64.0,0
mxfp4-confirm-009,39,231,down,1,512,bounded_beam,,5,0.5077626318073708,64.0,0
mxfp4-confirm-009,39,231,down,1,512,bounded_beam,,6,0.5307227010932757,64.0,0
mxfp4-confirm-009,39,231,down,1,512,bounded_beam,,7,0.5475499216297781,64.0,0
mxfp4-confirm-009,39,231,down,1,512,bounded_beam,,8,0.5656210572645687,64.0,0
mxfp4-confirm-009,39,231,down,1,512,bounded_beam,,9,0.5831439474468157,64.0,0
mxfp4-confirm-009,39,231,down,1,512,bounded_beam,,10,0.5997911343701632,64.0,0
mxfp4-confirm-009,39,231,down,1,512,bounded_beam,,11,0.6147532116348253,64.0,0
mxfp4-confirm-009,39,231,down,1,512,bounded_beam,,12,0.6299107464330802,64.0,0
mxfp4-confirm-009,39,231,down,1,512,bounded_beam,,1,0.3803943976941301,256.0,0
mxfp4-confirm-009,39,231,down,1,512,bounded_beam,,2,0.4167590064326834,256.0,0
mxfp4-confirm-009,39,231,down,1,512,bounded_beam,,3,0.4550098800471093,256.0,0
mxfp4-confirm-009,39,231,down,1,512,bounded_beam,,4,0.48223676987854147,256.0,0
mxfp4-confirm-009,39,231,down,1,512,bounded_beam,,5,0.5077626318073708,256.0,0
mxfp4-confirm-009,39,231,down,1,512,bounded_beam,,6,0.5307227010932757,256.0,0
mxfp4-confirm-009,39,231,down,1,512,bounded_beam,,7,0.5475499220144543,256.0,0
mxfp4-confirm-009,39,231,down,1,512,bounded_beam,,8,0.5656210597570166,256.0,0
mxfp4-confirm-009,39,231,down,1,512,bounded_beam,,9,0.5831439474468157,256.0,0
mxfp4-confirm-009,39,231,down,1,512,bounded_beam,,10,0.5997911345180553,256.0,0
mxfp4-confirm-009,39,231,down,1,512,bounded_beam,,11,0.6147532109715175,256.0,0
mxfp4-confirm-009,39,231,down,1,512,bounded_beam,,12,0.6299107464330802,256.0,0
mxfp4-confirm-009,39,231,down,2,512,bounded_beam,,1,0.3355882893656309,16.0,0
mxfp4-confirm-009,39,231,down,2,512,bounded_beam,,2,0.3935750041494003,16.0,0
mxfp4-confirm-009,39,231,down,2,512,bounded_beam,,3,0.44830141147891944,16.0,0
mxfp4-confirm-009,39,231,down,2,512,bounded_beam,,4,0.4767611443781259,16.0,0
mxfp4-confirm-009,39,231,down,2,512,bounded_beam,,5,0.5030740268049159,16.0,0
mxfp4-confirm-009,39,231,down,2,512,bounded_beam,,6,0.5276403473176537,16.0,0
mxfp4-confirm-009,39,231,down,2,512,bounded_beam,,7,0.5497082121669008,16.0,0
mxfp4-confirm-009,39,231,down,2,512,bounded_beam,,8,0.5690460140318416,16.0,0
mxfp4-confirm-009,39,231,down,2,512,bounded_beam,,9,0.589605668857658,16.0,0
mxfp4-confirm-009,39,231,down,2,512,bounded_beam,,10,0.6046830337371627,16.0,0
mxfp4-confirm-009,39,231,down,2,512,bounded_beam,,11,0.6181287571128578,16.0,0
mxfp4-confirm-009,39,231,down,2,512,bounded_beam,,12,0.6304714918815566,16.0,0
mxfp4-confirm-009,39,231,down,2,512,bounded_beam,,1,0.3355882893656309,64.0,0
mxfp4-confirm-009,39,231,down,2,512,bounded_beam,,2,0.3935750041494003,64.0,0
mxfp4-confirm-009,39,231,down,2,512,bounded_beam,,3,0.448301414159166,64.0,0
mxfp4-confirm-009,39,231,down,2,512,bounded_beam,,4,0.47676114572700756,64.0,0
mxfp4-confirm-009,39,231,down,2,512,bounded_beam,,5,0.5030740281477997,64.0,0
mxfp4-confirm-009,39,231,down,2,512,bounded_beam,,6,0.5276403486073,64.0,0
mxfp4-confirm-009,39,231,down,2,512,bounded_beam,,7,0.5497082118976775,64.0,0
mxfp4-confirm-009,39,231,down,2,512,bounded_beam,,8,0.5690460152024733,64.0,0
mxfp4-confirm-009,39,231,down,2,512,bounded_beam,,9,0.5896056704447916,64.0,0
mxfp4-confirm-009,39,231,down,2,512,bounded_beam,,10,0.6046830363430109,64.0,0
mxfp4-confirm-009,39,231,down,2,512,bounded_beam,,11,0.618128759363456,64.0,0
mxfp4-confirm-009,39,231,down,2,512,bounded_beam,,12,0.6304714936231721,64.0,0
mxfp4-confirm-009,39,231,down,2,512,bounded_beam,,1,0.3355882893656309,256.0,0
mxfp4-confirm-009,39,231,down,2,512,bounded_beam,,2,0.3935750041494003,256.0,0
mxfp4-confirm-009,39,231,down,2,512,bounded_beam,,3,0.448301414159166,256.0,0
mxfp4-confirm-009,39,231,down,2,512,bounded_beam,,4,0.47676114572700756,256.0,0
mxfp4-confirm-009,39,231,down,2,512,bounded_beam,,5,0.5030740281477997,256.0,0
mxfp4-confirm-009,39,231,down,2,512,bounded_beam,,6,0.5276403486073,256.0,0
mxfp4-confirm-009,39,231,down,2,512,bounded_beam,,7,0.5497082118976775,256.0,0
mxfp4-confirm-009,39,231,down,2,512,bounded_beam,,8,0.5690460152024733,256.0,0
mxfp4-confirm-009,39,231,down,2,512,bounded_beam,,9,0.5896056704447916,256.0,0
mxfp4-confirm-009,39,231,down,2,512,bounded_beam,,10,0.6046830363430109,256.0,0
mxfp4-confirm-009,39,231,down,2,512,bounded_beam,,11,0.618128759761206,256.0,0
mxfp4-confirm-009,39,231,down,2,512,bounded_beam,,12,0.6304714948560113,256.0,0
