method,budget_bpw,layer,gate_physical_bpw,up_physical_bpw,down_physical_bpw,physical_bpw,recovery
independent_direct_generalized_native,0.75,0,0.0,0.0,2.0078125,0.6692708333333334,0.42915523052215576
independent_direct_generalized_native,0.75,4,0.0,0.0,0.0,0.6770833333333334,0.39160558581352234
independent_direct_generalized_native,0.75,20,0.0,0.0,0.0,0.6770833333333334,0.4114309251308441
independent_direct_generalized_native,0.75,39,0.0,0.0,2.0078125,0.6692708333333334,0.4146236479282379
independent_direct_generalized_native,1.0,0,0.0,0.0,2.0078125,0.6692708333333334,0.42915523052215576
independent_direct_generalized_native,1.0,4,0.0,0.0,0.0,0.6770833333333334,0.39160558581352234
independent_direct_generalized_native,1.0,20,0.0,0.0,0.0,0.6770833333333334,0.4114309251308441
independent_direct_generalized_native,1.0,39,0.0,0.0,2.0078125,0.6692708333333334,0.4146236479282379
independent_direct_generalized_native,1.25,0,0.0,0.0,2.0078125,0.6692708333333334,0.42915523052215576
independent_direct_generalized_native,1.25,4,0.0,0.0,0.0,0.6770833333333334,0.39160558581352234
independent_direct_generalized_native,1.25,20,0.0,0.0,0.0,0.6770833333333334,0.4114309251308441
independent_direct_generalized_native,1.25,39,0.0,0.0,2.0078125,0.6692708333333334,0.4146236479282379
independent_direct_generalized_native,1.5,0,0.0,2.03125,2.0078125,1.3463541666666667,0.7047467231750488
independent_direct_generalized_native,1.5,4,2.03125,2.03125,2.0078125,1.3463541666666667,0.66192826628685
independent_direct_generalized_native,1.5,20,0.0,2.03125,2.0078125,1.3463541666666667,0.6882681250572205
independent_direct_generalized_native,1.5,39,1.015625,0.0,2.0078125,1.3463541666666667,0.6328394412994385
independent_direct_generalized_native,2.0,0,0.0,2.03125,2.0078125,1.3463541666666667,0.7047467231750488
independent_direct_generalized_native,2.0,4,2.03125,2.03125,2.0078125,1.3463541666666667,0.66192826628685
independent_direct_generalized_native,2.0,20,0.0,2.03125,2.0078125,1.3463541666666667,0.6882681250572205
independent_direct_generalized_native,2.0,39,1.015625,0.0,2.0078125,1.3463541666666667,0.6328394412994385
independent_direct_generalized_native,2.25,0,2.03125,2.03125,2.0078125,2.0234375,0.8355413675308228
independent_direct_generalized_native,2.25,4,2.03125,2.03125,2.0078125,2.0234375,0.8454777300357819
independent_direct_generalized_native,2.25,20,2.03125,2.03125,2.0078125,2.0234375,0.8426775932312012
independent_direct_generalized_native,2.25,39,2.03125,2.03125,2.0078125,2.0234375,0.8192505836486816
independent_direct_generalized_native,3.0,0,2.03125,2.03125,4.0078125,2.6901041666666665,0.9279847145080566
independent_direct_generalized_native,3.0,4,2.03125,2.03125,4.0078125,2.6901041666666665,0.9179162979125977
independent_direct_generalized_native,3.0,20,2.03125,2.03125,2.0078125,2.6901041666666665,0.9204394817352295
independent_direct_generalized_native,3.0,39,2.03125,2.03125,4.0078125,2.6901041666666665,0.9050880074501038
independent_direct_generalized_native,4.0,0,4.03125,2.03125,4.0078125,3.3567708333333335,0.9610635638237
independent_direct_generalized_native,4.0,4,3.03125,4.03125,4.0078125,3.3567708333333335,0.9563215672969818
independent_direct_generalized_native,4.0,20,4.03125,4.03125,4.0078125,3.3567708333333335,0.9527113735675812
independent_direct_generalized_native,4.0,39,2.03125,4.03125,4.0078125,3.3567708333333335,0.9485176503658295
nested_int16_prefix_generalized_native,0.75,0,0.0,0.0,0.0,0.6770833333333334,0.29540419578552246
nested_int16_prefix_generalized_native,0.75,4,0.0,0.0,0.0,0.6692708333333334,0.08306276798248291
nested_int16_prefix_generalized_native,0.75,20,0.0,0.0,0.0,0.6692708333333334,0.0778820812702179
nested_int16_prefix_generalized_native,0.75,39,0.0,0.0,0.0,0.6770833333333334,0.1710791289806366
nested_int16_prefix_generalized_native,1.0,0,0.0,0.0,0.0,0.6770833333333334,0.29540419578552246
nested_int16_prefix_generalized_native,1.0,4,0.0,0.0,0.0,0.6692708333333334,0.08306276798248291
nested_int16_prefix_generalized_native,1.0,20,0.0,0.0,0.0,0.6692708333333334,0.0778820812702179
nested_int16_prefix_generalized_native,1.0,39,0.0,0.0,0.0,0.6770833333333334,0.1710791289806366
nested_int16_prefix_generalized_native,1.25,0,0.0,0.0,0.0,0.6770833333333334,0.29540419578552246
nested_int16_prefix_generalized_native,1.25,4,0.0,0.0,0.0,0.6692708333333334,0.08306276798248291
nested_int16_prefix_generalized_native,1.25,20,0.0,0.0,0.0,0.6692708333333334,0.0778820812702179
nested_int16_prefix_generalized_native,1.25,39,0.0,0.0,0.0,0.6770833333333334,0.1710791289806366
nested_int16_prefix_generalized_native,1.5,0,0.0,0.0,4.0078125,1.3359375,0.550584077835083
nested_int16_prefix_generalized_native,1.5,4,0.0,0.0,0.0,1.34375,0.4394644796848297
nested_int16_prefix_generalized_native,1.5,20,0.0,0.0,0.0,1.34375,0.4180045425891876
nested_int16_prefix_generalized_native,1.5,39,0.0,0.0,4.0078125,1.3359375,0.4438154399394989
nested_int16_prefix_generalized_native,2.0,0,0.0,0.0,4.0078125,1.3359375,0.550584077835083
nested_int16_prefix_generalized_native,2.0,4,0.0,0.0,0.0,1.34375,0.4394644796848297
nested_int16_prefix_generalized_native,2.0,20,0.0,0.0,0.0,1.34375,0.4180045425891876
nested_int16_prefix_generalized_native,2.0,39,0.0,0.0,4.0078125,1.3359375,0.4438154399394989
nested_int16_prefix_generalized_native,2.25,0,0.0,0.0,4.0078125,2.0130208333333335,0.6663663387298584
nested_int16_prefix_generalized_native,2.25,4,0.0,0.0,2.0078125,1.34375,0.4775019586086273
nested_int16_prefix_generalized_native,2.25,20,0.0,0.0,0.0,1.34375,0.43363523483276367
nested_int16_prefix_generalized_native,2.25,39,2.03125,0.0,4.0078125,2.0130208333333335,0.5499223470687866
nested_int16_prefix_generalized_native,3.0,0,0.0,2.03125,4.0078125,2.6796875,0.8028737902641296
nested_int16_prefix_generalized_native,3.0,4,4.03125,4.03125,4.0078125,2.6796875,0.6487302780151367
nested_int16_prefix_generalized_native,3.0,20,4.03125,4.03125,2.00390625,2.6796875,0.6495317816734314
nested_int16_prefix_generalized_native,3.0,39,4.03125,1.015625,4.0078125,2.6796875,0.6674692630767822
nested_int16_prefix_generalized_native,4.0,0,2.03125,2.03125,4.0078125,2.6796875,0.8406143188476562
nested_int16_prefix_generalized_native,4.0,4,3.03125,4.03125,4.0078125,2.6796875,0.6506072878837585
nested_int16_prefix_generalized_native,4.0,20,4.03125,4.03125,4.0078125,2.68359375,0.6527743339538574
nested_int16_prefix_generalized_native,4.0,39,2.03125,2.03125,4.0078125,3.3463541666666665,0.7465246319770813
rrq_generalized_heterogeneous,0.75,0,0.0,2.25,0.0,0.75,0.23326164484024048
rrq_generalized_heterogeneous,0.75,4,0.0,2.25,0.0,0.75,0.2892332077026367
rrq_generalized_heterogeneous,0.75,20,0.0,2.25,0.0,0.75,0.3017638325691223
rrq_generalized_heterogeneous,0.75,39,0.0,2.25,0.0,0.75,0.2435113787651062
rrq_generalized_heterogeneous,1.0,0,0.0,0.0,2.375,0.7916666666666666,0.41428083181381226
rrq_generalized_heterogeneous,1.0,4,0.0,0.0,0.0,0.7916666666666666,0.379498690366745
rrq_generalized_heterogeneous,1.0,20,0.0,0.0,0.0,0.7916666666666666,0.3887994885444641
rrq_generalized_heterogeneous,1.0,39,0.0,0.0,2.375,0.7916666666666666,0.4537767767906189
rrq_generalized_heterogeneous,1.25,0,0.0,0.0,2.375,0.7916666666666666,0.41428083181381226
rrq_generalized_heterogeneous,1.25,4,0.0,0.0,0.0,0.7916666666666666,0.379498690366745
rrq_generalized_heterogeneous,1.25,20,0.0,0.0,0.0,0.7916666666666666,0.3887994885444641
rrq_generalized_heterogeneous,1.25,39,0.0,0.0,2.375,0.7916666666666666,0.4537767767906189
rrq_generalized_heterogeneous,1.5,0,0.0,0.0,2.375,0.7916666666666666,0.41428083181381226
rrq_generalized_heterogeneous,1.5,4,0.0,0.0,0.0,0.7916666666666666,0.379498690366745
rrq_generalized_heterogeneous,1.5,20,0.0,0.0,0.0,0.7916666666666666,0.3887994885444641
rrq_generalized_heterogeneous,1.5,39,0.0,0.0,2.375,0.7916666666666666,0.4537767767906189
rrq_generalized_heterogeneous,2.0,0,0.0,0.0,2.375,1.5833333333333333,0.6917154788970947
rrq_generalized_heterogeneous,2.0,4,1.1875,2.25,2.375,1.5416666666666667,0.651446670293808
rrq_generalized_heterogeneous,2.0,20,0.0,2.25,2.375,1.5416666666666667,0.6688418090343475
rrq_generalized_heterogeneous,2.0,39,2.375,0.0,2.375,1.5833333333333333,0.693558931350708
rrq_generalized_heterogeneous,2.25,0,0.0,0.0,2.375,1.5833333333333333,0.6917154788970947
rrq_generalized_heterogeneous,2.25,4,1.1875,2.25,2.375,1.5416666666666667,0.651446670293808
rrq_generalized_heterogeneous,2.25,20,0.0,2.25,2.375,1.5416666666666667,0.6688418090343475
rrq_generalized_heterogeneous,2.25,39,2.375,0.0,2.375,1.5833333333333333,0.693558931350708
rrq_generalized_heterogeneous,3.0,0,2.375,2.25,2.375,2.3333333333333335,0.8654365539550781
rrq_generalized_heterogeneous,3.0,4,2.375,2.25,2.375,2.3333333333333335,0.8522341847419739
rrq_generalized_heterogeneous,3.0,20,2.375,2.25,2.375,2.3333333333333335,0.8560719788074493
rrq_generalized_heterogeneous,3.0,39,2.375,2.25,2.375,2.3333333333333335,0.8522275686264038
rrq_generalized_heterogeneous,4.0,0,2.375,4.625,4.75,3.9166666666666665,0.9580137133598328
rrq_generalized_heterogeneous,4.0,4,2.375,4.625,4.75,3.9166666666666665,0.9504885077476501
rrq_generalized_heterogeneous,4.0,20,4.75,4.625,2.375,3.9166666666666665,0.9534369111061096
rrq_generalized_heterogeneous,4.0,39,2.375,4.625,4.75,3.9166666666666665,0.9512175023555756
rrq_raw_heterogeneous,0.75,0,0.0,2.25,0.0,0.75,0.20902365446090698
rrq_raw_heterogeneous,0.75,4,0.0,2.25,0.0,0.75,0.2956556975841522
rrq_raw_heterogeneous,0.75,20,0.0,2.25,0.0,0.75,0.34248507022857666
rrq_raw_heterogeneous,0.75,39,0.0,2.25,0.0,0.75,0.22020459175109863
rrq_raw_heterogeneous,1.0,0,0.0,0.0,2.375,0.7916666666666666,0.40668952465057373
rrq_raw_heterogeneous,1.0,4,0.0,0.0,0.0,0.7916666666666666,0.4095506966114044
rrq_raw_heterogeneous,1.0,20,0.0,1.125,0.0,0.7708333333333333,0.39831846952438354
rrq_raw_heterogeneous,1.0,39,0.0,0.0,2.375,0.7916666666666666,0.4559682309627533
rrq_raw_heterogeneous,1.25,0,0.0,0.0,2.375,0.7916666666666666,0.40668952465057373
rrq_raw_heterogeneous,1.25,4,0.0,0.0,0.0,0.7916666666666666,0.4095506966114044
rrq_raw_heterogeneous,1.25,20,0.0,1.125,0.0,0.7708333333333333,0.39831846952438354
rrq_raw_heterogeneous,1.25,39,0.0,0.0,2.375,0.7916666666666666,0.4559682309627533
rrq_raw_heterogeneous,1.5,0,0.0,0.0,2.375,0.7916666666666666,0.40668952465057373
rrq_raw_heterogeneous,1.5,4,0.0,0.0,0.0,0.7916666666666666,0.4095506966114044
rrq_raw_heterogeneous,1.5,20,0.0,1.125,0.0,0.7708333333333333,0.39831846952438354
rrq_raw_heterogeneous,1.5,39,0.0,0.0,2.375,0.7916666666666666,0.4559682309627533
rrq_raw_heterogeneous,2.0,0,0.0,0.0,2.375,1.5833333333333333,0.6816985607147217
rrq_raw_heterogeneous,2.0,4,0.0,2.25,2.375,1.5416666666666667,0.6720243096351624
rrq_raw_heterogeneous,2.0,20,2.375,2.25,2.375,1.5416666666666667,0.6925655007362366
rrq_raw_heterogeneous,2.0,39,2.375,0.0,2.375,1.5833333333333333,0.6788826584815979
rrq_raw_heterogeneous,2.25,0,0.0,0.0,2.375,1.5833333333333333,0.6816985607147217
rrq_raw_heterogeneous,2.25,4,0.0,2.25,2.375,1.5416666666666667,0.6720243096351624
rrq_raw_heterogeneous,2.25,20,2.375,2.25,2.375,1.5416666666666667,0.6925655007362366
rrq_raw_heterogeneous,2.25,39,2.375,0.0,2.375,1.5833333333333333,0.6788826584815979
rrq_raw_heterogeneous,3.0,0,2.375,2.25,2.375,2.3333333333333335,0.8539429903030396
rrq_raw_heterogeneous,3.0,4,2.375,2.25,2.375,2.3333333333333335,0.8735833764076233
rrq_raw_heterogeneous,3.0,20,2.375,2.25,2.375,2.3333333333333335,0.9032850563526154
rrq_raw_heterogeneous,3.0,39,2.375,2.25,2.375,2.3333333333333335,0.8444966971874237
rrq_raw_heterogeneous,4.0,0,2.375,4.625,4.75,3.9166666666666665,0.9656414985656738
rrq_raw_heterogeneous,4.0,4,2.375,4.625,4.75,3.9166666666666665,0.9570825695991516
rrq_raw_heterogeneous,4.0,20,2.375,4.625,4.75,3.9166666666666665,0.9639078676700592
rrq_raw_heterogeneous,4.0,39,2.375,4.625,4.75,3.9166666666666665,0.9550670981407166
rrq_raw_heterogeneous_bf16_scales,0.75,0,0.0,2.25,0.0,0.75,0.20907795429229736
rrq_raw_heterogeneous_bf16_scales,0.75,4,0.0,2.25,0.0,0.75,0.29575294256210327
rrq_raw_heterogeneous_bf16_scales,0.75,20,0.0,2.25,0.0,0.75,0.3420426845550537
rrq_raw_heterogeneous_bf16_scales,0.75,39,0.0,2.25,0.0,0.75,0.21990647912025452
rrq_raw_heterogeneous_bf16_scales,1.0,0,0.0,0.0,2.375,0.7916666666666666,0.40672314167022705
rrq_raw_heterogeneous_bf16_scales,1.0,4,0.0,0.0,0.0,0.7916666666666666,0.40946266055107117
rrq_raw_heterogeneous_bf16_scales,1.0,20,0.0,1.125,0.0,0.7708333333333333,0.39830419421195984
rrq_raw_heterogeneous_bf16_scales,1.0,39,0.0,0.0,2.375,0.7916666666666666,0.45594093203544617
rrq_raw_heterogeneous_bf16_scales,1.25,0,0.0,0.0,2.375,0.7916666666666666,0.40672314167022705
rrq_raw_heterogeneous_bf16_scales,1.25,4,0.0,0.0,0.0,0.7916666666666666,0.40946266055107117
rrq_raw_heterogeneous_bf16_scales,1.25,20,0.0,1.125,0.0,0.7708333333333333,0.39830419421195984
rrq_raw_heterogeneous_bf16_scales,1.25,39,0.0,0.0,2.375,0.7916666666666666,0.45594093203544617
rrq_raw_heterogeneous_bf16_scales,1.5,0,0.0,0.0,2.375,0.7916666666666666,0.40672314167022705
rrq_raw_heterogeneous_bf16_scales,1.5,4,0.0,0.0,0.0,0.7916666666666666,0.40946266055107117
rrq_raw_heterogeneous_bf16_scales,1.5,20,0.0,1.125,0.0,0.7708333333333333,0.39830419421195984
rrq_raw_heterogeneous_bf16_scales,1.5,39,0.0,0.0,2.375,0.7916666666666666,0.45594093203544617
rrq_raw_heterogeneous_bf16_scales,2.0,0,0.0,0.0,2.375,1.5833333333333333,0.681679368019104
rrq_raw_heterogeneous_bf16_scales,2.0,4,0.0,2.25,2.375,1.5416666666666667,0.671892523765564
rrq_raw_heterogeneous_bf16_scales,2.0,20,2.375,2.25,2.375,1.5416666666666667,0.6925066411495209
rrq_raw_heterogeneous_bf16_scales,2.0,39,2.375,0.0,2.375,1.5833333333333333,0.6788545250892639
rrq_raw_heterogeneous_bf16_scales,2.25,0,0.0,0.0,2.375,1.5833333333333333,0.681679368019104
rrq_raw_heterogeneous_bf16_scales,2.25,4,0.0,2.25,2.375,1.5416666666666667,0.671892523765564
rrq_raw_heterogeneous_bf16_scales,2.25,20,2.375,2.25,2.375,1.5416666666666667,0.6925066411495209
rrq_raw_heterogeneous_bf16_scales,2.25,39,2.375,0.0,2.375,1.5833333333333333,0.6788545250892639
rrq_raw_heterogeneous_bf16_scales,3.0,0,2.375,2.25,2.375,2.3333333333333335,0.8537660241127014
rrq_raw_heterogeneous_bf16_scales,3.0,4,2.375,2.25,2.375,2.3333333333333335,0.8734900057315826
rrq_raw_heterogeneous_bf16_scales,3.0,20,2.375,2.25,2.375,2.3333333333333335,0.9035039246082306
rrq_raw_heterogeneous_bf16_scales,3.0,39,2.375,2.25,2.375,2.3333333333333335,0.8452933728694916
rrq_raw_heterogeneous_bf16_scales,4.0,0,2.375,4.625,4.75,3.9166666666666665,0.9659482836723328
rrq_raw_heterogeneous_bf16_scales,4.0,4,2.375,4.625,4.75,3.9166666666666665,0.9570842683315277
rrq_raw_heterogeneous_bf16_scales,4.0,20,2.375,4.625,4.75,3.9166666666666665,0.9619293212890625
rrq_raw_heterogeneous_bf16_scales,4.0,39,2.375,4.625,4.75,3.9166666666666665,0.9550426006317139
rrq_raw_heterogeneous_fp32_scales_upper,0.75,0,0.0,0.0,0.0,0.0,0.0
rrq_raw_heterogeneous_fp32_scales_upper,0.75,4,0.0,0.0,0.0,0.0,0.0
rrq_raw_heterogeneous_fp32_scales_upper,0.75,20,0.0,0.0,0.0,0.0,0.0
rrq_raw_heterogeneous_fp32_scales_upper,0.75,39,0.0,0.0,0.0,0.0,0.0
rrq_raw_heterogeneous_fp32_scales_upper,1.0,0,0.0,0.0,2.625,0.875,0.40667814016342163
rrq_raw_heterogeneous_fp32_scales_upper,1.0,4,0.0,0.0,0.0,0.875,0.4096038043498993
rrq_raw_heterogeneous_fp32_scales_upper,1.0,20,0.0,1.25,0.0,0.8541666666666667,0.39834198355674744
rrq_raw_heterogeneous_fp32_scales_upper,1.0,39,0.0,0.0,2.625,0.875,0.455973356962204
rrq_raw_heterogeneous_fp32_scales_upper,1.25,0,0.0,0.0,2.625,0.875,0.40667814016342163
rrq_raw_heterogeneous_fp32_scales_upper,1.25,4,0.0,0.0,0.0,0.875,0.4096038043498993
rrq_raw_heterogeneous_fp32_scales_upper,1.25,20,0.0,1.25,0.0,0.8541666666666667,0.39834198355674744
rrq_raw_heterogeneous_fp32_scales_upper,1.25,39,0.0,0.0,2.625,0.875,0.455973356962204
rrq_raw_heterogeneous_fp32_scales_upper,1.5,0,0.0,0.0,2.625,0.875,0.40667814016342163
rrq_raw_heterogeneous_fp32_scales_upper,1.5,4,0.0,0.0,0.0,0.875,0.4096038043498993
rrq_raw_heterogeneous_fp32_scales_upper,1.5,20,0.0,1.25,0.0,0.8541666666666667,0.39834198355674744
rrq_raw_heterogeneous_fp32_scales_upper,1.5,39,0.0,0.0,2.625,0.875,0.455973356962204
rrq_raw_heterogeneous_fp32_scales_upper,2.0,0,0.0,0.0,2.625,1.75,0.681678056716919
rrq_raw_heterogeneous_fp32_scales_upper,2.0,4,0.0,2.5,2.625,1.7083333333333333,0.6720523536205292
rrq_raw_heterogeneous_fp32_scales_upper,2.0,20,2.625,2.5,2.625,1.7083333333333333,0.6925892531871796
rrq_raw_heterogeneous_fp32_scales_upper,2.0,39,2.625,0.0,2.625,1.75,0.6788797378540039
rrq_raw_heterogeneous_fp32_scales_upper,2.25,0,0.0,0.0,2.625,1.75,0.681678056716919
rrq_raw_heterogeneous_fp32_scales_upper,2.25,4,0.0,2.5,2.625,1.7083333333333333,0.6720523536205292
rrq_raw_heterogeneous_fp32_scales_upper,2.25,20,2.625,2.5,2.625,1.7083333333333333,0.6925892531871796
rrq_raw_heterogeneous_fp32_scales_upper,2.25,39,2.625,0.0,2.625,1.75,0.6788797378540039
rrq_raw_heterogeneous_fp32_scales_upper,3.0,0,2.625,2.5,2.625,2.5833333333333335,0.8539559841156006
rrq_raw_heterogeneous_fp32_scales_upper,3.0,4,2.625,2.5,2.625,2.5833333333333335,0.8735823929309845
rrq_raw_heterogeneous_fp32_scales_upper,3.0,20,2.625,2.5,2.625,2.5833333333333335,0.9032863974571228
rrq_raw_heterogeneous_fp32_scales_upper,3.0,39,2.625,2.5,2.625,2.5833333333333335,0.8459352254867554
rrq_raw_heterogeneous_fp32_scales_upper,4.0,0,2.625,2.5,5.25,3.4583333333333335,0.935052752494812
rrq_raw_heterogeneous_fp32_scales_upper,4.0,4,2.625,2.5,2.625,3.4583333333333335,0.931726485490799
rrq_raw_heterogeneous_fp32_scales_upper,4.0,20,2.625,2.5,2.625,3.4583333333333335,0.9397206008434296
rrq_raw_heterogeneous_fp32_scales_upper,4.0,39,2.625,2.5,5.25,3.4583333333333335,0.9157009124755859
rrq_raw_heterogeneous_weight_only_down,0.75,0,0.0,2.25,0.0,0.75,0.20902365446090698
rrq_raw_heterogeneous_weight_only_down,0.75,4,0.0,2.25,0.0,0.75,0.2956556975841522
rrq_raw_heterogeneous_weight_only_down,0.75,20,0.0,2.25,0.0,0.75,0.34248507022857666
rrq_raw_heterogeneous_weight_only_down,0.75,39,0.0,2.25,0.0,0.75,0.22020459175109863
rrq_raw_heterogeneous_weight_only_down,1.0,0,0.0,0.0,2.375,0.7916666666666666,0.42187100648880005
rrq_raw_heterogeneous_weight_only_down,1.0,4,0.0,0.0,0.0,0.7916666666666666,0.40333208441734314
rrq_raw_heterogeneous_weight_only_down,1.0,20,0.0,1.125,0.0,0.7708333333333333,0.39831846952438354
rrq_raw_heterogeneous_weight_only_down,1.0,39,0.0,0.0,2.375,0.7916666666666666,0.4408099055290222
rrq_raw_heterogeneous_weight_only_down,1.25,0,0.0,0.0,2.375,0.7916666666666666,0.42187100648880005
rrq_raw_heterogeneous_weight_only_down,1.25,4,0.0,0.0,0.0,0.7916666666666666,0.40333208441734314
rrq_raw_heterogeneous_weight_only_down,1.25,20,0.0,1.125,0.0,0.7708333333333333,0.39831846952438354
rrq_raw_heterogeneous_weight_only_down,1.25,39,0.0,0.0,2.375,0.7916666666666666,0.4408099055290222
rrq_raw_heterogeneous_weight_only_down,1.5,0,0.0,0.0,2.375,0.7916666666666666,0.42187100648880005
rrq_raw_heterogeneous_weight_only_down,1.5,4,0.0,0.0,0.0,0.7916666666666666,0.40333208441734314
rrq_raw_heterogeneous_weight_only_down,1.5,20,0.0,1.125,0.0,0.7708333333333333,0.39831846952438354
rrq_raw_heterogeneous_weight_only_down,1.5,39,0.0,0.0,2.375,0.7916666666666666,0.4408099055290222
rrq_raw_heterogeneous_weight_only_down,2.0,0,0.0,0.0,2.375,1.5833333333333333,0.6792686581611633
rrq_raw_heterogeneous_weight_only_down,2.0,4,0.0,2.25,2.375,1.5416666666666667,0.678227961063385
rrq_raw_heterogeneous_weight_only_down,2.0,20,2.375,2.25,2.375,1.5416666666666667,0.6976138353347778
rrq_raw_heterogeneous_weight_only_down,2.0,39,2.375,1.125,2.375,1.5625,0.6940927505493164
rrq_raw_heterogeneous_weight_only_down,2.25,0,0.0,0.0,2.375,1.5833333333333333,0.6792686581611633
rrq_raw_heterogeneous_weight_only_down,2.25,4,0.0,2.25,2.375,1.5416666666666667,0.678227961063385
rrq_raw_heterogeneous_weight_only_down,2.25,20,2.375,2.25,2.375,1.5416666666666667,0.6976138353347778
rrq_raw_heterogeneous_weight_only_down,2.25,39,2.375,1.125,2.375,1.5625,0.6940927505493164
rrq_raw_heterogeneous_weight_only_down,3.0,0,2.375,2.25,2.375,2.3333333333333335,0.8411757946014404
rrq_raw_heterogeneous_weight_only_down,3.0,4,2.375,2.25,2.375,2.3333333333333335,0.8874834179878235
rrq_raw_heterogeneous_weight_only_down,3.0,20,2.375,2.25,2.375,2.3333333333333335,0.9081199169158936
rrq_raw_heterogeneous_weight_only_down,3.0,39,2.375,2.25,2.375,2.3333333333333335,0.8478430509567261
rrq_raw_heterogeneous_weight_only_down,4.0,0,2.375,4.625,4.75,3.9166666666666665,0.9656031131744385
rrq_raw_heterogeneous_weight_only_down,4.0,4,4.75,4.625,4.75,3.9166666666666665,0.9598824679851532
rrq_raw_heterogeneous_weight_only_down,4.0,20,2.375,4.625,4.75,3.9166666666666665,0.963851273059845
rrq_raw_heterogeneous_weight_only_down,4.0,39,3.5625,4.625,4.75,3.9166666666666665,0.958461344242096
rrq_raw_homogeneous,0.75,0,0.0,0.0,0.0,0.0,0.0
rrq_raw_homogeneous,0.75,4,0.0,0.0,0.0,0.0,0.0
rrq_raw_homogeneous,0.75,20,0.0,0.0,0.0,0.0,0.0
rrq_raw_homogeneous,0.75,39,0.0,0.0,0.0,0.0,0.0
rrq_raw_homogeneous,1.0,0,0.0,0.0,2.375,0.7916666666666666,0.5148464441299438
rrq_raw_homogeneous,1.0,4,0.0,0.0,0.0,0.7916666666666666,0.39795005321502686
rrq_raw_homogeneous,1.0,20,0.0,0.0,0.0,0.7916666666666666,0.371730238199234
rrq_raw_homogeneous,1.0,39,0.0,0.0,2.375,0.7916666666666666,0.4206507205963135
rrq_raw_homogeneous,1.25,0,0.0,0.0,2.375,0.7916666666666666,0.5148464441299438
rrq_raw_homogeneous,1.25,4,0.0,0.0,0.0,0.7916666666666666,0.39795005321502686
rrq_raw_homogeneous,1.25,20,0.0,0.0,0.0,0.7916666666666666,0.371730238199234
rrq_raw_homogeneous,1.25,39,0.0,0.0,2.375,0.7916666666666666,0.4206507205963135
rrq_raw_homogeneous,1.5,0,0.0,0.0,2.375,0.7916666666666666,0.5148464441299438
rrq_raw_homogeneous,1.5,4,0.0,0.0,0.0,0.7916666666666666,0.39795005321502686
rrq_raw_homogeneous,1.5,20,0.0,0.0,0.0,0.7916666666666666,0.371730238199234
rrq_raw_homogeneous,1.5,39,0.0,0.0,2.375,0.7916666666666666,0.4206507205963135
rrq_raw_homogeneous,2.0,0,0.0,2.375,2.375,1.5833333333333333,0.7059609889984131
rrq_raw_homogeneous,2.0,4,2.375,2.375,2.375,1.5833333333333333,0.5974593758583069
rrq_raw_homogeneous,2.0,20,2.375,2.375,2.375,1.5833333333333333,0.6330717504024506
rrq_raw_homogeneous,2.0,39,1.1875,1.1875,2.375,1.5833333333333333,0.6450912356376648
rrq_raw_homogeneous,2.25,0,0.0,2.375,2.375,1.5833333333333333,0.7059609889984131
rrq_raw_homogeneous,2.25,4,2.375,2.375,2.375,1.5833333333333333,0.5974593758583069
rrq_raw_homogeneous,2.25,20,2.375,2.375,2.375,1.5833333333333333,0.6330717504024506
rrq_raw_homogeneous,2.25,39,1.1875,1.1875,2.375,1.5833333333333333,0.6450912356376648
rrq_raw_homogeneous,3.0,0,2.375,2.375,2.375,2.375,0.8465086817741394
rrq_raw_homogeneous,3.0,4,2.375,2.375,2.375,2.375,0.776603639125824
rrq_raw_homogeneous,3.0,20,2.375,2.375,2.375,2.375,0.774198591709137
rrq_raw_homogeneous,3.0,39,2.375,2.375,2.375,2.375,0.7945024967193604
rrq_raw_homogeneous,4.0,0,4.75,2.375,4.75,3.9583333333333335,0.9628145098686218
rrq_raw_homogeneous,4.0,4,2.375,4.75,4.75,3.9583333333333335,0.9263120591640472
rrq_raw_homogeneous,4.0,20,2.375,4.75,4.75,3.9583333333333335,0.9340800344944
rrq_raw_homogeneous,4.0,39,3.5625,4.75,4.75,3.9583333333333335,0.9356968402862549
