method,budget_bpw,aggregate,invocations,requests,mean_recovery,p10_recovery,p25_recovery,median_recovery,p75_recovery,p90_recovery,p95_remaining_damage,mean_relative_output_error,fraction_above_80,fraction_above_90,fraction_above_95,fraction_above_99,median_actual_bpw,median_page_amplification,median_bootstrap_ci_low,median_bootstrap_ci_high
independent_direct_generalized_native,0.75,layer0,41,12,0.463883844817557,0.31001847982406616,0.3816591501235962,0.42915523052215576,0.5228368043899536,0.639799177646637,0.7237640023231506,0.38003191133824793,0.024390243902439025,0.0,0.0,0.0,0.6692708333333334,1.0,0.4106831930577755,0.46709126234054565
independent_direct_generalized_native,0.75,difficult_4_20_39,92,15,0.40768822185371234,0.28912253975868224,0.3442862331867218,0.40400999784469604,0.4768281430006027,0.5264371633529663,0.7325239330530167,0.45106309004451917,0.0,0.0,0.0,0.0,0.6770833333333334,1.0,0.3872065618634224,0.44048696756362915
independent_direct_generalized_native,0.75,all_0_4_20_39,133,16,0.42501168457189,0.2933548092842102,0.34822148084640503,0.41096264123916626,0.4914643168449402,0.5659196853637695,0.7324885129928589,0.4291662605185258,0.007518796992481203,0.0,0.0,0.0,0.6692708333333334,1.0,0.4008103013038635,0.43448203802108765
independent_direct_generalized_native,1.0,layer0,41,12,0.463883844817557,0.31001847982406616,0.3816591501235962,0.42915523052215576,0.5228368043899536,0.639799177646637,0.7237640023231506,0.38003191133824793,0.024390243902439025,0.0,0.0,0.0,0.6692708333333334,1.0,0.406715452671051,0.46709126234054565
independent_direct_generalized_native,1.0,difficult_4_20_39,92,15,0.40768822185371234,0.28912253975868224,0.3442862331867218,0.40400999784469604,0.4768281430006027,0.5264371633529663,0.7325239330530167,0.45106309004451917,0.0,0.0,0.0,0.0,0.6770833333333334,1.0,0.3780141040682793,0.4374845027923584
independent_direct_generalized_native,1.0,all_0_4_20_39,133,16,0.42501168457189,0.2933548092842102,0.34822148084640503,0.41096264123916626,0.4914643168449402,0.5659196853637695,0.7324885129928589,0.4291662605185258,0.007518796992481203,0.0,0.0,0.0,0.6692708333333334,1.0,0.40077375769615176,0.43448203802108765
independent_direct_generalized_native,1.25,layer0,41,12,0.463883844817557,0.31001847982406616,0.3816591501235962,0.42915523052215576,0.5228368043899536,0.639799177646637,0.7237640023231506,0.38003191133824793,0.024390243902439025,0.0,0.0,0.0,0.6692708333333334,1.0,0.4067052282392979,0.46709126234054565
independent_direct_generalized_native,1.25,difficult_4_20_39,92,15,0.40768822185371234,0.28912253975868224,0.3442862331867218,0.40400999784469604,0.4768281430006027,0.5264371633529663,0.7325239330530167,0.45106309004451917,0.0,0.0,0.0,0.0,0.6770833333333334,1.0,0.38550740480422974,0.4374845027923584
independent_direct_generalized_native,1.25,all_0_4_20_39,133,16,0.42501168457189,0.2933548092842102,0.34822148084640503,0.41096264123916626,0.4914643168449402,0.5659196853637695,0.7324885129928589,0.4291662605185258,0.007518796992481203,0.0,0.0,0.0,0.6692708333333334,1.0,0.39934855699539185,0.43393510580062866
independent_direct_generalized_native,1.5,layer0,41,12,0.7038485495055594,0.5676057934761047,0.6145690679550171,0.7047467231750488,0.7694895267486572,0.8472147583961487,0.4403282403945923,0.289283977412596,0.1951219512195122,0.07317073170731707,0.0,0.0,1.3463541666666667,1.0,0.6539930932223796,0.7172104120254517
independent_direct_generalized_native,1.5,difficult_4_20_39,92,15,0.6525896930176279,0.5461951911449432,0.5861507207155228,0.651555597782135,0.7219335585832596,0.7670546770095825,0.4932772934436798,0.3528531919354978,0.03260869565217391,0.0,0.0,0.0,1.3463541666666667,1.0,0.6261862218379974,0.6813400983810425
independent_direct_generalized_native,1.5,all_0_4_20_39,133,16,0.6683912953936068,0.5473591566085816,0.5921720266342163,0.6738041639328003,0.7365358471870422,0.7763658046722413,0.47093663215637205,0.33325666715776114,0.08270676691729323,0.022556390977443608,0.0,0.0,1.3463541666666667,1.0,0.641941249370575,0.7034049034118652
independent_direct_generalized_native,2.0,layer0,41,12,0.7038485495055594,0.5676057934761047,0.6145690679550171,0.7047467231750488,0.7694895267486572,0.8472147583961487,0.4403282403945923,0.289283977412596,0.1951219512195122,0.07317073170731707,0.0,0.0,1.3463541666666667,1.0,0.6642012976109981,0.718070387840271
independent_direct_generalized_native,2.0,difficult_4_20_39,92,15,0.6525896930176279,0.5461951911449432,0.5861507207155228,0.651555597782135,0.7219335585832596,0.7670546770095825,0.4932772934436798,0.3528531919354978,0.03260869565217391,0.0,0.0,0.0,1.3463541666666667,1.0,0.6280845828354359,0.6813400983810425
independent_direct_generalized_native,2.0,all_0_4_20_39,133,16,0.6683912953936068,0.5473591566085816,0.5921720266342163,0.6738041639328003,0.7365358471870422,0.7763658046722413,0.47093663215637205,0.33325666715776114,0.08270676691729323,0.022556390977443608,0.0,0.0,1.3463541666666667,1.0,0.6445568799972534,0.7034049034118652
independent_direct_generalized_native,2.25,layer0,41,12,0.8316791464642781,0.736245334148407,0.7801080942153931,0.8355413675308228,0.9003771543502808,0.9242472052574158,0.31338822841644287,0.21221143152655625,0.6585365853658537,0.2682926829268293,0.07317073170731707,0.0,2.0234375,1.0,0.7809677690267562,0.8546556830406189
independent_direct_generalized_native,2.25,difficult_4_20_39,92,15,0.8283757943174114,0.738999319076538,0.7842532843351364,0.8364661335945129,0.8812716156244278,0.9019773304462433,0.2725390285253525,0.23064642480534056,0.6521739130434783,0.13043478260869565,0.0,0.0,2.0234375,1.0,0.8142145872116089,0.8601433038711548
independent_direct_generalized_native,2.25,all_0_4_20_39,133,16,0.829394120919077,0.7375470876693726,0.7810558080673218,0.835544228553772,0.8839633464813232,0.9061152815818787,0.28528138399124126,0.22496345695248224,0.6541353383458647,0.17293233082706766,0.022556390977443608,0.0,2.0234375,1.0,0.8072993159294128,0.853589802980423
independent_direct_generalized_native,3.0,layer0,41,12,0.9147824877645911,0.8476632833480835,0.8844123482704163,0.9279847145080566,0.9559354186058044,0.9692831039428711,0.18997573852539062,0.1469247770018694,0.9512195121951219,0.6585365853658537,0.3170731707317073,0.0,2.6901041666666665,1.0,0.9047154188156128,0.9478312730789185
independent_direct_generalized_native,3.0,difficult_4_20_39,92,15,0.9080644308224969,0.8620237171649933,0.8903759717941284,0.9122560620307922,0.9308945536613464,0.9485248744487762,0.15212264358997346,0.18052672432816547,0.9891304347826086,0.6847826086956522,0.07608695652173914,0.0,2.6901041666666665,1.0,0.9045205414295197,0.9236557483673096
independent_direct_generalized_native,3.0,all_0_4_20_39,133,16,0.9101354107820898,0.8595913648605347,0.8874001502990723,0.9172232151031494,0.9393237829208374,0.9524385929107666,0.15823156833648677,0.17016822928772832,0.9774436090225563,0.6766917293233082,0.15037593984962405,0.0,2.6901041666666665,1.0,0.9050585627555847,0.9248397052288055
independent_direct_generalized_native,4.0,layer0,41,12,0.9538243209443441,0.9196666479110718,0.9454602599143982,0.9610635638237,0.9727876782417297,0.9816832542419434,0.10088777542114258,0.10657628516598446,1.0,0.926829268292683,0.7073170731707317,0.0,3.3567708333333335,1.0,0.9530863761901855,0.9701136350631714
independent_direct_generalized_native,4.0,difficult_4_20_39,92,15,0.9480482760978781,0.9215675711631774,0.9348258227109909,0.9526321589946747,0.9655008763074875,0.9718453168869019,0.10205644965171815,0.13481018400710562,1.0,0.9347826086956522,0.5760869565217391,0.0,3.3567708333333335,1.0,0.9503127336502075,0.9554758235812187
independent_direct_generalized_native,4.0,all_0_4_20_39,133,16,0.9498288613513,0.919814133644104,0.9377188682556152,0.9553436636924744,0.9679406881332397,0.9745145440101624,0.10201270580291745,0.12610650090570735,1.0,0.9323308270676691,0.6165413533834586,0.0,3.3567708333333335,1.0,0.9511723220348358,0.95880526304245
nested_int16_prefix_generalized_native,0.75,layer0,41,12,0.3079451308017824,0.0,0.21132659912109375,0.29540419578552246,0.4295884370803833,0.555914044380188,1.0,0.456723813603564,0.0,0.0,0.0,0.0,0.6770833333333334,1.0,0.22528448700904846,0.3693716526031494
nested_int16_prefix_generalized_native,0.75,difficult_4_20_39,92,15,0.16664822010890298,0.0,0.0,0.10818740725517273,0.26010702550411224,0.4370621621608737,1.0,0.534235629050628,0.0,0.0,0.0,0.0,0.6692708333333334,1.0,0.03954744338989258,0.1734694242477417
nested_int16_prefix_generalized_native,0.75,all_0_4_20_39,133,16,0.21020591438264774,0.0,5.960464477539063e-08,0.18000143766403198,0.3548603653907776,0.4664368391036987,1.0,0.5103410092511571,0.0,0.0,0.0,0.0,0.6692708333333334,1.0,0.10612285137176514,0.2498241364955902
nested_int16_prefix_generalized_native,1.0,layer0,41,12,0.3079451308017824,0.0,0.21132659912109375,0.29540419578552246,0.4295884370803833,0.555914044380188,1.0,0.456723813603564,0.0,0.0,0.0,0.0,0.6770833333333334,1.0,0.21747392416000366,0.37419578433036804
nested_int16_prefix_generalized_native,1.0,difficult_4_20_39,92,15,0.16664822010890298,0.0,0.0,0.10818740725517273,0.26010702550411224,0.4370621621608737,1.0,0.534235629050628,0.0,0.0,0.0,0.0,0.6692708333333334,1.0,0.03954744338989258,0.1734694242477417
nested_int16_prefix_generalized_native,1.0,all_0_4_20_39,133,16,0.21020591438264774,0.0,5.960464477539063e-08,0.18000143766403198,0.3548603653907776,0.4664368391036987,1.0,0.5103410092511571,0.0,0.0,0.0,0.0,0.6692708333333334,1.0,0.10119765996932983,0.24300795793533325
nested_int16_prefix_generalized_native,1.25,layer0,41,12,0.3079451308017824,0.0,0.21132659912109375,0.29540419578552246,0.4295884370803833,0.555914044380188,1.0,0.456723813603564,0.0,0.0,0.0,0.0,0.6770833333333334,1.0,0.22828708365559577,0.37419578433036804
nested_int16_prefix_generalized_native,1.25,difficult_4_20_39,92,15,0.16664822010890298,0.0,0.0,0.10818740725517273,0.26010702550411224,0.4370621621608737,1.0,0.534235629050628,0.0,0.0,0.0,0.0,0.6692708333333334,1.0,0.043164610862731934,0.1734694242477417
nested_int16_prefix_generalized_native,1.25,all_0_4_20_39,133,16,0.21020591438264774,0.0,5.960464477539063e-08,0.18000143766403198,0.3548603653907776,0.4664368391036987,1.0,0.5103410092511571,0.0,0.0,0.0,0.0,0.6692708333333334,1.0,0.10366025567054749,0.24994850158691406
nested_int16_prefix_generalized_native,1.5,layer0,41,12,0.5595130716882101,0.3689314126968384,0.4853397607803345,0.550584077835083,0.6266016960144043,0.7925183773040771,0.6502074599266052,0.3556038104906315,0.07317073170731707,0.024390243902439025,0.0,0.0,1.3359375,1.0,0.5082308128476143,0.6080693006515503
nested_int16_prefix_generalized_native,1.5,difficult_4_20_39,92,15,0.4378141981104146,0.2922131597995758,0.37053820490837097,0.435276597738266,0.5042726397514343,0.5990613281726838,0.7470127880573273,0.446650859778342,0.0,0.0,0.0,0.0,1.34375,1.0,0.41263043582439424,0.44678372144699097
nested_int16_prefix_generalized_native,1.5,all_0_4_20_39,133,16,0.4753303922208628,0.31980806589126587,0.38394278287887573,0.4643465280532837,0.5525699853897095,0.6424413442611694,0.722057557106018,0.4185837242836343,0.022556390977443608,0.007518796992481203,0.0,0.0,1.3359375,1.0,0.435276597738266,0.5045785903930664
nested_int16_prefix_generalized_native,2.0,layer0,41,12,0.5595130716882101,0.3689314126968384,0.4853397607803345,0.550584077835083,0.6266016960144043,0.7925183773040771,0.6502074599266052,0.3556038104906315,0.07317073170731707,0.024390243902439025,0.0,0.0,1.3359375,1.0,0.49125479608774186,0.6080693006515503
nested_int16_prefix_generalized_native,2.0,difficult_4_20_39,92,15,0.4378141981104146,0.2922131597995758,0.37053820490837097,0.435276597738266,0.5042726397514343,0.5990613281726838,0.7470127880573273,0.446650859778342,0.0,0.0,0.0,0.0,1.34375,1.0,0.3940948247909546,0.44678372144699097
nested_int16_prefix_generalized_native,2.0,all_0_4_20_39,133,16,0.4753303922208628,0.31980806589126587,0.38394278287887573,0.4643465280532837,0.5525699853897095,0.6424413442611694,0.722057557106018,0.4185837242836343,0.022556390977443608,0.007518796992481203,0.0,0.0,1.3359375,1.0,0.43891042470932007,0.5045785903930664
nested_int16_prefix_generalized_native,2.25,layer0,41,12,0.6659381462306511,0.4410158395767212,0.5251991748809814,0.6663663387298584,0.7867761850357056,0.8923957347869873,0.6267526149749756,0.3164987226084965,0.21951219512195122,0.07317073170731707,0.0,0.0,2.0130208333333335,1.0,0.6080983877182007,0.781272828578949
nested_int16_prefix_generalized_native,2.25,difficult_4_20_39,92,15,0.4873248040676117,0.29811075925827024,0.39030152559280396,0.4797605872154236,0.5880240797996521,0.6581283867359162,0.7285651057958603,0.4332329394376796,0.0,0.0,0.0,0.0,1.34375,1.0,0.4550884962081909,0.5114208459854126
nested_int16_prefix_generalized_native,2.25,all_0_4_20_39,133,16,0.5423860599223832,0.3376557111740112,0.41608941555023193,0.5205634236335754,0.6517657041549683,0.782126271724701,0.7079740047454834,0.3972472034226683,0.06766917293233082,0.022556390977443608,0.0,0.0,2.0130208333333335,1.0,0.4830634891986847,0.6080902516841888
nested_int16_prefix_generalized_native,3.0,layer0,41,12,0.7908785546698222,0.6658051609992981,0.7264647483825684,0.8028737902641296,0.8694899678230286,0.9327306747436523,0.42330873012542725,0.25040131207646393,0.5365853658536586,0.17073170731707318,0.0,0.0,2.6796875,1.0,0.7595466673374176,0.8417456150054932
nested_int16_prefix_generalized_native,3.0,difficult_4_20_39,92,15,0.6628783779299777,0.5432977557182312,0.5947946608066559,0.6527743339538574,0.744326263666153,0.8062333822250366,0.5047069251537324,0.3482344027446664,0.11956521739130435,0.0,0.0,0.0,2.6796875,1.0,0.6128976345062256,0.682959258556366
nested_int16_prefix_generalized_native,3.0,all_0_4_20_39,133,16,0.7023370790302306,0.5613310098648071,0.6090675592422485,0.6894623041152954,0.7983341217041016,0.8477862358093262,0.4904718160629272,0.3180753296815363,0.24812030075187969,0.05263157894736842,0.0,0.0,2.6796875,1.0,0.6579786539077759,0.7463208436965942
nested_int16_prefix_generalized_native,4.0,layer0,41,12,0.8134844710187215,0.6711667776107788,0.748186469078064,0.8406143188476562,0.8892501592636108,0.9410573244094849,0.42330873012542725,0.2379286445495559,0.6585365853658537,0.24390243902439024,0.04878048780487805,0.0,2.6796875,1.0,0.774669349193573,0.8694899678230286
nested_int16_prefix_generalized_native,4.0,difficult_4_20_39,92,15,0.6927795649870582,0.5566337823867797,0.606200784444809,0.687516450881958,0.7977979481220245,0.8364469707012177,0.5047069251537324,0.33964089077451953,0.25,0.021739130434782608,0.0,0.0,2.6875,1.0,0.625691294670105,0.7450893521308899
nested_int16_prefix_generalized_native,4.0,all_0_4_20_39,133,16,0.7299893480494506,0.5655479669570923,0.6243599653244019,0.7436614036560059,0.8337485790252686,0.8895021677017212,0.476449656486511,0.3082859878029142,0.37593984962406013,0.09022556390977443,0.015037593984962405,0.0,2.6875,1.0,0.6894471645355225,0.8013135194778442
rrq_generalized_heterogeneous,0.75,layer0,41,12,0.22445485795416484,0.04691791534423828,0.1954129934310913,0.23326164484024048,0.27913546562194824,0.30889081954956055,0.9655311703681946,0.45898721567014367,0.0,0.0,0.0,0.0,0.75,1.0,0.20994770526885986,0.2649129293859004
rrq_generalized_heterogeneous,0.75,difficult_4_20_39,92,15,0.24839305748110233,0.003804123401641841,0.13211914896965027,0.2545611560344696,0.3622811436653137,0.4456972837448121,1.0,0.47665719364000403,0.0,0.0,0.0,0.0,0.75,1.0,0.1930142045021057,0.2940235733985901
rrq_generalized_heterogeneous,0.75,all_0_4_20_39,133,16,0.24101361251415165,0.02550557851791383,0.14644122123718262,0.24806290864944458,0.32552027702331543,0.4150211691856384,1.0,0.4712100575741072,0.0,0.0,0.0,0.0,0.75,1.0,0.21641358733177185,0.2787984013557434
rrq_generalized_heterogeneous,1.0,layer0,41,12,0.4559486508369446,0.3445615768432617,0.37648898363113403,0.41428083181381226,0.4689382314682007,0.6799662113189697,0.7013973593711853,0.3839482265274699,0.04878048780487805,0.0,0.0,0.0,0.7916666666666666,1.0,0.3962218761444092,0.45626258850097656
rrq_generalized_heterogeneous,1.0,difficult_4_20_39,92,15,0.41712354901044263,0.30529438257217406,0.3496554046869278,0.404123455286026,0.4801492542028427,0.5481236994266511,0.7183423042297364,0.4474361947049265,0.0,0.0,0.0,0.0,0.7916666666666666,1.0,0.38825684785842896,0.4489220976829529
rrq_generalized_heterogeneous,1.0,all_0_4_20_39,133,16,0.4290921894231237,0.30925562381744387,0.3602161407470703,0.40668952465057373,0.4775547385215759,0.5674361944198608,0.7077305316925048,0.427864715793079,0.015037593984962405,0.0,0.0,0.0,0.7916666666666666,1.0,0.38978716656565665,0.4400891065597534
rrq_generalized_heterogeneous,1.25,layer0,41,12,0.4559486508369446,0.3445615768432617,0.37648898363113403,0.41428083181381226,0.4689382314682007,0.6799662113189697,0.7013973593711853,0.3839482265274699,0.04878048780487805,0.0,0.0,0.0,0.7916666666666666,1.0,0.3962218761444092,0.45600980520248413
rrq_generalized_heterogeneous,1.25,difficult_4_20_39,92,15,0.41712354901044263,0.30529438257217406,0.3496554046869278,0.404123455286026,0.4801492542028427,0.5481236994266511,0.7183423042297364,0.4474361947049265,0.0,0.0,0.0,0.0,0.7916666666666666,1.0,0.3882324755191803,0.4489220976829529
rrq_generalized_heterogeneous,1.25,all_0_4_20_39,133,16,0.4290921894231237,0.30925562381744387,0.3602161407470703,0.40668952465057373,0.4775547385215759,0.5674361944198608,0.7077305316925048,0.427864715793079,0.015037593984962405,0.0,0.0,0.0,0.7916666666666666,1.0,0.38978716656565665,0.44755494594573975
rrq_generalized_heterogeneous,1.5,layer0,41,12,0.4559486508369446,0.3445615768432617,0.37648898363113403,0.41428083181381226,0.4689382314682007,0.6799662113189697,0.7013973593711853,0.3839482265274699,0.04878048780487805,0.0,0.0,0.0,0.7916666666666666,1.0,0.3962218761444092,0.45600980520248413
rrq_generalized_heterogeneous,1.5,difficult_4_20_39,92,15,0.41712354901044263,0.30529438257217406,0.3496554046869278,0.404123455286026,0.4801492542028427,0.5481236994266511,0.7183423042297364,0.4474361947049265,0.0,0.0,0.0,0.0,0.7916666666666666,1.0,0.38825684785842896,0.4497135877609253
rrq_generalized_heterogeneous,1.5,all_0_4_20_39,133,16,0.4290921894231237,0.30925562381744387,0.3602161407470703,0.40668952465057373,0.4775547385215759,0.5674361944198608,0.7077305316925048,0.427864715793079,0.015037593984962405,0.0,0.0,0.0,0.7916666666666666,1.0,0.389792799949646,0.4482385218143463
rrq_generalized_heterogeneous,2.0,layer0,41,12,0.7032601484438268,0.5776155591011047,0.643071174621582,0.6917154788970947,0.7409836053848267,0.8678809404373169,0.44766557216644287,0.2913483930070226,0.1951219512195122,0.04878048780487805,0.0,0.0,1.5833333333333333,1.0,0.6457119584083557,0.713722825050354
rrq_generalized_heterogeneous,2.0,difficult_4_20_39,92,15,0.6620184209035791,0.5537195563316345,0.5936437845230103,0.669018566608429,0.7298206984996796,0.7572501122951507,0.4599427908658982,0.3424099912138089,0.03260869565217391,0.0,0.0,0.0,1.5416666666666667,1.0,0.6413975954055786,0.6962752863764763
rrq_generalized_heterogeneous,2.0,all_0_4_20_39,133,16,0.6747320361603472,0.5585747480392456,0.6128513813018799,0.6771008968353271,0.7332989573478699,0.7790590286254883,0.45918056964874254,0.32666919778164166,0.08270676691729323,0.015037593984962405,0.0,0.0,1.5416666666666667,1.0,0.6547401547431946,0.692590057849884
rrq_generalized_heterogeneous,2.25,layer0,41,12,0.7032601484438268,0.5776155591011047,0.643071174621582,0.6917154788970947,0.7409836053848267,0.8678809404373169,0.44766557216644287,0.2913483930070226,0.1951219512195122,0.04878048780487805,0.0,0.0,1.5833333333333333,1.0,0.645022064447403,0.7126262784004211
rrq_generalized_heterogeneous,2.25,difficult_4_20_39,92,15,0.6620184209035791,0.5537195563316345,0.5936437845230103,0.669018566608429,0.7298206984996796,0.7572501122951507,0.4599427908658982,0.3424099912138089,0.03260869565217391,0.0,0.0,0.0,1.5416666666666667,1.0,0.6413975954055786,0.6939780198037624
rrq_generalized_heterogeneous,2.25,all_0_4_20_39,133,16,0.6747320361603472,0.5585747480392456,0.6128513813018799,0.6771008968353271,0.7332989573478699,0.7790590286254883,0.45918056964874254,0.32666919778164166,0.08270676691729323,0.015037593984962405,0.0,0.0,1.5416666666666667,1.0,0.6535577766597271,0.6950644254684448
rrq_generalized_heterogeneous,3.0,layer0,41,12,0.8543057369022835,0.7844407558441162,0.8218052983283997,0.8654365539550781,0.9168409109115601,0.9375451803207397,0.28112518787384033,0.20643668967049297,0.8048780487804879,0.2926829268292683,0.07317073170731707,0.0,2.3333333333333335,1.0,0.8312661051750183,0.8819279089570045
rrq_generalized_heterogeneous,3.0,difficult_4_20_39,92,15,0.8374976535206256,0.7489237904548645,0.804350271821022,0.854081779718399,0.8836608231067657,0.9115051746368409,0.2978888005018235,0.22364057438529056,0.7717391304347826,0.15217391304347827,0.0,0.0,2.3333333333333335,1.0,0.8322381973266602,0.8711443543434143
rrq_generalized_heterogeneous,3.0,all_0_4_20_39,133,16,0.8426790927585802,0.749922776222229,0.8077519536018372,0.8573604822158813,0.8872445821762085,0.9214148759841919,0.29711824655532826,0.2183371212025334,0.7819548872180451,0.19548872180451127,0.022556390977443608,0.0,2.3333333333333335,1.0,0.8453255891799927,0.8657535314559937
rrq_generalized_heterogeneous,4.0,layer0,41,12,0.9578680832211565,0.9295755624771118,0.9442694187164307,0.9580137133598328,0.9759961366653442,0.9854873418807983,0.08325052261352539,0.10911458176447124,1.0,0.975609756097561,0.6097560975609756,0.07317073170731707,3.9166666666666665,1.0,0.9490729570388794,0.9700183868408203
rrq_generalized_heterogeneous,4.0,difficult_4_20_39,92,15,0.9462289246528045,0.9170414686203003,0.9344832748174667,0.9516696929931641,0.9609087705612183,0.967153400182724,0.09996360540390015,0.13884811362494592,1.0,0.9456521739130435,0.5217391304347826,0.0,3.9166666666666665,1.0,0.9435004413127899,0.9562370777130127
rrq_generalized_heterogeneous,4.0,all_0_4_20_39,133,16,0.9498169359407926,0.9202393770217896,0.9388335347175598,0.9539623260498047,0.9644343256950378,0.9756782054901123,0.09621262550354,0.1296821376378823,1.0,0.9548872180451128,0.5488721804511278,0.022556390977443608,3.9166666666666665,1.0,0.9490729570388794,0.9563156962394714
rrq_raw_heterogeneous,0.75,layer0,41,12,0.20959864883888057,0.037286996841430664,0.16012722253799438,0.20902365446090698,0.2846347689628601,0.3490191698074341,0.9999999403953552,0.4642390543367805,0.0,0.0,0.0,0.0,0.75,1.0,0.18198555707931519,0.2634512782096863
rrq_raw_heterogeneous,0.75,difficult_4_20_39,92,15,0.26576389825862384,0.0017948865890502865,0.14595873653888702,0.27058160305023193,0.3895275741815567,0.47979766130447393,1.0,0.47238352927176847,0.0,0.0,0.0,0.0,0.75,1.0,0.17861029952764512,0.3107920289039612
rrq_raw_heterogeneous,0.75,all_0_4_20_39,133,16,0.24844979881343984,0.019316935539245614,0.146917462348938,0.24144506454467773,0.3532661199569702,0.46342232227325436,1.0,0.4698728264722609,0.0,0.0,0.0,0.0,0.75,1.0,0.1819409728050232,0.2883871793746948
rrq_raw_heterogeneous,1.0,layer0,41,12,0.4569475447259298,0.35063880681991577,0.37475019693374634,0.40668952465057373,0.4689382314682007,0.6799662113189697,0.6678192019462585,0.38748671732297757,0.04878048780487805,0.0,0.0,0.0,0.7916666666666666,1.0,0.38390116319060325,0.45600980520248413
rrq_raw_heterogeneous,1.0,difficult_4_20_39,92,15,0.43167197445164557,0.32437015771865846,0.3582005053758621,0.4315541684627533,0.4946659058332443,0.5496762156486511,0.6918614327907562,0.4439826795588369,0.0,0.0,0.0,0.0,0.7916666666666666,1.0,0.4152391150593758,0.45548397302627563
rrq_raw_heterogeneous,1.0,all_0_4_20_39,133,16,0.4394636916038685,0.3262657642364502,0.36438101530075073,0.4301455616950989,0.49119317531585693,0.5671333312988281,0.6905558943748474,0.42656663105003817,0.015037593984962405,0.0,0.0,0.0,0.7916666666666666,1.0,0.4048807621002197,0.45063352584838867
rrq_raw_heterogeneous,1.25,layer0,41,12,0.4569475447259298,0.35063880681991577,0.37475019693374634,0.40668952465057373,0.4689382314682007,0.6799662113189697,0.6678192019462585,0.38748671732297757,0.04878048780487805,0.0,0.0,0.0,0.7916666666666666,1.0,0.3841665983200073,0.45626258850097656
rrq_raw_heterogeneous,1.25,difficult_4_20_39,92,15,0.43167197445164557,0.32437015771865846,0.3582005053758621,0.4315541684627533,0.4946659058332443,0.5496762156486511,0.6918614327907562,0.4439826795588369,0.0,0.0,0.0,0.0,0.7916666666666666,1.0,0.41524559259414673,0.4559682309627533
rrq_raw_heterogeneous,1.25,all_0_4_20_39,133,16,0.4394636916038685,0.3262657642364502,0.36438101530075073,0.4301455616950989,0.49119317531585693,0.5671333312988281,0.6905558943748474,0.42656663105003817,0.015037593984962405,0.0,0.0,0.0,0.7916666666666666,1.0,0.4049384891986847,0.45115341991186136
rrq_raw_heterogeneous,1.5,layer0,41,12,0.4569475447259298,0.35063880681991577,0.37475019693374634,0.40668952465057373,0.4689382314682007,0.6799662113189697,0.6678192019462585,0.38748671732297757,0.04878048780487805,0.0,0.0,0.0,0.7916666666666666,1.0,0.3841665983200073,0.45626258850097656
rrq_raw_heterogeneous,1.5,difficult_4_20_39,92,15,0.43167197445164557,0.32437015771865846,0.3582005053758621,0.4315541684627533,0.4946659058332443,0.5496762156486511,0.6918614327907562,0.4439826795588369,0.0,0.0,0.0,0.0,0.7916666666666666,1.0,0.4172710873186588,0.45548397302627563
rrq_raw_heterogeneous,1.5,all_0_4_20_39,133,16,0.4394636916038685,0.3262657642364502,0.36438101530075073,0.4301455616950989,0.49119317531585693,0.5671333312988281,0.6905558943748474,0.42656663105003817,0.015037593984962405,0.0,0.0,0.0,0.7916666666666666,1.0,0.4048807621002197,0.45115334987640376
rrq_raw_heterogeneous,2.0,layer0,41,12,0.6988165276806529,0.5868327021598816,0.6194261312484741,0.6816985607147217,0.7497199773788452,0.8354095220565796,0.43272316455841064,0.2940789940880566,0.17073170731707318,0.04878048780487805,0.0,0.0,1.5833333333333333,1.0,0.6217977270483971,0.7404742240905762
rrq_raw_heterogeneous,2.0,difficult_4_20_39,92,15,0.6761704411195673,0.5803841412067413,0.6100205034017563,0.6821413040161133,0.7458766400814056,0.7790151715278626,0.44593038856983186,0.33549256638988206,0.043478260869565216,0.0,0.0,0.0,1.5416666666666667,1.0,0.647152304649353,0.7063738107681274
rrq_raw_heterogeneous,2.0,all_0_4_20_39,133,16,0.6831515655481726,0.5809800744056701,0.6172468066215515,0.6817418336868286,0.7462925314903259,0.7846861958503724,0.4457610487937927,0.3227259764321765,0.08270676691729323,0.015037593984962405,0.0,0.0,1.5416666666666667,1.0,0.656207536906004,0.6968377016484737
rrq_raw_heterogeneous,2.25,layer0,41,12,0.6988165276806529,0.5868327021598816,0.6194261312484741,0.6816985607147217,0.7497199773788452,0.8354095220565796,0.43272316455841064,0.2940789940880566,0.17073170731707318,0.04878048780487805,0.0,0.0,1.5833333333333333,1.0,0.6194261312484741,0.7351348400115967
rrq_raw_heterogeneous,2.25,difficult_4_20_39,92,15,0.6761704411195673,0.5803841412067413,0.6100205034017563,0.6821413040161133,0.7458766400814056,0.7790151715278626,0.44593038856983186,0.33549256638988206,0.043478260869565216,0.0,0.0,0.0,1.5416666666666667,1.0,0.647152304649353,0.7012650452554225
rrq_raw_heterogeneous,2.25,all_0_4_20_39,133,16,0.6831515655481726,0.5809800744056701,0.6172468066215515,0.6817418336868286,0.7462925314903259,0.7846861958503724,0.4457610487937927,0.3227259764321765,0.08270676691729323,0.015037593984962405,0.0,0.0,1.5416666666666667,1.0,0.6562504768371582,0.696121335029602
rrq_raw_heterogeneous,3.0,layer0,41,12,0.8501065228043533,0.7604802250862122,0.8055639863014221,0.8539429903030396,0.8954588770866394,0.9340887069702148,0.26747655868530273,0.20560350814243641,0.7804878048780488,0.21951219512195122,0.04878048780487805,0.0,2.3333333333333335,1.0,0.8093470931053162,0.8702614605426788
rrq_raw_heterogeneous,3.0,difficult_4_20_39,92,15,0.8613670040731845,0.7895904958248139,0.8188570141792297,0.8727517426013947,0.9082019031047821,0.9295592188835144,0.2562117934226991,0.19599576132453006,0.8804347826086957,0.29347826086956524,0.043478260869565216,0.0,2.3333333333333335,1.0,0.8402971923351288,0.891963005065918
rrq_raw_heterogeneous,3.0,all_0_4_20_39,133,16,0.8578957278925673,0.781086802482605,0.8141992688179016,0.8673273921012878,0.9044843912124634,0.9303616046905517,0.27137279510498036,0.19895754793756887,0.849624060150376,0.2706766917293233,0.045112781954887216,0.0,2.3333333333333335,1.0,0.845282256603241,0.8742420263588428
rrq_raw_heterogeneous,4.0,layer0,41,12,0.9592023230180508,0.9314796924591064,0.9470086693763733,0.9656414985656738,0.9720079302787781,0.9837002158164978,0.08181595802307129,0.10570741154071761,1.0,0.975609756097561,0.7317073170731707,0.024390243902439025,3.9166666666666665,1.0,0.9523845314979553,0.9708518981933594
rrq_raw_heterogeneous,4.0,difficult_4_20_39,92,15,0.9563452407069828,0.9336015164852143,0.9483957588672638,0.9589618742465973,0.967620387673378,0.9761815905570984,0.07249892950057983,0.12144937439133292,1.0,1.0,0.6956521739130435,0.0,3.9166666666666665,1.0,0.9537376813590527,0.9606409668922424
rrq_raw_heterogeneous,4.0,all_0_4_20_39,133,16,0.9572259954043797,0.9315191745758057,0.9482849836349487,0.9602951407432556,0.9695026874542236,0.97939213514328,0.0770109891891479,0.11659658885091767,1.0,0.9924812030075187,0.706766917293233,0.007518796992481203,3.9166666666666665,1.0,0.9553085640072823,0.962765097618103
rrq_raw_heterogeneous_bf16_scales,0.75,layer0,41,12,0.20959507401396588,0.03728532791137695,0.16006749868392944,0.20907795429229736,0.28471994400024414,0.34886687994003296,0.9999999403953552,0.4642376587158296,0.0,0.0,0.0,0.0,0.75,1.0,0.1819857358932495,0.2634055018424988
rrq_raw_heterogeneous_bf16_scales,0.75,difficult_4_20_39,92,15,0.26570393728173297,0.0017889797687530454,0.1454964429140091,0.2703586220741272,0.38934317231178284,0.4796562254428864,1.0,0.47237828082364536,0.0,0.0,0.0,0.0,0.75,1.0,0.17975890636444092,0.31093961000442505
rrq_raw_heterogeneous_bf16_scales,0.75,all_0_4_20_39,133,16,0.2484072200337747,0.019306933879852304,0.14676380157470703,0.24189454317092896,0.3536701202392578,0.4635133743286133,1.0,0.46986876573777736,0.0,0.0,0.0,0.0,0.75,1.0,0.1819857358932495,0.2883569598197937
rrq_raw_heterogeneous_bf16_scales,1.0,layer0,41,12,0.45691029036917336,0.35068279504776,0.3748961091041565,0.40672314167022705,0.46912139654159546,0.6800686120986938,0.6678135991096497,0.3874882597748826,0.04878048780487805,0.0,0.0,0.0,0.7916666666666666,1.0,0.38863110542297363,0.45585304498672485
rrq_raw_heterogeneous_bf16_scales,1.0,difficult_4_20_39,92,15,0.43164828095747076,0.3241572380065918,0.35805708169937134,0.4317137598991394,0.49478255212306976,0.5494774580001831,0.6917713165283204,0.443981301849303,0.0,0.0,0.0,0.0,0.7916666666666666,1.0,0.41517145484685897,0.45520836114883423
rrq_raw_heterogeneous_bf16_scales,1.0,all_0_4_20_39,133,16,0.43943581769340917,0.3262683868408203,0.3643377423286438,0.43057286739349365,0.4910475015640259,0.5669331669807434,0.6904882192611694,0.42656615354064714,0.015037593984962405,0.0,0.0,0.0,0.7916666666666666,1.0,0.40491050481796265,0.45052430927753445
rrq_raw_heterogeneous_bf16_scales,1.25,layer0,41,12,0.45691029036917336,0.35068279504776,0.3748961091041565,0.40672314167022705,0.46912139654159546,0.6800686120986938,0.6678135991096497,0.3874882597748826,0.04878048780487805,0.0,0.0,0.0,0.7916666666666666,1.0,0.38800021037459376,0.45585304498672485
rrq_raw_heterogeneous_bf16_scales,1.25,difficult_4_20_39,92,15,0.43164828095747076,0.3241572380065918,0.35805708169937134,0.4317137598991394,0.49478255212306976,0.5494774580001831,0.6917713165283204,0.443981301849303,0.0,0.0,0.0,0.0,0.7916666666666666,1.0,0.41954017207026484,0.45520836114883423
rrq_raw_heterogeneous_bf16_scales,1.25,all_0_4_20_39,133,16,0.43943581769340917,0.3262683868408203,0.3643377423286438,0.43057286739349365,0.4910475015640259,0.5669331669807434,0.6904882192611694,0.42656615354064714,0.015037593984962405,0.0,0.0,0.0,0.7916666666666666,1.0,0.40503495931625366,0.45344722270965576
rrq_raw_heterogeneous_bf16_scales,1.5,layer0,41,12,0.45691029036917336,0.35068279504776,0.3748961091041565,0.40672314167022705,0.46912139654159546,0.6800686120986938,0.6678135991096497,0.3874882597748826,0.04878048780487805,0.0,0.0,0.0,0.7916666666666666,1.0,0.3876941502094269,0.45585304498672485
rrq_raw_heterogeneous_bf16_scales,1.5,difficult_4_20_39,92,15,0.43164828095747076,0.3241572380065918,0.35805708169937134,0.4317137598991394,0.49478255212306976,0.5494774580001831,0.6917713165283204,0.443981301849303,0.0,0.0,0.0,0.0,0.7916666666666666,1.0,0.41230430603027346,0.4557877711951733
rrq_raw_heterogeneous_bf16_scales,1.5,all_0_4_20_39,133,16,0.43943581769340917,0.3262683868408203,0.3643377423286438,0.43057286739349365,0.4910475015640259,0.5669331669807434,0.6904882192611694,0.42656615354064714,0.015037593984962405,0.0,0.0,0.0,0.7916666666666666,1.0,0.40503495931625366,0.4505065083503723
rrq_raw_heterogeneous_bf16_scales,2.0,layer0,41,12,0.6985876545673464,0.5837012529373169,0.6194162368774414,0.681679368019104,0.7495304942131042,0.835334837436676,0.43261492252349854,0.29379427651079687,0.17073170731707318,0.04878048780487805,0.0,0.0,1.5833333333333333,1.0,0.6194162368774414,0.7399933338165283
rrq_raw_heterogeneous_bf16_scales,2.0,difficult_4_20_39,92,15,0.6761898333611696,0.5802104711532593,0.6102372705936432,0.6816270351409912,0.7458920627832413,0.7791244626045227,0.44587260484695435,0.3354873498496802,0.043478260869565216,0.0,0.0,0.0,1.5416666666666667,1.0,0.6472141742706299,0.7066265940666199
rrq_raw_heterogeneous_bf16_scales,2.0,all_0_4_20_39,133,16,0.6830944248608181,0.5804533243179322,0.6156388521194458,0.681679368019104,0.746791422367096,0.7848846793174744,0.4457206130027771,0.32263459791814475,0.08270676691729323,0.015037593984962405,0.0,0.0,1.5416666666666667,1.0,0.6564352512359619,0.6964403390884399
rrq_raw_heterogeneous_bf16_scales,2.25,layer0,41,12,0.6985876545673464,0.5837012529373169,0.6194162368774414,0.681679368019104,0.7495304942131042,0.835334837436676,0.43261492252349854,0.29379427651079687,0.17073170731707318,0.04878048780487805,0.0,0.0,1.5833333333333333,1.0,0.6495540887117386,0.7384554743766785
rrq_raw_heterogeneous_bf16_scales,2.25,difficult_4_20_39,92,15,0.6761898333611696,0.5802104711532593,0.6102372705936432,0.6816270351409912,0.7458920627832413,0.7791244626045227,0.44587260484695435,0.3354873498496802,0.043478260869565216,0.0,0.0,0.0,1.5416666666666667,1.0,0.6486590795218945,0.7066265940666199
rrq_raw_heterogeneous_bf16_scales,2.25,all_0_4_20_39,133,16,0.6830944248608181,0.5804533243179322,0.6156388521194458,0.681679368019104,0.746791422367096,0.7848846793174744,0.4457206130027771,0.32263459791814475,0.08270676691729323,0.015037593984962405,0.0,0.0,1.5416666666666667,1.0,0.6563848219811916,0.6972806453704834
rrq_raw_heterogeneous_bf16_scales,3.0,layer0,41,12,0.8499295784205925,0.76078200340271,0.8056063055992126,0.8537660241127014,0.8958268165588379,0.9338932037353516,0.26772797107696533,0.2056139538564333,0.7804878048780488,0.21951219512195122,0.04878048780487805,0.0,2.3333333333333335,1.0,0.8146823681890965,0.8755762577056885
rrq_raw_heterogeneous_bf16_scales,3.0,difficult_4_20_39,92,15,0.8613906684129135,0.7890761256217956,0.818818137049675,0.8728678822517395,0.9082580804824829,0.9294584155082702,0.25590738058090223,0.19599450557776119,0.8695652173913043,0.30434782608695654,0.043478260869565216,0.0,2.3333333333333335,1.0,0.8393388986587524,0.8917637266218662
rrq_raw_heterogeneous_bf16_scales,3.0,all_0_4_20_39,133,16,0.8578575504453558,0.7807077884674072,0.8142433762550354,0.8673939108848572,0.9050334692001343,0.9304005622863769,0.27151222229003896,0.19895989940802855,0.8421052631578947,0.2781954887218045,0.045112781954887216,0.0,2.3333333333333335,1.0,0.8450314022600651,0.874058187007904
rrq_raw_heterogeneous_bf16_scales,4.0,layer0,41,12,0.9594134281321269,0.9314550161361694,0.9475290775299072,0.9659482836723328,0.9738578200340271,0.983311653137207,0.08124023675918579,0.10559347290091398,1.0,0.975609756097561,0.7073170731707317,0.024390243902439025,3.9166666666666665,1.0,0.9526786208152771,0.9702009558677673
rrq_raw_heterogeneous_bf16_scales,4.0,difficult_4_20_39,92,15,0.9560017754202303,0.932495629787445,0.9485747665166855,0.9586779773235321,0.966611459851265,0.9759288907051087,0.07251213490962982,0.1215256059785252,1.0,1.0,0.717391304347826,0.0,3.9166666666666665,1.0,0.9537452921271324,0.9608802795410156
rrq_raw_heterogeneous_bf16_scales,4.0,all_0_4_20_39,133,16,0.9570534879103639,0.9320785164833069,0.948354959487915,0.9601801633834839,0.968814492225647,0.978875195980072,0.0774916529655456,0.1166141965335473,1.0,0.9924812030075187,0.7142857142857143,0.007518796992481203,3.9166666666666665,1.0,0.9550910890102386,0.9620600938796997
rrq_raw_heterogeneous_fp32_scales_upper,0.75,layer0,41,12,1.3083946414110137e-08,0.0,0.0,0.0,0.0,5.960464477539063e-08,1.0,0.5144555270671844,0.0,0.0,0.0,0.0,0.0,0.0,0.0,0.0
rrq_raw_heterogeneous_fp32_scales_upper,0.75,difficult_4_20_39,92,15,6.4787657364555025e-09,0.0,0.0,0.0,0.0,5.36441802978519e-08,1.0,0.5406104196672854,0.0,0.0,0.0,0.0,0.0,0.0,0.0,0.0
rrq_raw_heterogeneous_fp32_scales_upper,0.75,all_0_4_20_39,133,16,8.514949253627232e-09,0.0,0.0,0.0,0.0,5.960464477539063e-08,1.0,0.5325476332266528,0.0,0.0,0.0,0.0,0.0,0.0,0.0,0.0
rrq_raw_heterogeneous_fp32_scales_upper,1.0,layer0,41,12,0.4569436224495492,0.3506087064743042,0.37470394372940063,0.40667814016342163,0.46890199184417725,0.6799709796905518,0.667840301990509,0.38748723777329047,0.04878048780487805,0.0,0.0,0.0,0.875,1.0,0.3879387378692627,0.45624011754989624
rrq_raw_heterogeneous_fp32_scales_upper,1.0,difficult_4_20_39,92,15,0.43167281993057416,0.32435182929039,0.3582431972026825,0.4315902888774872,0.49465931951999664,0.5496655762195587,0.6918354362249375,0.44398283116195514,0.0,0.0,0.0,0.0,0.875,1.0,0.4152609705924988,0.45545005798339844
rrq_raw_heterogeneous_fp32_scales_upper,1.0,all_0_4_20_39,133,16,0.43946306732364165,0.32627941370010377,0.3644171953201294,0.4302043914794922,0.4911844730377197,0.5671532034873963,0.6905638098716735,0.4265668963579307,0.015037593984962405,0.0,0.0,0.0,0.875,1.0,0.4048779010772705,0.45522618293762207
rrq_raw_heterogeneous_fp32_scales_upper,1.25,layer0,41,12,0.4569436224495492,0.3506087064743042,0.37470394372940063,0.40667814016342163,0.46890199184417725,0.6799709796905518,0.667840301990509,0.38748723777329047,0.04878048780487805,0.0,0.0,0.0,0.875,1.0,0.38870924711227417,0.45624011754989624
rrq_raw_heterogeneous_fp32_scales_upper,1.25,difficult_4_20_39,92,15,0.43167281993057416,0.32435182929039,0.3582431972026825,0.4315902888774872,0.49465931951999664,0.5496655762195587,0.6918354362249375,0.44398283116195514,0.0,0.0,0.0,0.0,0.875,1.0,0.4148872077465057,0.45545005798339844
rrq_raw_heterogeneous_fp32_scales_upper,1.25,all_0_4_20_39,133,16,0.43946306732364165,0.32627941370010377,0.3644171953201294,0.4302043914794922,0.4911844730377197,0.5671532034873963,0.6905638098716735,0.4265668963579307,0.015037593984962405,0.0,0.0,0.0,0.875,1.0,0.40491550117731095,0.4510732889175415
rrq_raw_heterogeneous_fp32_scales_upper,1.5,layer0,41,12,0.4569436224495492,0.3506087064743042,0.37470394372940063,0.40667814016342163,0.46890199184417725,0.6799709796905518,0.667840301990509,0.38748723777329047,0.04878048780487805,0.0,0.0,0.0,0.875,1.0,0.3863682448863983,0.4560006260871887
rrq_raw_heterogeneous_fp32_scales_upper,1.5,difficult_4_20_39,92,15,0.43167281993057416,0.32435182929039,0.3582431972026825,0.4315902888774872,0.49465931951999664,0.5496655762195587,0.6918354362249375,0.44398283116195514,0.0,0.0,0.0,0.0,0.875,1.0,0.4194207787513733,0.45545005798339844
rrq_raw_heterogeneous_fp32_scales_upper,1.5,all_0_4_20_39,133,16,0.43946306732364165,0.32627941370010377,0.3644171953201294,0.4302043914794922,0.4911844730377197,0.5671532034873963,0.6905638098716735,0.4265668963579307,0.015037593984962405,0.0,0.0,0.0,0.875,1.0,0.40491550117731095,0.45065391063690186
rrq_raw_heterogeneous_fp32_scales_upper,2.0,layer0,41,12,0.6987966211830697,0.5859612822532654,0.619472086429596,0.681678056716919,0.7497075200080872,0.8354178667068481,0.4327932596206665,0.29407386954237774,0.17073170731707318,0.04878048780487805,0.0,0.0,1.75,1.0,0.6345292925834656,0.738825798034668
rrq_raw_heterogeneous_fp32_scales_upper,2.0,difficult_4_20_39,92,15,0.6761779221503631,0.5803145468235016,0.6099984645843506,0.6821005046367645,0.7458675652742386,0.7790378928184509,0.4459359705448151,0.3354918417399344,0.043478260869565216,0.0,0.0,0.0,1.7083333333333333,1.0,0.6471503376960754,0.7063931226730347
rrq_raw_heterogeneous_fp32_scales_upper,2.0,all_0_4_20_39,133,16,0.6831506038070622,0.5809129476547241,0.6170812845230103,0.6817018985748291,0.7463246583938599,0.7846691727638244,0.4457621097564697,0.3227238954233944,0.08270676691729323,0.015037593984962405,0.0,0.0,1.7083333333333333,1.0,0.6546950280666352,0.6961225867271423
rrq_raw_heterogeneous_fp32_scales_upper,2.25,layer0,41,12,0.6987966211830697,0.5859612822532654,0.619472086429596,0.681678056716919,0.7497075200080872,0.8354178667068481,0.4327932596206665,0.29407386954237774,0.17073170731707318,0.04878048780487805,0.0,0.0,1.75,1.0,0.6345285423099994,0.7404267191886902
rrq_raw_heterogeneous_fp32_scales_upper,2.25,difficult_4_20_39,92,15,0.6761779221503631,0.5803145468235016,0.6099984645843506,0.6821005046367645,0.7458675652742386,0.7790378928184509,0.4459359705448151,0.3354918417399344,0.043478260869565216,0.0,0.0,0.0,1.7083333333333333,1.0,0.6471503376960754,0.7063931226730347
rrq_raw_heterogeneous_fp32_scales_upper,2.25,all_0_4_20_39,133,16,0.6831506038070622,0.5809129476547241,0.6170812845230103,0.6817018985748291,0.7463246583938599,0.7846691727638244,0.4457621097564697,0.3227238954233944,0.08270676691729323,0.015037593984962405,0.0,0.0,1.7083333333333333,1.0,0.6525892019271851,0.6976196721196174
rrq_raw_heterogeneous_fp32_scales_upper,3.0,layer0,41,12,0.8499653644678069,0.7604702711105347,0.8055350184440613,0.8539559841156006,0.8957374691963196,0.9340956211090088,0.2674713134765625,0.20560544238584796,0.7804878048780488,0.21951219512195122,0.04878048780487805,0.0,2.5833333333333335,1.0,0.8142346829175949,0.8731798596680164
rrq_raw_heterogeneous_fp32_scales_upper,3.0,difficult_4_20_39,92,15,0.8613767578550007,0.7895475625991821,0.8188475966453552,0.8727494180202484,0.9081867933273315,0.9295498132705688,0.2562896072864534,0.19599648289706395,0.8804347826086957,0.29347826086956524,0.043478260869565216,0.0,2.5833333333333335,1.0,0.8396265506744385,0.8919128976762295
rrq_raw_heterogeneous_fp32_scales_upper,3.0,all_0_4_20_39,133,16,0.857858959893535,0.7810584425926208,0.8142126798629761,0.8673557043075562,0.9044746160507202,0.9303674817085266,0.2713584899902343,0.19895864334097482,0.849624060150376,0.2706766917293233,0.045112781954887216,0.0,2.5833333333333335,1.0,0.8435325622558594,0.8743628263473511
rrq_raw_heterogeneous_fp32_scales_upper,4.0,layer0,41,12,0.9262723631975127,0.8788415193557739,0.9143722057342529,0.935052752494812,0.9495711922645569,0.9627631306648254,0.13880586624145508,0.13516074582570936,1.0,0.8048780487804879,0.24390243902439024,0.0,3.4583333333333335,1.0,0.9203401207923889,0.9535554647445679
rrq_raw_heterogeneous_fp32_scales_upper,4.0,difficult_4_20_39,92,15,0.9238473798917688,0.8910996377468109,0.9035588949918747,0.927625298500061,0.9487672001123428,0.9559698700904846,0.13285623192787177,0.15914841117742268,1.0,0.8152173913043478,0.2391304347826087,0.0,3.4583333333333335,1.0,0.9110187292098999,0.934708409756422
rrq_raw_heterogeneous_fp32_scales_upper,4.0,all_0_4_20_39,133,16,0.9245949311363966,0.8837459206581115,0.9040870666503906,0.9300744533538818,0.9489805698394775,0.958812415599823,0.14176335334777826,0.15175371734719528,1.0,0.8120300751879699,0.24060150375939848,0.0,3.4583333333333335,1.0,0.9221814870834351,0.935179591178894
rrq_raw_heterogeneous_weight_only_down,0.75,layer0,41,12,0.20959864883888057,0.037286996841430664,0.16012722253799438,0.20902365446090698,0.2846347689628601,0.3490191698074341,0.9999999403953552,0.4642390543367805,0.0,0.0,0.0,0.0,0.75,1.0,0.18194684386253357,0.2634512782096863
rrq_raw_heterogeneous_weight_only_down,0.75,difficult_4_20_39,92,15,0.26576389825862384,0.0017948865890502865,0.14595873653888702,0.27058160305023193,0.3895275741815567,0.47979766130447393,1.0,0.47238352927176847,0.0,0.0,0.0,0.0,0.75,1.0,0.17867177724838257,0.3107920289039612
rrq_raw_heterogeneous_weight_only_down,0.75,all_0_4_20_39,133,16,0.24844979881343984,0.019316935539245614,0.146917462348938,0.24144506454467773,0.3532661199569702,0.46342232227325436,1.0,0.4698728264722609,0.0,0.0,0.0,0.0,0.75,1.0,0.1819409728050232,0.2883871793746948
rrq_raw_heterogeneous_weight_only_down,1.0,layer0,41,12,0.46525852854658917,0.3655228018760681,0.3875998854637146,0.42187100648880005,0.47800230979919434,0.6801797747612,0.6647701263427734,0.3793564366131294,0.04878048780487805,0.0,0.0,0.0,0.7916666666666666,1.0,0.4074724316596985,0.44839906692504883
rrq_raw_heterogeneous_weight_only_down,1.0,difficult_4_20_39,92,15,0.4257823617562004,0.3102903485298157,0.3474902957677841,0.4217781722545624,0.4934159964323044,0.5425704479217529,0.7186517953872681,0.44617922895628476,0.0,0.0,0.0,0.0,0.7916666666666666,1.0,0.39115607738494873,0.44515216574072836
rrq_raw_heterogeneous_weight_only_down,1.0,all_0_4_20_39,133,16,0.4379517064058691,0.32305575609207154,0.3691703677177429,0.42187100648880005,0.48478084802627563,0.5663289070129395,0.6932033419609069,0.42557972154222934,0.015037593984962405,0.0,0.0,0.0,0.7916666666666666,1.0,0.4034845232963562,0.4343543745577335
rrq_raw_heterogeneous_weight_only_down,1.25,layer0,41,12,0.46525852854658917,0.3655228018760681,0.3875998854637146,0.42187100648880005,0.47800230979919434,0.6801797747612,0.6647701263427734,0.3793564366131294,0.04878048780487805,0.0,0.0,0.0,0.7916666666666666,1.0,0.4074724316596985,0.44839906692504883
rrq_raw_heterogeneous_weight_only_down,1.25,difficult_4_20_39,92,15,0.4257823617562004,0.3102903485298157,0.3474902957677841,0.4217781722545624,0.4934159964323044,0.5425704479217529,0.7186517953872681,0.44617922895628476,0.0,0.0,0.0,0.0,0.7916666666666666,1.0,0.3931524157524109,0.44548195600509644
rrq_raw_heterogeneous_weight_only_down,1.25,all_0_4_20_39,133,16,0.4379517064058691,0.32305575609207154,0.3691703677177429,0.42187100648880005,0.48478084802627563,0.5663289070129395,0.6932033419609069,0.42557972154222934,0.015037593984962405,0.0,0.0,0.0,0.7916666666666666,1.0,0.4034845232963562,0.4364718198776245
rrq_raw_heterogeneous_weight_only_down,1.5,layer0,41,12,0.46525852854658917,0.3655228018760681,0.3875998854637146,0.42187100648880005,0.47800230979919434,0.6801797747612,0.6647701263427734,0.3793564366131294,0.04878048780487805,0.0,0.0,0.0,0.7916666666666666,1.0,0.4074724316596985,0.44804057478904724
rrq_raw_heterogeneous_weight_only_down,1.5,difficult_4_20_39,92,15,0.4257823617562004,0.3102903485298157,0.3474902957677841,0.4217781722545624,0.4934159964323044,0.5425704479217529,0.7186517953872681,0.44617922895628476,0.0,0.0,0.0,0.0,0.7916666666666666,1.0,0.39312746152281763,0.44548195600509644
rrq_raw_heterogeneous_weight_only_down,1.5,all_0_4_20_39,133,16,0.4379517064058691,0.32305575609207154,0.3691703677177429,0.42187100648880005,0.48478084802627563,0.5663289070129395,0.6932033419609069,0.42557972154222934,0.015037593984962405,0.0,0.0,0.0,0.7916666666666666,1.0,0.4034845232963562,0.435196128487587
rrq_raw_heterogeneous_weight_only_down,2.0,layer0,41,12,0.7061295538413815,0.6239023208618164,0.6558727622032166,0.6792686581611633,0.7598580121994019,0.8281735777854919,0.38407719135284424,0.2861204776095181,0.17073170731707318,0.04878048780487805,0.0,0.0,1.5833333333333333,1.0,0.6579093337059021,0.699295312166214
rrq_raw_heterogeneous_weight_only_down,2.0,difficult_4_20_39,92,15,0.678190652443015,0.5681910395622254,0.6212219297885895,0.6860266029834747,0.7386273145675659,0.7766151309013367,0.4435859799385071,0.33837844042674353,0.05434782608695652,0.0,0.0,0.0,1.5416666666666667,1.0,0.6604900658130646,0.6965683698654175
rrq_raw_heterogeneous_weight_only_down,2.0,all_0_4_20_39,133,16,0.686803396483113,0.5796780347824096,0.6397241353988647,0.6843563914299011,0.7399230003356934,0.784158182144165,0.4351148128509521,0.3222688428665462,0.09022556390977443,0.015037593984962405,0.0,0.0,1.5416666666666667,1.0,0.6638008952140808,0.696121335029602
rrq_raw_heterogeneous_weight_only_down,2.25,layer0,41,12,0.7061295538413815,0.6239023208618164,0.6558727622032166,0.6792686581611633,0.7598580121994019,0.8281735777854919,0.38407719135284424,0.2861204776095181,0.17073170731707318,0.04878048780487805,0.0,0.0,1.5833333333333333,1.0,0.6573466338217259,0.699295312166214
rrq_raw_heterogeneous_weight_only_down,2.25,difficult_4_20_39,92,15,0.678190652443015,0.5681910395622254,0.6212219297885895,0.6860266029834747,0.7386273145675659,0.7766151309013367,0.4435859799385071,0.33837844042674353,0.05434782608695652,0.0,0.0,0.0,1.5416666666666667,1.0,0.6619682908058167,0.6965683698654175
rrq_raw_heterogeneous_weight_only_down,2.25,all_0_4_20_39,133,16,0.686803396483113,0.5796780347824096,0.6397241353988647,0.6843563914299011,0.7399230003356934,0.784158182144165,0.4351148128509521,0.3222688428665462,0.09022556390977443,0.015037593984962405,0.0,0.0,1.5416666666666667,1.0,0.6628887958824634,0.6953730583190918
rrq_raw_heterogeneous_weight_only_down,3.0,layer0,41,12,0.8468278646469116,0.7848290801048279,0.8140140771865845,0.8411757946014404,0.8849327564239502,0.9175094366073608,0.23514962196350098,0.1993948163055792,0.8292682926829268,0.21951219512195122,0.07317073170731707,0.0,2.3333333333333335,1.0,0.8187866806983948,0.8692077994346619
rrq_raw_heterogeneous_weight_only_down,3.0,difficult_4_20_39,92,15,0.8657924299654753,0.7936127424240113,0.8231795877218246,0.8803653120994568,0.9123224318027496,0.9317728817462921,0.23614776730537418,0.1976225437677425,0.8695652173913043,0.3804347826086957,0.043478260869565216,0.0,2.3333333333333335,1.0,0.8492602705955505,0.9001250267028809
rrq_raw_heterogeneous_weight_only_down,3.0,all_0_4_20_39,133,16,0.8599462105815572,0.7860268712043762,0.8185365200042725,0.8689737319946289,0.9088938236236572,0.9282601356506348,0.23715834617614742,0.19816888342226358,0.8571428571428571,0.3308270676691729,0.05263157894736842,0.0,2.3333333333333335,1.0,0.8464258313179016,0.8809401392936707
rrq_raw_heterogeneous_weight_only_down,4.0,layer0,41,12,0.9632728230662462,0.9387566447257996,0.9540396928787231,0.9656031131744385,0.9743030667304993,0.9803422093391418,0.06554925441741943,0.10252400269595588,1.0,1.0,0.7804878048780488,0.0,3.9166666666666665,1.0,0.954211950302124,0.9714879393577576
rrq_raw_heterogeneous_weight_only_down,4.0,difficult_4_20_39,92,15,0.9575538959192194,0.9364362537860871,0.9494612365961075,0.9604344367980957,0.9688751399517059,0.9754622638225555,0.07017967402935028,0.11946135560941437,1.0,1.0,0.7391304347826086,0.0,3.9166666666666665,1.0,0.9578324608504772,0.9617462784051896
rrq_raw_heterogeneous_weight_only_down,4.0,all_0_4_20_39,133,16,0.959316873460784,0.9371982336044311,0.9503399729728699,0.9613757133483887,0.9712912440299988,0.9761670231819153,0.06862405538558958,0.1142400663654159,1.0,1.0,0.7518796992481203,0.0,3.9166666666666665,1.0,0.9580648273229599,0.9652340412139893
rrq_raw_homogeneous,0.75,layer0,41,12,1.3083946414110137e-08,0.0,0.0,0.0,0.0,5.960464477539063e-08,1.0,0.5144555270671844,0.0,0.0,0.0,0.0,0.0,0.0,0.0,0.0
rrq_raw_homogeneous,0.75,difficult_4_20_39,92,15,6.4787657364555025e-09,0.0,0.0,0.0,0.0,5.36441802978519e-08,1.0,0.5406104196672854,0.0,0.0,0.0,0.0,0.0,0.0,0.0,0.0
rrq_raw_homogeneous,0.75,all_0_4_20_39,133,16,8.514949253627232e-09,0.0,0.0,0.0,0.0,5.960464477539063e-08,1.0,0.5325476332266528,0.0,0.0,0.0,0.0,0.0,0.0,0.0,0.0
rrq_raw_homogeneous,1.0,layer0,41,12,0.5077099218601133,0.3754512071609497,0.41509002447128296,0.5148464441299438,0.5711976289749146,0.6482987999916077,0.6695194840431213,0.35325956271915904,0.07317073170731707,0.0,0.0,0.0,0.7916666666666666,1.0,0.47472299784421923,0.5425419211387634
rrq_raw_homogeneous,1.0,difficult_4_20_39,92,15,0.40374249738195667,0.2812177658081055,0.3221353143453598,0.40347233414649963,0.46672260761260986,0.5283733606338501,0.7521245628595352,0.45544635212939716,0.0,0.0,0.0,0.0,0.7916666666666666,1.0,0.37680232524871826,0.42715370655059814
rrq_raw_homogeneous,1.0,all_0_4_20_39,133,16,0.4357926056797343,0.2840006470680237,0.34641551971435547,0.42715370655059814,0.5202362537384033,0.5732540369033814,0.7457234621047973,0.42394516140894783,0.022556390977443608,0.0,0.0,0.0,0.7916666666666666,1.0,0.4184674024581909,0.4610034227371216
rrq_raw_homogeneous,1.25,layer0,41,12,0.5077099218601133,0.3754512071609497,0.41509002447128296,0.5148464441299438,0.5711976289749146,0.6482987999916077,0.6695194840431213,0.35325956271915904,0.07317073170731707,0.0,0.0,0.0,0.7916666666666666,1.0,0.459453821182251,0.5425419211387634
rrq_raw_homogeneous,1.25,difficult_4_20_39,92,15,0.40374249738195667,0.2812177658081055,0.3221353143453598,0.40347233414649963,0.46672260761260986,0.5283733606338501,0.7521245628595352,0.45544635212939716,0.0,0.0,0.0,0.0,0.7916666666666666,1.0,0.37206166982650757,0.42715370655059814
rrq_raw_homogeneous,1.25,all_0_4_20_39,133,16,0.4357926056797343,0.2840006470680237,0.34641551971435547,0.42715370655059814,0.5202362537384033,0.5732540369033814,0.7457234621047973,0.42394516140894783,0.022556390977443608,0.0,0.0,0.0,0.7916666666666666,1.0,0.418242484331131,0.4602286219596863
rrq_raw_homogeneous,1.5,layer0,41,12,0.5077099218601133,0.3754512071609497,0.41509002447128296,0.5148464441299438,0.5711976289749146,0.6482987999916077,0.6695194840431213,0.35325956271915904,0.07317073170731707,0.0,0.0,0.0,0.7916666666666666,1.0,0.459453821182251,0.5425419211387634
rrq_raw_homogeneous,1.5,difficult_4_20_39,92,15,0.40374249738195667,0.2812177658081055,0.3221353143453598,0.40347233414649963,0.46672260761260986,0.5283733606338501,0.7521245628595352,0.45544635212939716,0.0,0.0,0.0,0.0,0.7916666666666666,1.0,0.37535372376441956,0.42715370655059814
rrq_raw_homogeneous,1.5,all_0_4_20_39,133,16,0.4357926056797343,0.2840006470680237,0.34641551971435547,0.42715370655059814,0.5202362537384033,0.5732540369033814,0.7457234621047973,0.42394516140894783,0.022556390977443608,0.0,0.0,0.0,0.7916666666666666,1.0,0.41732404455542566,0.45995943546295165
rrq_raw_homogeneous,2.0,layer0,41,12,0.7248029025589547,0.6415616273880005,0.6793019771575928,0.7059609889984131,0.7569881677627563,0.8654327392578125,0.3861370086669922,0.27331906738804607,0.24390243902439024,0.07317073170731707,0.024390243902439025,0.0,1.5833333333333333,1.0,0.6958955526351929,0.7267619296908379
rrq_raw_homogeneous,2.0,difficult_4_20_39,92,15,0.6221268371395443,0.4753423035144806,0.5484854876995087,0.6249898970127106,0.695230633020401,0.7521379590034485,0.5440341651439667,0.3704035965644795,0.021739130434782608,0.0,0.0,0.0,1.5833333333333333,1.0,0.5781234502792358,0.6480989456176758
rrq_raw_homogeneous,2.0,all_0_4_20_39,133,16,0.6537788573064303,0.4951225996017456,0.5737124085426331,0.662670373916626,0.7244490385055542,0.7868503570556641,0.5372217297554016,0.3404752830589624,0.09022556390977443,0.022556390977443608,0.007518796992481203,0.0,1.5833333333333333,1.0,0.6416771411895752,0.6862170696258545
rrq_raw_homogeneous,2.25,layer0,41,12,0.7248029025589547,0.6415616273880005,0.6793019771575928,0.7059609889984131,0.7569881677627563,0.8654327392578125,0.3861370086669922,0.27331906738804607,0.24390243902439024,0.07317073170731707,0.024390243902439025,0.0,1.5833333333333333,1.0,0.6936024785041809,0.7285538911819458
rrq_raw_homogeneous,2.25,difficult_4_20_39,92,15,0.6221268371395443,0.4753423035144806,0.5484854876995087,0.6249898970127106,0.695230633020401,0.7521379590034485,0.5440341651439667,0.3704035965644795,0.021739130434782608,0.0,0.0,0.0,1.5833333333333333,1.0,0.5782462358474731,0.6480989456176758
rrq_raw_homogeneous,2.25,all_0_4_20_39,133,16,0.6537788573064303,0.4951225996017456,0.5737124085426331,0.662670373916626,0.7244490385055542,0.7868503570556641,0.5372217297554016,0.3404752830589624,0.09022556390977443,0.022556390977443608,0.007518796992481203,0.0,1.5833333333333333,1.0,0.6415616273880005,0.6862170696258545
rrq_raw_homogeneous,3.0,layer0,41,12,0.8305514367615304,0.7232535481452942,0.7923033833503723,0.8465086817741394,0.8981751799583435,0.925652027130127,0.32431280612945557,0.2138635714243098,0.7073170731707317,0.24390243902439024,0.07317073170731707,0.0,2.375,1.0,0.8102827541530132,0.849922239780426
rrq_raw_homogeneous,3.0,difficult_4_20_39,92,15,0.7672692802937134,0.6509309053421021,0.7218598276376724,0.7778216004371643,0.8249922692775726,0.8588193953037262,0.3831128835678101,0.28738031455356144,0.3695652173913043,0.03260869565217391,0.0,0.0,2.375,1.0,0.752232551574707,0.7926616668701172
rrq_raw_homogeneous,3.0,all_0_4_20_39,133,16,0.7867773134905592,0.6728880643844605,0.7456068992614746,0.7965699434280396,0.8442345857620239,0.8993369460105896,0.37533415555953975,0.26471725840093496,0.47368421052631576,0.09774436090225563,0.022556390977443608,0.0,2.375,1.0,0.7855709791183472,0.8149076700210571
rrq_raw_homogeneous,4.0,layer0,41,12,0.9482747229134164,0.9095261096954346,0.9312653541564941,0.9628145098686218,0.9725913405418396,0.9834576845169067,0.10021686553955078,0.11425509013053847,1.0,0.926829268292683,0.5609756097560976,0.0,3.9583333333333335,1.0,0.9330267310142517,0.9712452292442322
rrq_raw_homogeneous,4.0,difficult_4_20_39,92,15,0.9245247840881348,0.8861256897449493,0.9087921679019928,0.9317407011985779,0.9471484571695328,0.9597171366214753,0.128005588054657,0.15903881127419678,0.9891304347826086,0.8043478260869565,0.20652173913043478,0.0,3.9583333333333335,1.0,0.9210919439792633,0.9372804760932922
rrq_raw_homogeneous,4.0,all_0_4_20_39,133,16,0.9318461938011915,0.8894458532333374,0.9154945611953735,0.9372804760932922,0.9553347826004028,0.9723647117614747,0.12183429002761838,0.14523330325246753,0.9924812030075187,0.8421052631578947,0.3157894736842105,0.0,3.9583333333333335,1.0,0.9296446442604065,0.9412673711776733
