candidate,design,split,level,count,p10_common_recovery,median_common_recovery,p90_common_recovery,p10_relative_error,median_relative_error,p90_relative_error,p10_damage,mean_damage,median_damage,p90_damage
A_vector_functional,A,test,2,152,-0.13993927687919577,0.11306417483476605,0.5138087701698318,0.47065673768520355,0.5281901359558105,0.6542471587657929,0.05194707363843918,7.8460209841325295,0.2740338295698166,19.703001594543462
A_vector_functional,A,test,3,152,0.5511578986934729,0.7698470102645136,0.8710625193165084,0.24039578437805176,0.2810119241476059,0.330525603890419,0.012753238901495934,1.8481561838477654,0.07755788788199425,5.446529006958011
A_vector_functional,A,test,4,152,1.0,1.0,1.0,0.0,0.0,0.0,0.0,0.0,0.0,0.0
A_vector_functional,A,train,2,258,-0.18376660057042557,0.10229199938073491,0.5341841107860664,0.46775112450122835,0.5224782228469849,0.6375832378864289,0.06312216296792031,7.6006400441938595,0.27516569197177887,19.597439575195324
A_vector_functional,A,train,3,258,0.5570700411128828,0.7696610417300115,0.8743051071532436,0.2353446215391159,0.27563799917697906,0.3343122273683548,0.017527431622147562,1.622427343082246,0.08074850961565971,4.665900135040284
A_vector_functional,A,train,4,258,1.0,1.0,1.0,0.0,0.0,0.0,0.0,0.0,0.0,0.0
A_vector_functional,A,validation,2,135,-0.18058687668972517,0.13630653559462746,0.42070943395713556,0.46929131746292113,0.5250090956687927,0.6363051652908326,0.06362309455871583,9.586509917869613,0.26203280687332153,24.36024246215824
A_vector_functional,A,validation,3,135,0.5949322490260298,0.783100569861608,0.8785921342142193,0.240064337849617,0.28254321217536926,0.33181546330451966,0.014936964213848115,1.8412787171011722,0.07601141184568405,6.170549774169922
A_vector_functional,A,validation,4,135,1.0,1.0,1.0,0.0,0.0,0.0,0.0,0.0,0.0,0.0
A_vector_functional_shrunk,A,test,2,152,-0.13335525145100935,0.1004754028927094,0.45752649746178065,0.47762490510940553,0.5273759365081787,0.6625658631324768,0.05069351829588414,7.924773711490592,0.28839705884456635,19.96851959228517
A_vector_functional_shrunk,A,test,3,152,0.6014138093536594,0.7660159033603672,0.8670466596501999,0.2422744333744049,0.2816064953804016,0.3304283022880554,0.012397495284676553,1.8653191537902643,0.0828738808631897,5.230167675018311
A_vector_functional_shrunk,A,test,4,152,1.0,1.0,1.0,0.0,0.0,0.0,0.0,0.0,0.0,0.0
A_vector_functional_shrunk,A,train,2,258,-0.22374005499462135,0.10164038633450684,0.47369241151654523,0.47115621864795687,0.5228973925113678,0.6446572721004487,0.06453672721982003,7.5728852220977,0.28422607481479645,20.625877571105967
A_vector_functional_shrunk,A,train,3,258,0.5542393914090318,0.7697030519396649,0.8729083767575736,0.23464917838573457,0.27510108053684235,0.3327330738306046,0.01806321069598198,1.6169823803595997,0.08199114724993706,4.613235139846805
A_vector_functional_shrunk,A,train,4,258,1.0,1.0,1.0,0.0,0.0,0.0,0.0,0.0,0.0,0.0
A_vector_functional_shrunk,A,validation,2,135,-0.1851090823014072,0.11064945325685005,0.4021153964218006,0.479938805103302,0.5266484618186951,0.6447874307632446,0.06718461513519287,9.718627167506902,0.2664070129394531,24.39156951904299
A_vector_functional_shrunk,A,validation,3,135,0.5797050752420704,0.7879778501083472,0.8803929633238226,0.24222391247749328,0.2819250226020813,0.3300703823566437,0.016561488807201385,1.829181582470321,0.07605393975973129,5.832558917999269
A_vector_functional_shrunk,A,validation,4,135,1.0,1.0,1.0,0.0,0.0,0.0,0.0,0.0,0.0,0.0
B16_g32_cluster_functional,B,test,2,152,-0.07458894518544414,0.3088097645416527,0.6451417057105497,0.4069849461317062,0.48527127504348755,0.5826635479927064,0.03775575272738934,5.07435857590386,0.23499122262001038,16.482340812683116
B16_g32_cluster_functional,B,test,3,152,0.6206777603959851,0.7792521484930115,0.8789602060938398,0.22609049528837205,0.27294227480888367,0.31601440012454984,0.011926912888884545,1.4605115812431138,0.08994672819972038,4.881924676895142
B16_g32_cluster_functional,B,test,4,152,1.0,1.0,1.0,0.0,0.0,0.0,0.0,0.0,0.0,0.0
B16_g32_cluster_functional,B,train,2,258,-0.036213727260505243,0.32539794128072264,0.694247376322304,0.37444061040878296,0.46360062062740326,0.5600365281105042,0.04638335406780243,5.049211042471114,0.23394472897052765,17.31358871459962
B16_g32_cluster_functional,B,train,3,258,0.6111301263424203,0.7873489388528336,0.8990085437558314,0.21007856279611586,0.2644035518169403,0.31660349667072296,0.01532462127506733,1.3725426577919617,0.08452046662569046,4.321014404296875
B16_g32_cluster_functional,B,train,4,258,1.0,1.0,1.0,0.0,0.0,0.0,0.0,0.0,0.0,0.0
B16_g32_cluster_functional,B,validation,2,135,-0.12676208920518706,0.2598518024307386,0.6356112843171106,0.4022149443626404,0.48524779081344604,0.5713234424591065,0.057852568477392195,6.295818428488241,0.21726293861865997,21.870178985595707
B16_g32_cluster_functional,B,validation,3,135,0.6040783598410614,0.7741382537019197,0.8907345512451433,0.22766967117786407,0.2780700623989105,0.32140791416168213,0.01447815652936697,1.5732002903293405,0.07590888440608978,5.518366718292238
B16_g32_cluster_functional,B,validation,4,135,1.0,1.0,1.0,0.0,0.0,0.0,0.0,0.0,0.0,0.0
B16_g32_expert_functional,B,test,2,152,-0.09393249005142879,0.29713726886236475,0.6198389950196239,0.3983574390411377,0.4795950949192047,0.5613016664981842,0.03660136200487614,4.825650094027974,0.22959280014038086,17.069486999511724
B16_g32_expert_functional,B,test,3,152,0.6236286366483972,0.8094031613356645,0.9028791162854326,0.21596297025680544,0.26586031913757324,0.3174296945333481,0.011535610631108285,1.3646154991246906,0.07753279432654381,4.7588596820831315
B16_g32_expert_functional,B,test,4,152,1.0,1.0,1.0,0.0,0.0,0.0,0.0,0.0,0.0,0.0
B16_g32_expert_functional,B,train,2,258,-0.047483184451738575,0.32024172225213016,0.6567857545273126,0.36763123869895936,0.45739658176898956,0.5457970559597015,0.04756861552596093,4.931065868030396,0.2206466868519783,15.831100463867193
B16_g32_expert_functional,B,train,3,258,0.5868329836453546,0.7962846087134938,0.9080233469383931,0.20316955149173738,0.25813308358192444,0.31237814128398894,0.01583493370562792,1.3613724114089958,0.07153037190437317,4.1448205947876
B16_g32_expert_functional,B,train,4,258,1.0,1.0,1.0,0.0,0.0,0.0,0.0,0.0,0.0,0.0
B16_g32_expert_functional,B,validation,2,135,-0.014682502366712978,0.288670072948357,0.6484518022687588,0.40271154046058655,0.48089492321014404,0.5591238617897034,0.04767357856035233,6.355316126394879,0.2199508398771286,20.486919784545925
B16_g32_expert_functional,B,validation,3,135,0.6331855056084846,0.7928269431805298,0.9068923468413573,0.21619429290294648,0.2720220386981964,0.3128774583339691,0.01314891465008259,1.4514773651267643,0.0730162113904953,4.7389730453491214
B16_g32_expert_functional,B,validation,4,135,1.0,1.0,1.0,0.0,0.0,0.0,0.0,0.0,0.0,0.0
B16_g32_global_activation,B,test,2,152,-0.07328600012385814,0.33318412715527446,0.655335515642237,0.4052152305841446,0.48227448761463165,0.5632167637348175,0.0377211481332779,5.111538552715884,0.23350784182548523,16.866521072387705
B16_g32_global_activation,B,test,3,152,0.5880600658726883,0.7683522434928092,0.8725601724203154,0.23621664047241211,0.27692389488220215,0.3284232258796692,0.012707391194999218,1.659272882762659,0.09217417240142822,5.82745442390442
B16_g32_global_activation,B,test,4,152,1.0,1.0,1.0,0.0,0.0,0.0,0.0,0.0,0.0,0.0
B16_g32_global_activation,B,train,2,258,-0.06463028787009238,0.2978726877047323,0.6708340503853841,0.37636996805667877,0.4677780866622925,0.5543888509273529,0.04438694715499878,5.517849890320281,0.2323755919933319,20.315817070007334
B16_g32_global_activation,B,train,3,258,0.5660656047560549,0.7726612636431389,0.877896664084531,0.2202879950404167,0.2733706682920456,0.32396023273468016,0.015366193000227214,1.5828132249862534,0.09104489162564278,5.831978273391724
B16_g32_global_activation,B,train,4,258,1.0,1.0,1.0,0.0,0.0,0.0,0.0,0.0,0.0,0.0
B16_g32_global_activation,B,validation,2,135,-0.1328849891820183,0.24519359754591574,0.6070930010169343,0.40963690876960757,0.4956705868244171,0.5576537251472473,0.04917294904589653,6.959296473819348,0.23747922480106354,23.19267807006836
B16_g32_global_activation,B,validation,3,135,0.6221659135430762,0.7683130889275236,0.8754285050658297,0.23540021181106568,0.2809198796749115,0.32318166494369505,0.015289136394858361,1.5669236280299998,0.08272949606180191,5.531536006927491
B16_g32_global_activation,B,validation,4,135,1.0,1.0,1.0,0.0,0.0,0.0,0.0,0.0,0.0,0.0
B16_g32_global_functional,B,test,2,152,-0.08503094933964338,0.2992956647501458,0.6272655118735864,0.3997473746538162,0.48975323140621185,0.5678643703460693,0.039727707207202916,5.00186575244573,0.23671158403158188,17.87890701293947
B16_g32_global_functional,B,test,3,152,0.5998020197428664,0.7685973710376959,0.8862874860083944,0.23444842845201494,0.28167058527469635,0.3293844312429428,0.01312109986320138,1.5852768639329282,0.093094103038311,6.212204408645632
B16_g32_global_functional,B,test,4,152,1.0,1.0,1.0,0.0,0.0,0.0,0.0,0.0,0.0,0.0
B16_g32_global_functional,B,train,2,258,-0.08305189496242822,0.2837017786649613,0.6668409072761463,0.372610604763031,0.46580031514167786,0.554822587966919,0.047453854978084575,5.182838902675164,0.25607438385486603,18.659809494018567
B16_g32_global_functional,B,train,3,258,0.5637157734843944,0.7632512837718903,0.8797697276513493,0.2202635109424591,0.2755543291568756,0.3218648761510849,0.0161701075732708,1.4303831986978275,0.09657077491283417,5.061910104751587
B16_g32_global_functional,B,train,4,258,1.0,1.0,1.0,0.0,0.0,0.0,0.0,0.0,0.0,0.0
B16_g32_global_functional,B,validation,2,135,-0.10774125960123686,0.2099349463843282,0.6151530072882352,0.41052846908569335,0.4983081817626953,0.5637642860412598,0.054088281095027925,6.444574105104914,0.2485402673482895,18.77988319396975
B16_g32_global_functional,B,validation,3,135,0.5997116282208562,0.7669889167038282,0.8673581071993097,0.23536948561668397,0.28740179538726807,0.32645375132560733,0.01630706824362278,1.5821427162564188,0.08156684041023254,5.44856119155884
B16_g32_global_functional,B,validation,4,135,1.0,1.0,1.0,0.0,0.0,0.0,0.0,0.0,0.0,0.0
B16_g32_global_functional_eps_0p0,B,test,2,152,-0.1059386261806363,0.2645043423736775,0.6306253205792,0.3985553026199341,0.4814992845058441,0.5710798859596252,0.04218245148658752,5.439648158149794,0.23139690607786179,19.87294731140138
B16_g32_global_functional_eps_0p0,B,test,3,152,0.6067076975518135,0.7590814598344665,0.8717641904204568,0.234698149561882,0.2831394821405411,0.32793042659759525,0.013492426928132774,1.5302204257153023,0.08219350874423981,5.466559410095216
B16_g32_global_functional_eps_0p0,B,test,4,152,1.0,1.0,1.0,0.0,0.0,0.0,0.0,0.0,0.0,0.0
B16_g32_global_functional_eps_0p0,B,train,2,258,-0.03527928136983607,0.2878480362230481,0.6792210688995054,0.37397183775901793,0.46305571496486664,0.5516731202602386,0.04526350386440754,5.203900392643761,0.22089339792728424,16.496219062805178
B16_g32_global_functional_eps_0p0,B,train,3,258,0.5817527061871157,0.7752788787344569,0.8801958122791841,0.22056081295013427,0.2754015773534775,0.32096035182476046,0.01616546828299761,1.4630780145002515,0.0828314796090126,4.803907918930057
B16_g32_global_functional_eps_0p0,B,train,4,258,1.0,1.0,1.0,0.0,0.0,0.0,0.0,0.0,0.0,0.0
B16_g32_global_functional_eps_0p0,B,validation,2,135,-0.11555020242312336,0.2350107984665144,0.5997290117477067,0.4064828991889954,0.4875800907611847,0.568031394481659,0.05088801980018616,6.7755114142541535,0.23840638995170593,18.014935302734376
B16_g32_global_functional_eps_0p0,B,validation,3,135,0.5888072828231504,0.772792270854676,0.881408103129612,0.23490605056285857,0.28323403000831604,0.3287328541278839,0.014555287919938565,1.6059296462098482,0.08043371140956879,5.5078069686889695
B16_g32_global_functional_eps_0p0,B,validation,4,135,1.0,1.0,1.0,0.0,0.0,0.0,0.0,0.0,0.0,0.0
B16_g32_global_functional_eps_0p001,B,test,2,152,-0.16775563393060977,0.32759862023039366,0.6872279627840434,0.40164722204208375,0.48669327795505524,0.580749237537384,0.042632861807942395,4.991716084658708,0.23007862269878387,15.817860317230231
B16_g32_global_functional_eps_0p001,B,test,3,152,0.578025337008416,0.7763287555585692,0.8798493647860818,0.23627422153949737,0.2838706076145172,0.32424336671829224,0.013408169150352478,1.4999981078313125,0.09451404213905334,5.003830957412721
B16_g32_global_functional_eps_0p001,B,test,4,152,1.0,1.0,1.0,0.0,0.0,0.0,0.0,0.0,0.0,0.0
B16_g32_global_functional_eps_0p001,B,train,2,258,-0.08742088782184189,0.32213842102275814,0.6707621969463827,0.3691453456878662,0.46822400391101837,0.5566952705383301,0.04385214895009995,5.2375655144077635,0.24799209088087082,20.219408226013186
B16_g32_global_functional_eps_0p001,B,train,3,258,0.5873688625383654,0.765608667643882,0.8848340172138832,0.2200768321752548,0.2749312072992325,0.32274816930294037,0.015165055915713311,1.5224634616747643,0.09760520234704018,5.4042747974395775
B16_g32_global_functional_eps_0p001,B,train,4,258,1.0,1.0,1.0,0.0,0.0,0.0,0.0,0.0,0.0,0.0
B16_g32_global_functional_eps_0p001,B,validation,2,135,-0.19603344121644567,0.26443459321704044,0.6020283842835672,0.4118292272090912,0.49271467328071594,0.5672972679138184,0.05182180777192116,6.894171951614596,0.23728762567043304,21.70766296386723
B16_g32_global_functional_eps_0p001,B,validation,3,135,0.5865865209779235,0.762352920856848,0.879863078550034,0.23904335796833037,0.28411272168159485,0.3247612714767456,0.012299307249486448,1.6388014182034465,0.08425063639879227,5.6958948135376035
B16_g32_global_functional_eps_0p001,B,validation,4,135,1.0,1.0,1.0,0.0,0.0,0.0,0.0,0.0,0.0,0.0
B16_g32_global_functional_eps_0p0025,B,test,2,152,-0.15121552837957916,0.3173572162385565,0.6542323806878481,0.4005088418722153,0.4888274818658829,0.5668127834796906,0.04044285863637924,4.5994064794412175,0.24714887887239456,16.00867404937744
B16_g32_global_functional_eps_0p0025,B,test,3,152,0.5760902426206019,0.7558276085921943,0.8829348635181297,0.23795457929372787,0.2813369035720825,0.32747323513031007,0.013147663604468108,1.5678879388019835,0.09938375279307365,5.888012266159059
B16_g32_global_functional_eps_0p0025,B,test,4,152,1.0,1.0,1.0,0.0,0.0,0.0,0.0,0.0,0.0,0.0
B16_g32_global_functional_eps_0p0025,B,train,2,258,-0.1003266641326975,0.3072880653612842,0.6726640522055795,0.37650543451309204,0.46635621786117554,0.5513840973377228,0.05104326717555523,4.886357371168312,0.2342551276087761,17.866422080993654
B16_g32_global_functional_eps_0p0025,B,train,3,258,0.5606196205227911,0.7615525578522179,0.8771448504276599,0.21925585269927977,0.2742638736963272,0.32564793825149535,0.015539368987083439,1.3948482997984402,0.0945470854640007,5.154851722717286
B16_g32_global_functional_eps_0p0025,B,train,4,258,1.0,1.0,1.0,0.0,0.0,0.0,0.0,0.0,0.0,0.0
B16_g32_global_functional_eps_0p0025,B,validation,2,135,-0.07723160615001956,0.2545684986676159,0.5973399417788059,0.40505550503730775,0.492564857006073,0.5709331870079041,0.053917255252599716,6.379988620761368,0.22689597308635712,20.707951354980512
B16_g32_global_functional_eps_0p0025,B,validation,3,135,0.6015222055545969,0.7730654363292463,0.879056780196515,0.2334882438182831,0.2835669219493866,0.32481163144111636,0.015299194678664208,1.5627244990629454,0.08404270559549332,5.061596107482911
B16_g32_global_functional_eps_0p0025,B,validation,4,135,1.0,1.0,1.0,0.0,0.0,0.0,0.0,0.0,0.0,0.0
B16_g32_global_functional_eps_0p01,B,test,2,152,-0.16231452451179784,0.3137283087447801,0.6303826293739321,0.3986602872610092,0.48464369773864746,0.5695906579494476,0.03998844772577286,5.049410700589712,0.22343305498361588,17.340228748321547
B16_g32_global_functional_eps_0p01,B,test,3,152,0.5740428282349936,0.7670902550376382,0.872899512860118,0.23629480451345444,0.28088629245758057,0.32579476833343507,0.012674777116626502,1.549148207413964,0.09026335924863815,6.058105182647705
B16_g32_global_functional_eps_0p01,B,test,4,152,1.0,1.0,1.0,0.0,0.0,0.0,0.0,0.0,0.0,0.0
B16_g32_global_functional_eps_0p01,B,train,2,258,-0.08828402623936497,0.30442921318240207,0.6717102931279711,0.3763814836740494,0.4670230895280838,0.5522041261196137,0.05081104822456837,5.13322850201972,0.22530417144298553,17.792424011230473
B16_g32_global_functional_eps_0p01,B,train,3,258,0.5887516180510837,0.7750915815738679,0.8779586276658544,0.22023183852434158,0.2708314061164856,0.3235659748315811,0.01600234713405371,1.4702007367723269,0.08771679550409317,4.915743112564087
B16_g32_global_functional_eps_0p01,B,train,4,258,1.0,1.0,1.0,0.0,0.0,0.0,0.0,0.0,0.0,0.0
B16_g32_global_functional_eps_0p01,B,validation,2,135,-0.1040057201853294,0.2513528277834729,0.6130819624994455,0.4039650857448578,0.4936753511428833,0.5667476534843445,0.053259257972240445,6.353612042246041,0.22358086705207825,20.16735877990726
B16_g32_global_functional_eps_0p01,B,validation,3,135,0.6065649787909041,0.7678407665881504,0.8876426640095089,0.23484300971031188,0.27996891736984253,0.32484413385391236,0.014780349843204022,1.534963261998362,0.081522136926651,5.314654159545898
B16_g32_global_functional_eps_0p01,B,validation,4,135,1.0,1.0,1.0,0.0,0.0,0.0,0.0,0.0,0.0,0.0
B16_g32_global_functional_eps_0p02,B,test,2,152,-0.10288472312746148,0.2962863804061976,0.6121122955556278,0.40604681372642515,0.48673196136951447,0.5677711367607117,0.03879032731056214,5.0941362387660005,0.24030040204524994,17.961516761779787
B16_g32_global_functional_eps_0p02,B,test,3,152,0.6006844933842643,0.7754650926865666,0.8674653016154966,0.23503102362155914,0.2747969925403595,0.3281248569488525,0.011975709162652493,1.5939443293701563,0.07233602181077003,5.335126447677615
B16_g32_global_functional_eps_0p02,B,test,4,152,1.0,1.0,1.0,0.0,0.0,0.0,0.0,0.0,0.0,0.0
B16_g32_global_functional_eps_0p02,B,train,2,258,-0.05438576914180806,0.3148298141080831,0.6684491577967322,0.3747489869594574,0.4657052755355835,0.5540039777755738,0.04783059284090996,5.177039245453973,0.22058837115764618,20.328206825256352
B16_g32_global_functional_eps_0p02,B,train,3,258,0.5923027570059284,0.7745086999529481,0.8833870651033415,0.21898523569107056,0.26754462718963623,0.32325866222381594,0.01642459351569414,1.4619758066390967,0.07156380265951157,4.851256895065308
B16_g32_global_functional_eps_0p02,B,train,4,258,1.0,1.0,1.0,0.0,0.0,0.0,0.0,0.0,0.0,0.0
B16_g32_global_functional_eps_0p02,B,validation,2,135,-0.18224421841255634,0.22841571039088227,0.5909589945852728,0.41011505722999575,0.4921260476112366,0.5715829014778138,0.051324148476123814,6.798050456673459,0.24993282556533813,21.537253189086925
B16_g32_global_functional_eps_0p02,B,validation,3,135,0.5584463945071865,0.7834080543113882,0.8885918063533841,0.23401854932308197,0.2770440876483917,0.3225436270236969,0.013914335891604424,1.5862115471485865,0.07664036005735397,5.08680362701416
B16_g32_global_functional_eps_0p02,B,validation,4,135,1.0,1.0,1.0,0.0,0.0,0.0,0.0,0.0,0.0,0.0
B16_g32_global_functional_eps_0p05,B,test,2,152,-0.10953985803808625,0.3076451264508505,0.5747303915597529,0.4057605892419815,0.48569509387016296,0.5727704048156739,0.0358986858278513,5.17453574998868,0.23886918276548386,15.982911586761475
B16_g32_global_functional_eps_0p05,B,test,3,152,0.6206651147715994,0.7892727117415168,0.8870944048487897,0.23095347136259078,0.27308109402656555,0.3226122409105301,0.01144861076027155,1.3618439985255368,0.07535885646939278,5.0012781620025635
B16_g32_global_functional_eps_0p05,B,test,4,152,1.0,1.0,1.0,0.0,0.0,0.0,0.0,0.0,0.0,0.0
B16_g32_global_functional_eps_0p05,B,train,2,258,-0.036892117083931836,0.2973166546006821,0.6409263625401915,0.3802132517099381,0.4669637531042099,0.5571131885051728,0.04924565032124519,5.1693222978867075,0.24780232459306717,18.928039741516123
B16_g32_global_functional_eps_0p05,B,train,3,258,0.5843310316957252,0.7912359588484068,0.88842193178532,0.21478324085474015,0.26274554431438446,0.3119680374860764,0.015038390364497903,1.3461777938488337,0.07293767854571342,4.529202938079837
B16_g32_global_functional_eps_0p05,B,train,4,258,1.0,1.0,1.0,0.0,0.0,0.0,0.0,0.0,0.0,0.0
B16_g32_global_functional_eps_0p05,B,validation,2,135,-0.20694092750024246,0.22262115144876649,0.6154556812887807,0.4118169367313385,0.4977596402168274,0.57357896566391,0.049263867735862735,7.3187582789057934,0.2758883237838745,20.699726867675786
B16_g32_global_functional_eps_0p05,B,validation,3,135,0.6181325361336211,0.7861246972188891,0.8904311724034332,0.23215505182743074,0.2764016091823578,0.31804717779159547,0.01389821469783783,1.499094067334577,0.07326605170965195,5.187665271759033
B16_g32_global_functional_eps_0p05,B,validation,4,135,1.0,1.0,1.0,0.0,0.0,0.0,0.0,0.0,0.0,0.0
B16_g32_global_weight,B,test,2,152,-0.2404238302845932,0.1609000935567832,0.4210729905224247,0.4438381463289261,0.5051476657390594,0.7415553987026214,0.048664034157991407,6.7303196742983635,0.3373338282108307,18.22287521362305
B16_g32_global_weight,B,test,3,152,0.5424828134576659,0.7758255279502497,0.8718932068475719,0.23220969289541243,0.2787913978099823,0.34493373334407806,0.015127416606992483,1.5592512155202904,0.08525747433304787,4.403458881378174
B16_g32_global_weight,B,test,4,152,1.0,1.0,1.0,0.0,0.0,0.0,0.0,0.0,0.0,0.0
B16_g32_global_weight,B,train,2,258,-0.23335942588052727,0.13263095623886617,0.3815242290558106,0.4411337286233902,0.5050813853740692,0.7190233588218689,0.05859154462814332,6.684234082215112,0.3444681912660599,21.594757270812995
B16_g32_global_weight,B,train,3,258,0.5384909742569428,0.7612881268363632,0.8783541451653765,0.22715063989162446,0.2762288302183151,0.3511884570121765,0.017378428392112254,1.5116309585544287,0.09286482259631157,4.241409349441532
B16_g32_global_weight,B,train,4,258,1.0,1.0,1.0,0.0,0.0,0.0,0.0,0.0,0.0,0.0
B16_g32_global_weight,B,validation,2,135,-0.23641372711181297,0.13250132613010757,0.3788418535803688,0.4385666012763977,0.5106585025787354,0.7115111351013186,0.06416156589984894,8.983312458110353,0.3014453947544098,25.102511596679687
B16_g32_global_weight,B,validation,3,135,0.5370456847387315,0.7850379292447668,0.8823851724680922,0.23480241596698762,0.28165069222450256,0.3466337740421295,0.017386997118592262,1.666635410691163,0.08083587884902954,4.813286018371582
B16_g32_global_weight,B,validation,4,135,1.0,1.0,1.0,0.0,0.0,0.0,0.0,0.0,0.0,0.0
B16_g32_layer_functional,B,test,2,152,-0.09667418951635627,0.2575870088107207,0.5935667320907559,0.4056934803724289,0.4780014306306839,0.5652718484401703,0.03789758421480656,5.713726373867279,0.26454928517341614,18.94535751342774
B16_g32_layer_functional,B,test,3,152,0.5979527702206486,0.7861963972989681,0.8877558513049418,0.22726208716630936,0.2716294080018997,0.3225026041269302,0.013520685490220785,1.4891961212086149,0.077808428555727,5.2541292190551765
B16_g32_layer_functional,B,test,4,152,1.0,1.0,1.0,0.0,0.0,0.0,0.0,0.0,0.0,0.0
B16_g32_layer_functional,B,train,2,258,-0.04578480440058971,0.3157308425072903,0.6472862574340617,0.37502684593200686,0.4613298028707504,0.5569258391857147,0.04564455561339855,5.320451484848709,0.2116595059633255,18.385314941406264
B16_g32_layer_functional,B,train,3,258,0.6029283064144705,0.7856920279151816,0.8911871435112341,0.22182533740997315,0.26263777911663055,0.31799323558807374,0.01673766188323498,1.4382516153737932,0.06971405446529388,4.974729824066164
B16_g32_layer_functional,B,train,4,258,1.0,1.0,1.0,0.0,0.0,0.0,0.0,0.0,0.0,0.0
B16_g32_layer_functional,B,validation,2,135,-0.17183481719903235,0.27522387274308724,0.592051072588325,0.40936796069145204,0.48477408289909363,0.5547986507415772,0.05108718201518059,7.087485364741749,0.22904175519943237,24.348918151855507
B16_g32_layer_functional,B,validation,3,135,0.5814325043198627,0.7869402314848025,0.8875048707633536,0.2266802579164505,0.2758232653141022,0.3209020376205445,0.013599327951669692,1.5768666169692382,0.07168035209178925,5.318356323242193
B16_g32_layer_functional,B,validation,4,135,1.0,1.0,1.0,0.0,0.0,0.0,0.0,0.0,0.0,0.0
C8_g32_layer_functional,C,test,2,152,-0.15743575499939613,0.23685443755161079,0.5698594196931669,0.4185112178325653,0.494816318154335,0.5792779088020324,0.04151945598423481,5.644184969390105,0.2464441955089569,18.156411170959473
C8_g32_layer_functional,C,test,3,152,0.6156046843732988,0.7747012916176164,0.8893452011148442,0.2285538762807846,0.2760707139968872,0.3259079962968826,0.01355734094977379,1.566361794438164,0.08016539737582207,5.402985715866092
C8_g32_layer_functional,C,test,4,152,1.0,1.0,1.0,0.0,0.0,0.0,0.0,0.0,0.0,0.0
C8_g32_layer_functional,C,train,2,258,-0.15938898879525804,0.26411316994008266,0.6424610301177289,0.38133575916290285,0.47213517129421234,0.5744383871555329,0.050397010520100594,5.595849830794415,0.22205448150634766,20.61132698059082
C8_g32_layer_functional,C,train,3,258,0.5780668148815591,0.7740289427476821,0.8914893196737744,0.22020472586154938,0.2680615335702896,0.32843156456947326,0.016906147077679633,1.5521575567012926,0.07595665752887726,5.1492149353027346
C8_g32_layer_functional,C,train,4,258,1.0,1.0,1.0,0.0,0.0,0.0,0.0,0.0,0.0,0.0
C8_g32_layer_functional,C,validation,2,135,-0.08941159096514667,0.22809840787329216,0.5635399062184825,0.4107269048690796,0.495983362197876,0.5758925676345825,0.05370314717292786,6.703188267157033,0.22796082496643066,17.240757369995126
C8_g32_layer_functional,C,validation,3,135,0.6204597850884017,0.8038765115782625,0.894785306148783,0.2253684103488922,0.2822610139846802,0.32663109302520754,0.013700160384178161,1.5443671895708475,0.07111110538244247,4.674269676208498
C8_g32_layer_functional,C,validation,4,135,1.0,1.0,1.0,0.0,0.0,0.0,0.0,0.0,0.0,0.0
D4_g16_layer_functional,D,test,2,152,-0.13530922693553243,0.3055103327413918,0.5884374011816735,0.4082242757081985,0.4809158891439438,0.5877894222736358,0.03536912612617016,5.142604455437609,0.2653575837612152,14.578293418884277
D4_g16_layer_functional,D,test,3,152,0.56153465829831,0.7705916308944798,0.8640173993507025,0.23717453181743622,0.27831384539604187,0.3374815165996552,0.012299765087664127,1.6616640820161832,0.09092140197753906,5.846532392501833
D4_g16_layer_functional,D,test,4,152,1.0,1.0,1.0,0.0,0.0,0.0,0.0,0.0,0.0,0.0
D4_g16_layer_functional,D,train,2,258,-0.05687148999797433,0.3164201603795083,0.6158994716621562,0.4004109472036362,0.46951207518577576,0.566379714012146,0.04717463068664074,5.276436652461168,0.22657261788845062,19.22273998260499
D4_g16_layer_functional,D,train,3,258,0.5420195839444538,0.7514214673041684,0.8813787820732562,0.22520141750574113,0.27710799872875214,0.3354731947183609,0.0158088069409132,1.556357363397761,0.09856272116303444,5.056429767608643
D4_g16_layer_functional,D,train,4,258,1.0,1.0,1.0,0.0,0.0,0.0,0.0,0.0,0.0,0.0
D4_g16_layer_functional,D,validation,2,135,-0.17760066905107258,0.29901478716171437,0.5982164452896391,0.4121065318584442,0.48584750294685364,0.5879797101020813,0.0463728129863739,7.180910491005138,0.21982817351818085,22.13411712646486
D4_g16_layer_functional,D,validation,3,135,0.6086621985528732,0.7609760496019342,0.8751416001923669,0.2350326508283615,0.28659185767173767,0.3330176770687103,0.013458910584449767,1.7244764407441295,0.07935702800750732,6.053376007080081
D4_g16_layer_functional,D,validation,4,135,1.0,1.0,1.0,0.0,0.0,0.0,0.0,0.0,0.0,0.0
E16_g64_layer_functional,E,test,2,152,-0.18495284308295443,0.250521701992017,0.5350280975170538,0.4236884444952011,0.5015390515327454,0.5874171018600464,0.04516575112938881,5.445588601434506,0.2651910036802292,18.26549873352051
E16_g64_layer_functional,E,test,3,152,0.6071501765046854,0.7867118044728241,0.8726021393228816,0.2381848007440567,0.27892571687698364,0.3247844398021698,0.012771028745919467,1.6221321149802719,0.08676488324999809,5.8692359447479285
E16_g64_layer_functional,E,test,4,152,1.0,1.0,1.0,0.0,0.0,0.0,0.0,0.0,0.0,0.0
E16_g64_layer_functional,E,train,2,258,-0.08769241278592027,0.2419631679504275,0.5707223266005428,0.39173472821712496,0.48269860446453094,0.5738280117511749,0.050189688056707385,5.5773041337049865,0.23323871195316315,19.84943141937256
E16_g64_layer_functional,E,train,3,258,0.5697293514405023,0.7834011027183814,0.8817448036029866,0.22357894331216813,0.2697324752807617,0.32455710470676424,0.01654147878289223,1.4481083870695746,0.07575686275959015,5.02337989807129
E16_g64_layer_functional,E,train,4,258,1.0,1.0,1.0,0.0,0.0,0.0,0.0,0.0,0.0,0.0
E16_g64_layer_functional,E,validation,2,135,-0.21945917954279065,0.22226757863328683,0.5143656346333149,0.4274830937385559,0.5054678320884705,0.5840215921401978,0.058509898185729985,7.076318304282096,0.25004592537879944,21.487499237060547
E16_g64_layer_functional,E,validation,3,135,0.5808137318314334,0.7959673425497564,0.8820757202720714,0.23308388590812684,0.279185950756073,0.32240610122680663,0.015348953194916248,1.536112635217055,0.07048764824867249,5.073970603942872
E16_g64_layer_functional,E,validation,4,135,1.0,1.0,1.0,0.0,0.0,0.0,0.0,0.0,0.0,0.0
E32_g64_layer_functional,E,test,2,152,-0.1443213766407918,0.22656496857177166,0.602158945475489,0.42281553745269773,0.4964168220758438,0.582959794998169,0.04119885191321373,5.566540850167113,0.2719585746526718,16.8737871170044
E32_g64_layer_functional,E,test,3,152,0.595718000093664,0.7796174283914798,0.8830847109803502,0.22936850637197495,0.27591633796691895,0.32904520332813264,0.014539634622633458,1.5881306834941682,0.08144205808639526,5.517275285720826
E32_g64_layer_functional,E,test,4,152,1.0,1.0,1.0,0.0,0.0,0.0,0.0,0.0,0.0,0.0
E32_g64_layer_functional,E,train,2,258,-0.15353571983873288,0.2650519518656137,0.6007405483842317,0.3984759092330933,0.4840778559446335,0.5635062992572785,0.04995155148208141,5.776325913377164,0.24035199731588364,20.459719657897967
E32_g64_layer_functional,E,train,3,258,0.5676322488584483,0.77956521520694,0.8896459661615784,0.2219674900174141,0.2703733891248703,0.3245166093111038,0.017197238653898238,1.522608797564063,0.07186612114310265,5.621305656433107
E32_g64_layer_functional,E,train,4,258,1.0,1.0,1.0,0.0,0.0,0.0,0.0,0.0,0.0,0.0
E32_g64_layer_functional,E,validation,2,135,-0.23402036937777265,0.2048089553436645,0.5762682957938201,0.4225880801677704,0.49917852878570557,0.5745998144149781,0.057066218554973604,7.327978629605086,0.26298788189888,22.826293182373064
E32_g64_layer_functional,E,validation,3,135,0.5724980560153748,0.7817455109374951,0.8809304477370196,0.2293519675731659,0.2793022096157074,0.31849210858345034,0.01562202163040638,1.6442086349344915,0.07728458195924759,6.231150627136233
E32_g64_layer_functional,E,validation,4,135,1.0,1.0,1.0,0.0,0.0,0.0,0.0,0.0,0.0,0.0
E64_g64_layer_functional,E,test,2,152,-0.12271402402725662,0.24577519353546767,0.5737640894911187,0.42140451073646545,0.4911182075738907,0.5767987191677093,0.039994945749640465,4.928856246430721,0.240684375166893,17.749168777465826
E64_g64_layer_functional,E,test,3,152,0.5701038019797228,0.7860857027060462,0.8833693046436407,0.22913252413272858,0.2746204286813736,0.32397775650024413,0.01325659090653062,1.583325679876572,0.07708247750997543,5.481105041503909
E64_g64_layer_functional,E,test,4,152,1.0,1.0,1.0,0.0,0.0,0.0,0.0,0.0,0.0,0.0
E64_g64_layer_functional,E,train,2,258,-0.09054447625454687,0.28110458094510143,0.5936143274445705,0.3910685509443283,0.47891928255558014,0.5717091381549836,0.04705882333219052,5.37245025762263,0.2525226101279259,19.171198463439946
E64_g64_layer_functional,E,train,3,258,0.583188937757131,0.7838745672320038,0.8847023856774784,0.2230404868721962,0.2669731229543686,0.3239771544933319,0.015669546276330947,1.4848892109995606,0.07399430498480797,5.497775173187256
E64_g64_layer_functional,E,train,4,258,1.0,1.0,1.0,0.0,0.0,0.0,0.0,0.0,0.0,0.0
E64_g64_layer_functional,E,validation,2,135,-0.23293039066139704,0.2251044836497904,0.5394387612238073,0.42025155425071714,0.5000929832458496,0.5738559603691101,0.05023521110415459,6.780576807198425,0.2747403383255005,22.704357910156272
E64_g64_layer_functional,E,validation,3,135,0.5999892459054652,0.7879241714992641,0.8850209506818273,0.22538283765316008,0.2790675759315491,0.31880785822868346,0.014906502142548562,1.6260373069525318,0.06867004185914993,6.037025070190432
E64_g64_layer_functional,E,validation,4,135,1.0,1.0,1.0,0.0,0.0,0.0,0.0,0.0,0.0,0.0
baseline_pr4_2p25,baseline,test,2,152,0.0,0.0,0.0,0.48105011582374574,0.5498372316360474,0.8279239118099213,0.05166441611945629,8.10061761191556,0.3977434039115906,21.729197692871104
baseline_pr4_2p25,baseline,test,3,152,0.37840093751509934,0.6435200604123998,0.7712187935766778,0.28821956515312197,0.3337961584329605,0.5352117002010346,0.018682729452848434,2.8652369567058296,0.13481275737285614,8.097995376586923
baseline_pr4_2p25,baseline,test,4,152,1.0,1.0,1.0,0.0,0.0,0.0,0.0,0.0,0.0,0.0
baseline_pr4_2p25,baseline,train,2,258,0.0,0.0,0.0,0.47607797384262085,0.5437345206737518,0.8148705065250397,0.06747954115271569,7.594418275054515,0.383976474404335,23.021547317504897
baseline_pr4_2p25,baseline,train,3,258,0.35406441804685274,0.6388087040818164,0.767599723408178,0.2848503977060318,0.3274081200361252,0.5555145680904389,0.026839612610638143,2.546424330683252,0.13475294411182404,7.871360921859744
baseline_pr4_2p25,baseline,train,4,258,1.0,1.0,1.0,0.0,0.0,0.0,0.0,0.0,0.0,0.0
baseline_pr4_2p25,baseline,validation,2,135,0.0,0.0,0.0,0.48199294209480287,0.5491614937782288,0.790753960609436,0.0666626051068306,10.07231636999382,0.3598823547363281,29.560279846191413
baseline_pr4_2p25,baseline,validation,3,135,0.4150597852596071,0.6532991669821606,0.7734571734418378,0.2914263904094696,0.33184245228767395,0.5292658090591431,0.020501994341611863,3.1170628893016663,0.12508942186832428,9.693037796020532
baseline_pr4_2p25,baseline,validation,4,135,1.0,1.0,1.0,0.0,0.0,0.0,0.0,0.0,0.0,0.0
learned_16_leaf_scalar_global,learned_16_leaf,test,2,152,-0.6555400032002454,-0.0981880871446612,0.2491802141122148,0.4941602885723114,0.5770027339458466,0.8527174890041351,0.061851728707551956,9.202543109483821,0.4480316638946533,23.74429626464844
learned_16_leaf_scalar_global,learned_16_leaf,test,3,152,0.48351994588872366,0.6996218248997462,0.8394758145013805,0.25855663418769836,0.30578239262104034,0.38512617349624634,0.018120885640382767,2.1216825898675444,0.1247929185628891,6.319715166091923
learned_16_leaf_scalar_global,learned_16_leaf,test,4,152,0.8383060432569759,0.9148956310753706,0.95568847017856,0.14373849630355834,0.17343354225158691,0.1928889513015747,0.0054836682975292214,0.768767623217029,0.03183967433869839,2.027649974822999
learned_16_leaf_scalar_global,learned_16_leaf,train,2,258,-0.5984857798283648,-0.10681553826362444,0.29384033438372165,0.49471781849861146,0.576105535030365,0.8457476615905762,0.08262517228722573,8.27756395371443,0.4380841851234436,22.848209381103516
learned_16_leaf_scalar_global,learned_16_leaf,train,3,258,0.5195172305922662,0.700800447093264,0.834072664763829,0.25737259089946746,0.30746395885944366,0.385129526257515,0.022376182302832604,1.8334199507078228,0.11591210216283798,5.994109678268434
learned_16_leaf_scalar_global,learned_16_leaf,train,4,258,0.8445021377138081,0.9178454750611312,0.9556560490962429,0.14209352433681488,0.17168395221233368,0.19035707712173464,0.006429274193942547,0.6030702278850052,0.03164023719727993,1.580327367782593
learned_16_leaf_scalar_global,learned_16_leaf,validation,2,135,-0.7120578044486798,-0.115650615579596,0.2730331744380858,0.5096130013465882,0.5745440125465393,0.7903932690620422,0.06142101138830185,10.730637490418221,0.4252815246582031,25.971923065185567
learned_16_leaf_scalar_global,learned_16_leaf,validation,3,135,0.43629651564093275,0.7079070928549126,0.8407020425153873,0.26510892510414125,0.3052372634410858,0.38111110329627995,0.019057583063840866,2.2819268295058497,0.11975237727165222,7.652253913879395
learned_16_leaf_scalar_global,learned_16_leaf,validation,4,135,0.8412170896457958,0.9157182309166927,0.9623992957705281,0.14272188246250153,0.1734783798456192,0.18852834701538088,0.0057487193495035175,0.7879514342475752,0.03125603869557381,2.087025785446168
