layout_id,mean_budget_quanta_per_expert,gate_q3_or_above_mean,gate_q4_mean,up_q3_or_above_mean,up_q4_mean,down_q4_mean,selected_quanta_mean
q2q4_monolithic_same_solver_reference,384,50.380859375,50.380859375,61.455078125,61.455078125,79.8056640625,383.283203125
q2q4_monolithic_same_solver_reference,416,54.4189453125,54.4189453125,66.7080078125,66.7080078125,86.466796875,415.1875
q2q4_monolithic_same_solver_reference,448,58.4130859375,58.4130859375,72.138671875,72.138671875,93.0693359375,447.2421875
q2q4_monolithic_same_solver_reference,480,62.3466796875,62.3466796875,77.4921875,77.4921875,99.8681640625,479.4140625
q2q4_monolithic_same_solver_reference,512,66.1845703125,66.1845703125,82.96875,82.96875,106.5634765625,511.43359375
q2q4_monolithic_same_solver_reference,544,70.0703125,70.0703125,88.4892578125,88.4892578125,113.1494140625,543.41796875
q2q4_monolithic_same_solver_reference,576,74.1689453125,74.1689453125,93.84375,93.84375,119.75,575.525390625
q2q4_monolithic_same_solver_reference,608,78.1357421875,78.1357421875,99.21484375,99.21484375,126.3828125,607.466796875
q2q4_monolithic_same_solver_reference,640,82.1806640625,82.1806640625,104.81640625,104.81640625,132.7216796875,639.4375
q2q4_monolithic_same_solver_reference,672,86.1357421875,86.1357421875,110.439453125,110.439453125,139.142578125,671.435546875
q2q4_monolithic_same_solver_reference,704,90.0595703125,90.0595703125,115.951171875,115.951171875,145.71875,703.458984375
q2q4_monolithic_same_solver_reference,736,94.1142578125,94.1142578125,121.365234375,121.365234375,152.2490234375,735.45703125
q2q4_monolithic_same_solver_reference,768,97.9970703125,97.9970703125,127.0029296875,127.0029296875,158.779296875,767.55859375
q2q4_monolithic_same_solver_reference,800,102.2421875,102.2421875,132.486328125,132.486328125,165.0341796875,799.525390625
q2q4_monolithic_same_solver_reference,832,106.2568359375,106.2568359375,138.1845703125,138.1845703125,171.3916015625,831.666015625
q2q4_monolithic_same_solver_reference,864,110.412109375,110.412109375,143.701171875,143.701171875,177.693359375,863.61328125
q2q4_monolithic_same_solver_reference,896,114.5478515625,114.5478515625,149.28515625,149.28515625,184.017578125,895.701171875
q2q4_monolithic_same_solver_reference,928,118.7490234375,118.7490234375,154.9013671875,154.9013671875,190.171875,927.64453125
q2q4_monolithic_same_solver_reference,960,122.9013671875,122.9013671875,160.3662109375,160.3662109375,196.541015625,959.6171875
q2q4_monolithic_same_solver_reference,992,127.2548828125,127.2548828125,165.7861328125,165.7861328125,202.736328125,991.5546875
q2q4_monolithic_same_solver_reference,1024,131.744140625,131.744140625,171.4189453125,171.4189453125,208.595703125,1023.517578125
q2q4_monolithic_same_solver_reference,1056,136.26953125,136.26953125,176.8984375,176.8984375,214.60546875,1055.546875
q2q4_monolithic_same_solver_reference,1088,140.48046875,140.48046875,182.5126953125,182.5126953125,220.75390625,1087.494140625
q2q4_monolithic_same_solver_reference,1120,144.87890625,144.87890625,188.2138671875,188.2138671875,226.6787109375,1119.54296875
q2q4_monolithic_same_solver_reference,1152,149.3662109375,149.3662109375,193.7451171875,193.7451171875,232.6376953125,1151.498046875
q2q4_monolithic_same_solver_reference,1184,153.7470703125,153.7470703125,199.3408203125,199.3408203125,238.7265625,1183.62890625
q2q4_monolithic_same_solver_reference,1216,158.1259765625,158.1259765625,204.9501953125,204.9501953125,244.701171875,1215.5546875
q2q4_monolithic_same_solver_reference,1248,162.70703125,162.70703125,210.62109375,210.62109375,250.4599609375,1247.576171875
q2q4_monolithic_same_solver_reference,1280,167.376953125,167.376953125,216.0859375,216.0859375,256.3134765625,1279.552734375
q2q4_monolithic_same_solver_reference,1284,167.9990234375,167.9990234375,216.830078125,216.830078125,256.994140625,1283.646484375
q2q4_monolithic_same_solver_reference,1288,168.626953125,168.626953125,217.44921875,217.44921875,257.708984375,1287.5703125
q2q4_monolithic_same_solver_reference,1292,169.2314453125,169.2314453125,218.2236328125,218.2236328125,258.3857421875,1291.681640625
q2q4_monolithic_same_solver_reference,1296,169.7568359375,169.7568359375,218.98046875,218.98046875,259.0791015625,1295.6328125
q2q4_monolithic_same_solver_reference,1300,170.3876953125,170.3876953125,219.5869140625,219.5869140625,259.806640625,1299.5625
q2q4_monolithic_same_solver_reference,1304,171.033203125,171.033203125,220.3125,220.3125,260.45703125,1303.60546875
q2q4_monolithic_same_solver_reference,1308,171.6220703125,171.6220703125,220.9912109375,220.9912109375,261.158203125,1307.54296875
q2q4_monolithic_same_solver_reference,1312,172.203125,172.203125,221.828125,221.828125,261.7705078125,1311.603515625
q2q4_monolithic_same_solver_reference,1316,172.8984375,172.8984375,222.4111328125,222.4111328125,262.50390625,1315.626953125
q2q4_monolithic_same_solver_reference,1320,173.3359375,173.3359375,223.1748046875,223.1748046875,263.291015625,1319.603515625
q2q4_monolithic_same_solver_reference,1324,174.009765625,174.009765625,223.837890625,223.837890625,263.939453125,1323.57421875
q2q4_monolithic_same_solver_reference,1328,174.5322265625,174.5322265625,224.6240234375,224.6240234375,264.6826171875,1327.677734375
q2q4_monolithic_same_solver_reference,1332,175.171875,175.171875,225.248046875,225.248046875,265.392578125,1331.625
q2q4_monolithic_same_solver_reference,1336,175.736328125,175.736328125,225.927734375,225.927734375,266.14453125,1335.6171875
q2q4_monolithic_same_solver_reference,1340,176.376953125,176.376953125,226.6435546875,226.6435546875,266.759765625,1339.560546875
q2q4_monolithic_same_solver_reference,1344,176.9853515625,176.9853515625,227.3564453125,227.3564453125,267.462890625,1343.609375
q2q4_monolithic_same_solver_reference,1348,177.5537109375,177.5537109375,228.0498046875,228.0498046875,268.2060546875,1347.619140625
q2q4_monolithic_same_solver_reference,1352,178.1025390625,178.1025390625,228.802734375,228.802734375,268.8779296875,1351.56640625
q2q4_monolithic_same_solver_reference,1356,178.755859375,178.755859375,229.4873046875,229.4873046875,269.544921875,1355.576171875
q2q4_monolithic_same_solver_reference,1360,179.232421875,179.232421875,230.19921875,230.19921875,270.3408203125,1359.544921875
q2q4_monolithic_same_solver_reference,1364,179.9189453125,179.9189453125,230.8349609375,230.8349609375,271.0595703125,1363.626953125
q2q4_monolithic_same_solver_reference,1368,180.560546875,180.560546875,231.5087890625,231.5087890625,271.7080078125,1367.5546875
q2q4_monolithic_same_solver_reference,1372,181.203125,181.203125,232.1279296875,232.1279296875,272.470703125,1371.603515625
q2q4_monolithic_same_solver_reference,1376,181.76953125,181.76953125,232.87890625,232.87890625,273.111328125,1375.51953125
q2q4_monolithic_same_solver_reference,1380,182.486328125,182.486328125,233.5595703125,233.5595703125,273.732421875,1379.556640625
q2q4_monolithic_same_solver_reference,1384,183.0263671875,183.0263671875,234.1767578125,234.1767578125,274.587890625,1383.58203125
q2q4_monolithic_same_solver_reference,1388,183.5888671875,183.5888671875,234.947265625,234.947265625,275.2646484375,1387.6015625
q2q4_monolithic_same_solver_reference,1392,184.2255859375,184.2255859375,235.6455078125,235.6455078125,275.9208984375,1391.583984375
q2q4_monolithic_same_solver_reference,1396,184.8369140625,184.8369140625,236.291015625,236.291015625,276.6123046875,1395.48046875
q2q4_monolithic_same_solver_reference,1400,185.4267578125,185.4267578125,236.984375,236.984375,277.3818359375,1399.5859375
q2q4_monolithic_same_solver_reference,1404,186.091796875,186.091796875,237.59765625,237.59765625,278.1259765625,1403.630859375
q2q4_monolithic_same_solver_reference,1408,186.666015625,186.666015625,238.3994140625,238.3994140625,278.6904296875,1407.51171875
q2q4_monolithic_same_solver_reference,1412,187.3193359375,187.3193359375,239.056640625,239.056640625,279.40234375,1411.556640625
q2q4_monolithic_same_solver_reference,1416,187.90234375,187.90234375,239.76953125,239.76953125,280.0927734375,1415.529296875
q2q4_monolithic_same_solver_reference,1420,188.5869140625,188.5869140625,240.435546875,240.435546875,280.7490234375,1419.54296875
q2q4_monolithic_same_solver_reference,1424,189.138671875,189.138671875,241.1611328125,241.1611328125,281.505859375,1423.611328125
q2q4_monolithic_same_solver_reference,1428,189.6728515625,189.6728515625,241.884765625,241.884765625,282.2001953125,1427.515625
q2q4_monolithic_same_solver_reference,1432,190.3291015625,190.3291015625,242.5458984375,242.5458984375,282.896484375,1431.54296875
q2q4_monolithic_same_solver_reference,1436,191.0234375,191.0234375,243.232421875,243.232421875,283.5029296875,1435.517578125
q2q4_monolithic_same_solver_reference,1440,191.564453125,191.564453125,243.962890625,243.962890625,284.2626953125,1439.580078125
q2q4_monolithic_same_solver_reference,1444,192.232421875,192.232421875,244.6298828125,244.6298828125,284.91015625,1443.544921875
q2q4_monolithic_same_solver_reference,1448,192.8935546875,192.8935546875,245.3544921875,245.3544921875,285.5078125,1447.51171875
q2q4_monolithic_same_solver_reference,1452,193.4140625,193.4140625,246.0654296875,246.0654296875,286.3154296875,1451.58984375
q2q4_monolithic_same_solver_reference,1456,194.095703125,194.095703125,246.6953125,246.6953125,286.9921875,1455.56640625
q2q4_monolithic_same_solver_reference,1460,194.6826171875,194.6826171875,247.392578125,247.392578125,287.7421875,1459.634765625
q2q4_monolithic_same_solver_reference,1464,195.34765625,195.34765625,248.1474609375,248.1474609375,288.2607421875,1463.51171875
q2q4_monolithic_same_solver_reference,1468,195.95703125,195.95703125,248.7822265625,248.7822265625,289.01953125,1467.517578125
q2q4_monolithic_same_solver_reference,1472,196.544921875,196.544921875,249.484375,249.484375,289.7119140625,1471.482421875
q2q4_monolithic_same_solver_reference,1476,197.1611328125,197.1611328125,250.13671875,250.13671875,290.4619140625,1475.51953125
q2q4_monolithic_same_solver_reference,1480,197.708984375,197.708984375,250.841796875,250.841796875,291.193359375,1479.48828125
q2q4_monolithic_same_solver_reference,1484,198.376953125,198.376953125,251.6181640625,251.6181640625,291.7744140625,1483.5390625
q2q4_monolithic_same_solver_reference,1488,198.9599609375,198.9599609375,252.3115234375,252.3115234375,292.5048828125,1487.552734375
q2q4_monolithic_same_solver_reference,1492,199.712890625,199.712890625,252.91796875,252.91796875,293.1591796875,1491.580078125
q2q4_monolithic_same_solver_reference,1496,200.21875,200.21875,253.7119140625,253.7119140625,293.8017578125,1495.46484375
q2q4_monolithic_same_solver_reference,1500,200.7607421875,200.7607421875,254.4013671875,254.4013671875,294.587890625,1499.5
q2q4_monolithic_same_solver_reference,1504,201.369140625,201.369140625,255.0712890625,255.0712890625,295.3017578125,1503.484375
q2q4_monolithic_same_solver_reference,1506,201.7646484375,201.7646484375,255.4462890625,255.4462890625,295.5244140625,1505.470703125
q2q4_monolithic_same_solver_reference,1507,201.9091796875,201.9091796875,255.62109375,255.62109375,295.708984375,1506.478515625
q2q4_monolithic_same_solver_reference,1508,202.1591796875,202.1591796875,255.7001953125,255.7001953125,295.9375,1507.59375
q2q4_monolithic_same_solver_reference,1512,202.7724609375,202.7724609375,256.48828125,256.48828125,296.4814453125,1511.484375
q2q4_monolithic_same_solver_reference,1516,203.2919921875,203.2919921875,257.1533203125,257.1533203125,297.23046875,1515.3515625
q2q4_monolithic_same_solver_reference,1520,204.0185546875,204.0185546875,257.80078125,257.80078125,297.9521484375,1519.54296875
q2q4_monolithic_same_solver_reference,1524,204.5986328125,204.5986328125,258.4482421875,258.4482421875,298.6806640625,1523.455078125
q2q4_monolithic_same_solver_reference,1528,205.2607421875,205.2607421875,259.1875,259.1875,299.259765625,1527.416015625
q2q4_monolithic_same_solver_reference,1532,205.779296875,205.779296875,259.94921875,259.94921875,300.0263671875,1531.509765625
q2q4_monolithic_same_solver_reference,1536,206.42578125,206.42578125,260.6171875,260.6171875,300.7177734375,1535.521484375
q2q4_monolithic_same_solver_reference,1568,211.50390625,211.50390625,266.1923828125,266.1923828125,305.9765625,1567.345703125
q2q4_monolithic_same_solver_reference,1600,216.6865234375,216.6865234375,271.6494140625,271.6494140625,311.375,1599.421875
q2q4_monolithic_same_solver_reference,1632,221.9677734375,221.9677734375,277.1865234375,277.1865234375,316.4267578125,1631.162109375
q2q4_monolithic_same_solver_reference,1664,227.1982421875,227.1982421875,282.828125,282.828125,321.5341796875,1663.12109375
q3_ideal_logical_256_byte_plane_ceiling,384,66.810546875,31.2080078125,87.1259765625,27.138671875,85.5576171875,383.3984375
q3_ideal_logical_256_byte_plane_ceiling,416,71.189453125,33.6142578125,93.5302734375,29.8017578125,93.6416015625,415.4189453125
q3_ideal_logical_256_byte_plane_ceiling,448,75.8330078125,36.140625,100.2060546875,32.5927734375,101.3232421875,447.4189453125
q3_ideal_logical_256_byte_plane_ceiling,480,80.4033203125,38.8349609375,106.2294921875,35.4423828125,109.2021484375,479.314453125
q3_ideal_logical_256_byte_plane_ceiling,512,84.78515625,41.5419921875,112.84375,38.4775390625,116.8447265625,511.337890625
q3_ideal_logical_256_byte_plane_ceiling,544,89.466796875,44.0986328125,119.1591796875,41.294921875,124.7021484375,543.423828125
q3_ideal_logical_256_byte_plane_ceiling,576,93.7548828125,46.8974609375,125.4619140625,44.6279296875,132.3095703125,575.361328125
q3_ideal_logical_256_byte_plane_ceiling,608,98.5048828125,49.603515625,131.7724609375,47.759765625,139.8935546875,607.427734375
q3_ideal_logical_256_byte_plane_ceiling,640,103.2822265625,52.4091796875,138.1494140625,51.0517578125,147.3046875,639.501953125
q3_ideal_logical_256_byte_plane_ceiling,672,108.078125,55.47265625,144.3583984375,54.52734375,154.5302734375,671.4970703125
q3_ideal_logical_256_byte_plane_ceiling,704,112.767578125,58.576171875,150.427734375,58.5478515625,161.583984375,703.4873046875
q3_ideal_logical_256_byte_plane_ceiling,736,117.4072265625,61.6611328125,156.7568359375,62.3955078125,168.6201171875,735.4609375
q3_ideal_logical_256_byte_plane_ceiling,768,122.162109375,64.8935546875,162.8955078125,66.337890625,175.5849609375,767.458984375
q3_ideal_logical_256_byte_plane_ceiling,800,126.828125,68.0224609375,169.0458984375,70.328125,182.634765625,799.494140625
q3_ideal_logical_256_byte_plane_ceiling,832,131.4541015625,71.30078125,174.9150390625,74.478515625,189.6943359375,831.537109375
q3_ideal_logical_256_byte_plane_ceiling,864,135.8115234375,74.6083984375,180.76171875,78.546875,196.904296875,863.537109375
q3_ideal_logical_256_byte_plane_ceiling,896,140.4873046875,77.9482421875,186.6611328125,82.814453125,203.810546875,895.5322265625
q3_ideal_logical_256_byte_plane_ceiling,928,145.052734375,81.5341796875,192.1865234375,87.2509765625,210.71484375,927.4541015625
q3_ideal_logical_256_byte_plane_ceiling,960,149.4599609375,85.32421875,197.619140625,91.7373046875,217.6669921875,959.474609375
q3_ideal_logical_256_byte_plane_ceiling,992,153.990234375,88.8896484375,203.158203125,96.1328125,224.646484375,991.4638671875
q3_ideal_logical_256_byte_plane_ceiling,1024,158.7353515625,92.7041015625,208.630859375,100.861328125,231.2890625,1023.509765625
q3_ideal_logical_256_byte_plane_ceiling,1056,163.34765625,96.5361328125,213.9853515625,105.4697265625,238.0625,1055.4638671875
q3_ideal_logical_256_byte_plane_ceiling,1088,167.91015625,100.4853515625,219.681640625,110.3779296875,244.5361328125,1087.52734375
q3_ideal_logical_256_byte_plane_ceiling,1120,172.556640625,104.3232421875,225.2021484375,115.447265625,250.99609375,1119.521484375
q3_ideal_logical_256_byte_plane_ceiling,1152,177.3671875,108.30078125,230.6611328125,120.439453125,257.388671875,1151.5458984375
q3_ideal_logical_256_byte_plane_ceiling,1184,182.2568359375,112.5703125,236.0498046875,125.7099609375,263.484375,1183.5556640625
q3_ideal_logical_256_byte_plane_ceiling,1216,186.9921875,116.7783203125,241.38671875,131.1708984375,269.5810546875,1215.490234375
q3_ideal_logical_256_byte_plane_ceiling,1248,191.626953125,121.1044921875,246.7763671875,136.515625,275.7421875,1247.5078125
q3_ideal_logical_256_byte_plane_ceiling,1280,196.271484375,125.578125,251.990234375,142.1171875,281.7763671875,1279.509765625
q3_ideal_logical_256_byte_plane_ceiling,1284,196.8564453125,126.1728515625,252.580078125,142.787109375,282.548828125,1283.494140625
q3_ideal_logical_256_byte_plane_ceiling,1288,197.556640625,126.7822265625,253.3408203125,143.6240234375,283.109375,1287.5224609375
q3_ideal_logical_256_byte_plane_ceiling,1292,198.1708984375,127.3046875,253.935546875,144.2353515625,283.9111328125,1291.46875
q3_ideal_logical_256_byte_plane_ceiling,1296,198.75,127.9716796875,254.62890625,144.9140625,284.607421875,1295.4794921875
q3_ideal_logical_256_byte_plane_ceiling,1300,199.30078125,128.4580078125,255.158203125,145.5751953125,285.4833984375,1299.458984375
q3_ideal_logical_256_byte_plane_ceiling,1304,199.9541015625,129.107421875,255.765625,146.1640625,286.2431640625,1303.4775390625
q3_ideal_logical_256_byte_plane_ceiling,1308,200.55859375,129.75390625,256.396484375,147.0009765625,286.9150390625,1307.5400390625
q3_ideal_logical_256_byte_plane_ceiling,1312,201.078125,130.341796875,257.06640625,147.90234375,287.5234375,1311.435546875
q3_ideal_logical_256_byte_plane_ceiling,1316,201.681640625,131.0224609375,257.7490234375,148.544921875,288.25,1315.498046875
q3_ideal_logical_256_byte_plane_ceiling,1320,202.400390625,131.51171875,258.39453125,149.1943359375,288.9375,1319.3759765625
q3_ideal_logical_256_byte_plane_ceiling,1324,202.9853515625,131.9814453125,259.0390625,149.740234375,289.849609375,1323.4453125
q3_ideal_logical_256_byte_plane_ceiling,1328,203.50390625,132.6669921875,259.66015625,150.5380859375,290.58203125,1327.533203125
q3_ideal_logical_256_byte_plane_ceiling,1332,204.046875,133.2724609375,260.3095703125,151.3701171875,291.1796875,1331.3583984375
q3_ideal_logical_256_byte_plane_ceiling,1336,204.8271484375,133.8046875,260.931640625,151.9306640625,292.0166015625,1335.52734375
q3_ideal_logical_256_byte_plane_ceiling,1340,205.3134765625,134.2041015625,261.6484375,152.564453125,292.8935546875,1339.517578125
q3_ideal_logical_256_byte_plane_ceiling,1344,205.888671875,134.86328125,262.2919921875,153.3349609375,293.541015625,1343.4609375
q3_ideal_logical_256_byte_plane_ceiling,1348,206.470703125,135.421875,263.056640625,154.0732421875,294.2275390625,1347.4775390625
q3_ideal_logical_256_byte_plane_ceiling,1352,207.0478515625,135.958984375,263.5830078125,154.8115234375,295.056640625,1351.5146484375
q3_ideal_logical_256_byte_plane_ceiling,1356,207.75390625,136.662109375,264.1962890625,155.5146484375,295.6845703125,1355.49609375
q3_ideal_logical_256_byte_plane_ceiling,1360,208.220703125,137.1259765625,264.8994140625,156.1455078125,296.5283203125,1359.4482421875
q3_ideal_logical_256_byte_plane_ceiling,1364,209.064453125,137.90234375,265.4912109375,156.8740234375,297.099609375,1363.53125
q3_ideal_logical_256_byte_plane_ceiling,1368,209.3583984375,138.375,266.015625,157.66015625,298.0107421875,1367.4306640625
q3_ideal_logical_256_byte_plane_ceiling,1372,210.109375,139.06640625,266.67578125,158.3291015625,298.599609375,1371.3798828125
q3_ideal_logical_256_byte_plane_ceiling,1376,210.62109375,139.51953125,267.4443359375,159.068359375,299.39453125,1375.4423828125
q3_ideal_logical_256_byte_plane_ceiling,1380,211.3173828125,140.2099609375,268.02734375,159.767578125,300.0771484375,1379.4765625
q3_ideal_logical_256_byte_plane_ceiling,1384,211.8349609375,140.8466796875,268.634765625,160.6337890625,300.767578125,1383.4853515625
q3_ideal_logical_256_byte_plane_ceiling,1388,212.5107421875,141.5068359375,269.3017578125,161.2880859375,301.4365234375,1387.48046875
q3_ideal_logical_256_byte_plane_ceiling,1392,213.14453125,142.1533203125,269.7587890625,162.0166015625,302.251953125,1391.5771484375
q3_ideal_logical_256_byte_plane_ceiling,1396,213.8515625,142.708984375,270.5615234375,162.7236328125,302.8173828125,1395.48046875
q3_ideal_logical_256_byte_plane_ceiling,1400,214.4091796875,143.2265625,271.21484375,163.365234375,303.625,1399.4658203125
q3_ideal_logical_256_byte_plane_ceiling,1404,215.0,143.84375,271.80859375,164.2744140625,304.2763671875,1403.4794921875
q3_ideal_logical_256_byte_plane_ceiling,1408,215.59375,144.498046875,272.470703125,164.9775390625,304.9716796875,1407.4833984375
q3_ideal_logical_256_byte_plane_ceiling,1412,216.1455078125,145.0771484375,273.1513671875,165.7431640625,305.66015625,1411.4375
q3_ideal_logical_256_byte_plane_ceiling,1416,216.8134765625,145.662109375,273.83984375,166.482421875,306.357421875,1415.5126953125
q3_ideal_logical_256_byte_plane_ceiling,1420,217.357421875,146.25390625,274.4140625,167.1064453125,307.2333984375,1419.5986328125
q3_ideal_logical_256_byte_plane_ceiling,1424,217.9990234375,146.9541015625,275.041015625,167.9169921875,307.8212890625,1423.5537109375
q3_ideal_logical_256_byte_plane_ceiling,1428,218.642578125,147.5478515625,275.7255859375,168.6220703125,308.439453125,1427.4169921875
q3_ideal_logical_256_byte_plane_ceiling,1432,219.1943359375,148.1513671875,276.359375,169.40625,309.1748046875,1431.4609375
q3_ideal_logical_256_byte_plane_ceiling,1436,219.85546875,148.8212890625,276.8701171875,170.0947265625,309.943359375,1435.5283203125
q3_ideal_logical_256_byte_plane_ceiling,1440,220.4755859375,149.419921875,277.6005859375,170.8193359375,310.5458984375,1439.4072265625
q3_ideal_logical_256_byte_plane_ceiling,1444,221.1630859375,150.0166015625,278.28515625,171.57421875,311.2783203125,1443.595703125
q3_ideal_logical_256_byte_plane_ceiling,1448,221.7119140625,150.6357421875,278.900390625,172.26953125,312.015625,1447.548828125
q3_ideal_logical_256_byte_plane_ceiling,1452,222.2578125,151.2412109375,279.650390625,173.1279296875,312.5810546875,1451.439453125
q3_ideal_logical_256_byte_plane_ceiling,1456,222.9453125,152.0078125,280.138671875,173.9931640625,313.24609375,1455.5771484375
q3_ideal_logical_256_byte_plane_ceiling,1460,223.6142578125,152.4609375,280.8271484375,174.58984375,314.0546875,1459.6015625
q3_ideal_logical_256_byte_plane_ceiling,1464,224.19140625,153.08984375,281.4892578125,175.294921875,314.705078125,1463.4755859375
q3_ideal_logical_256_byte_plane_ceiling,1468,224.8701171875,153.759765625,282.103515625,176.0810546875,315.3798828125,1467.57421875
q3_ideal_logical_256_byte_plane_ceiling,1472,225.525390625,154.46875,282.634765625,176.8369140625,316.0205078125,1471.5068359375
q3_ideal_logical_256_byte_plane_ceiling,1476,226.142578125,155.044921875,283.357421875,177.6337890625,316.71484375,1475.6083984375
q3_ideal_logical_256_byte_plane_ceiling,1480,226.751953125,155.7177734375,283.9921875,178.376953125,317.328125,1479.4951171875
q3_ideal_logical_256_byte_plane_ceiling,1484,227.373046875,156.35546875,284.59765625,179.12109375,318.0068359375,1483.4609375
q3_ideal_logical_256_byte_plane_ceiling,1488,227.982421875,157.0546875,285.2021484375,179.982421875,318.6064453125,1487.4345703125
q3_ideal_logical_256_byte_plane_ceiling,1492,228.607421875,157.6474609375,285.8916015625,180.6259765625,319.3994140625,1491.5712890625
q3_ideal_logical_256_byte_plane_ceiling,1496,229.189453125,158.2734375,286.5556640625,181.5400390625,319.974609375,1495.5078125
q3_ideal_logical_256_byte_plane_ceiling,1500,229.900390625,159.060546875,287.189453125,182.390625,320.4921875,1499.525390625
q3_ideal_logical_256_byte_plane_ceiling,1504,230.5166015625,159.640625,287.8349609375,183.072265625,321.2373046875,1503.5390625
q3_ideal_logical_256_byte_plane_ceiling,1506,230.7529296875,160.0751953125,288.0615234375,183.4853515625,321.57421875,1505.5234375
q3_ideal_logical_256_byte_plane_ceiling,1507,230.9443359375,160.2392578125,288.130859375,183.7373046875,321.7119140625,1506.4755859375
q3_ideal_logical_256_byte_plane_ceiling,1508,231.1376953125,160.353515625,288.4248046875,184.0537109375,321.7626953125,1507.4951171875
q3_ideal_logical_256_byte_plane_ceiling,1512,231.7734375,161.0361328125,289.0625,184.7392578125,322.4931640625,1511.59765625
q3_ideal_logical_256_byte_plane_ceiling,1516,232.19140625,161.4697265625,289.7509765625,185.4990234375,323.2880859375,1515.4873046875
q3_ideal_logical_256_byte_plane_ceiling,1520,232.9169921875,162.291015625,290.345703125,186.3642578125,323.7861328125,1519.490234375
q3_ideal_logical_256_byte_plane_ceiling,1524,233.5634765625,162.9228515625,290.8974609375,187.111328125,324.4833984375,1523.4619140625
q3_ideal_logical_256_byte_plane_ceiling,1528,234.203125,163.7119140625,291.5927734375,188.0556640625,325.0126953125,1527.5888671875
q3_ideal_logical_256_byte_plane_ceiling,1532,234.7978515625,164.3740234375,292.208984375,188.783203125,325.658203125,1531.48046875
q3_ideal_logical_256_byte_plane_ceiling,1536,235.3935546875,165.0419921875,292.8203125,189.662109375,326.2900390625,1535.498046875
q3_ideal_logical_256_byte_plane_ceiling,1568,240.3681640625,170.2138671875,297.892578125,195.857421875,331.544921875,1567.421875
q3_ideal_logical_256_byte_plane_ceiling,1600,245.373046875,175.7099609375,302.810546875,202.3388671875,336.533203125,1599.298828125
q3_ideal_logical_256_byte_plane_ceiling,1632,250.298828125,181.0576171875,307.947265625,208.7958984375,341.4697265625,1631.0390625
q3_ideal_logical_256_byte_plane_ceiling,1664,255.3408203125,186.7314453125,312.927734375,215.26171875,346.294921875,1662.8515625
q3_physical_fixed_gate_up_pairing,384,50.8251953125,46.923828125,62.255859375,56.4033203125,80.0126953125,383.576171875
q3_physical_fixed_gate_up_pairing,416,54.435546875,50.2919921875,67.470703125,60.8388671875,86.8115234375,415.56640625
q3_physical_fixed_gate_up_pairing,448,58.2724609375,53.58984375,72.65625,65.072265625,93.583984375,447.6328125
q3_physical_fixed_gate_up_pairing,480,62.0048828125,56.5517578125,77.953125,69.07421875,100.3671875,479.68359375
q3_physical_fixed_gate_up_pairing,512,65.724609375,59.1962890625,83.1796875,72.2060546875,107.1904296875,511.71484375
q3_physical_fixed_gate_up_pairing,544,69.4287109375,62.15234375,88.564453125,76.2548828125,113.9697265625,543.765625
q3_physical_fixed_gate_up_pairing,576,73.1533203125,65.0478515625,93.974609375,80.4560546875,120.744140625,575.642578125
q3_physical_fixed_gate_up_pairing,608,77.1806640625,68.2490234375,99.458984375,84.6923828125,127.3369140625,607.724609375
q3_physical_fixed_gate_up_pairing,640,81.134765625,71.4638671875,104.900390625,89.2177734375,133.7978515625,639.62109375
q3_physical_fixed_gate_up_pairing,672,84.9873046875,74.892578125,110.3681640625,94.0673828125,140.5146484375,671.619140625
q3_physical_fixed_gate_up_pairing,704,89.0283203125,78.5634765625,115.890625,98.9580078125,146.982421875,703.607421875
q3_physical_fixed_gate_up_pairing,736,93.013671875,82.228515625,121.3359375,104.0986328125,153.5185546875,735.58984375
q3_physical_fixed_gate_up_pairing,768,96.98046875,85.8232421875,126.8466796875,108.791015625,160.0009765625,767.611328125
q3_physical_fixed_gate_up_pairing,800,101.171875,89.4892578125,132.3544921875,113.6650390625,166.3525390625,799.681640625
q3_physical_fixed_gate_up_pairing,832,105.099609375,92.8193359375,137.8916015625,118.248046875,172.845703125,831.673828125
q3_physical_fixed_gate_up_pairing,864,109.1015625,96.01171875,143.4248046875,122.6474609375,179.333984375,863.720703125
q3_physical_fixed_gate_up_pairing,896,113.056640625,99.0595703125,149.0693359375,126.82421875,185.728515625,895.708984375
q3_physical_fixed_gate_up_pairing,928,117.2177734375,102.404296875,154.54296875,131.025390625,192.0810546875,927.68359375
q3_physical_fixed_gate_up_pairing,960,121.2509765625,105.767578125,159.900390625,135.4501953125,198.6435546875,959.58984375
q3_physical_fixed_gate_up_pairing,992,125.4697265625,109.47265625,165.453125,140.1015625,204.849609375,991.544921875
q3_physical_fixed_gate_up_pairing,1024,129.755859375,113.33984375,170.9951171875,145.1513671875,211.0458984375,1023.59375
q3_physical_fixed_gate_up_pairing,1056,134.095703125,117.53125,176.541015625,150.482421875,217.146484375,1055.56640625
q3_physical_fixed_gate_up_pairing,1088,138.435546875,121.6748046875,182.0966796875,155.734375,223.2021484375,1087.46875
q3_physical_fixed_gate_up_pairing,1120,142.6787109375,125.62890625,187.6396484375,161.041015625,229.4521484375,1119.541015625
q3_physical_fixed_gate_up_pairing,1152,147.1484375,130.1396484375,193.1640625,166.4619140625,235.4736328125,1151.572265625
q3_physical_fixed_gate_up_pairing,1184,151.5703125,134.2041015625,198.537109375,171.4931640625,241.64453125,1183.50390625
q3_physical_fixed_gate_up_pairing,1216,155.9228515625,138.046875,204.2841796875,176.373046875,247.6298828125,1215.673828125
q3_physical_fixed_gate_up_pairing,1248,160.22265625,141.6708984375,209.978515625,180.8701171875,253.607421875,1247.6171875
q3_physical_fixed_gate_up_pairing,1280,164.814453125,145.8701171875,215.4130859375,185.88671875,259.611328125,1279.677734375
q3_physical_fixed_gate_up_pairing,1284,165.37109375,146.3994140625,216.1513671875,186.541015625,260.2880859375,1283.62109375
q3_physical_fixed_gate_up_pairing,1288,166.029296875,147.076171875,216.7685546875,187.412109375,261.01171875,1287.619140625
q3_physical_fixed_gate_up_pairing,1292,166.6337890625,147.482421875,217.48046875,187.677734375,261.701171875,1291.630859375
q3_physical_fixed_gate_up_pairing,1296,167.130859375,147.9375,218.2197265625,188.2451171875,262.4765625,1295.654296875
q3_physical_fixed_gate_up_pairing,1300,167.6640625,148.4775390625,218.8623046875,189.0869140625,263.2236328125,1299.5
q3_physical_fixed_gate_up_pairing,1304,168.3271484375,148.9755859375,219.5224609375,189.423828125,263.9345703125,1303.568359375
q3_physical_fixed_gate_up_pairing,1308,168.9072265625,149.4638671875,220.2529296875,190.07421875,264.6513671875,1307.623046875
q3_physical_fixed_gate_up_pairing,1312,169.494140625,150.08203125,220.9423828125,190.779296875,265.3818359375,1311.63671875
q3_physical_fixed_gate_up_pairing,1316,170.123046875,150.6572265625,221.5869140625,191.4287109375,266.0673828125,1315.5546875
q3_physical_fixed_gate_up_pairing,1320,170.6337890625,150.86328125,222.265625,191.775390625,266.8994140625,1319.59765625
q3_physical_fixed_gate_up_pairing,1324,171.2666015625,151.5966796875,223.00390625,192.4609375,267.5126953125,1323.56640625
q3_physical_fixed_gate_up_pairing,1328,171.8134765625,152.2451171875,223.6640625,193.2646484375,268.349609375,1327.654296875
q3_physical_fixed_gate_up_pairing,1332,172.3564453125,152.541015625,224.361328125,193.6640625,269.0322265625,1331.5
q3_physical_fixed_gate_up_pairing,1336,173.029296875,153.18359375,225.015625,194.396484375,269.7421875,1335.57421875
q3_physical_fixed_gate_up_pairing,1340,173.5732421875,153.7373046875,225.6787109375,195.154296875,270.533203125,1339.5703125
q3_physical_fixed_gate_up_pairing,1344,174.1494140625,154.2783203125,226.412109375,195.767578125,271.2490234375,1343.62109375
q3_physical_fixed_gate_up_pairing,1348,174.7060546875,154.705078125,227.103515625,196.333984375,271.966796875,1347.552734375
q3_physical_fixed_gate_up_pairing,1352,175.353515625,155.51171875,227.8662109375,197.26953125,272.572265625,1351.583984375
q3_physical_fixed_gate_up_pairing,1356,175.9833984375,156.060546875,228.548828125,197.822265625,273.2236328125,1355.51171875
q3_physical_fixed_gate_up_pairing,1360,176.5419921875,156.58984375,229.1845703125,198.5126953125,273.998046875,1359.44921875
q3_physical_fixed_gate_up_pairing,1364,177.1318359375,157.1845703125,229.8115234375,199.2255859375,274.8671875,1363.62109375
q3_physical_fixed_gate_up_pairing,1368,177.734375,157.8095703125,230.548828125,199.9345703125,275.466796875,1367.5
q3_physical_fixed_gate_up_pairing,1372,178.36328125,158.5400390625,231.28125,200.736328125,276.1318359375,1371.552734375
q3_physical_fixed_gate_up_pairing,1376,179.01171875,159.1103515625,231.923828125,201.396484375,276.8232421875,1375.517578125
q3_physical_fixed_gate_up_pairing,1380,179.5888671875,159.7138671875,232.6376953125,202.08203125,277.5107421875,1379.474609375
q3_physical_fixed_gate_up_pairing,1384,180.1923828125,160.08203125,233.388671875,202.5888671875,278.1611328125,1383.484375
q3_physical_fixed_gate_up_pairing,1388,180.7060546875,160.6220703125,234.0546875,203.390625,278.98046875,1387.482421875
q3_physical_fixed_gate_up_pairing,1392,181.357421875,161.251953125,234.736328125,204.01171875,279.6240234375,1391.435546875
q3_physical_fixed_gate_up_pairing,1396,181.94921875,161.8271484375,235.33203125,204.7197265625,280.3828125,1395.328125
q3_physical_fixed_gate_up_pairing,1400,182.513671875,162.4091796875,236.09765625,205.431640625,281.1240234375,1399.470703125
q3_physical_fixed_gate_up_pairing,1404,183.1513671875,163.2392578125,236.869140625,206.4482421875,281.748046875,1403.537109375
q3_physical_fixed_gate_up_pairing,1408,183.705078125,163.5498046875,237.58984375,206.740234375,282.4052734375,1407.400390625
q3_physical_fixed_gate_up_pairing,1412,184.3447265625,164.2119140625,238.279296875,207.5029296875,283.12109375,1411.490234375
q3_physical_fixed_gate_up_pairing,1416,184.9091796875,164.794921875,238.935546875,208.28515625,283.8505859375,1415.390625
q3_physical_fixed_gate_up_pairing,1420,185.5390625,165.6513671875,239.5888671875,209.1533203125,284.62109375,1419.498046875
q3_physical_fixed_gate_up_pairing,1424,186.240234375,166.294921875,240.333984375,209.943359375,285.1572265625,1423.462890625
q3_physical_fixed_gate_up_pairing,1428,186.87109375,166.8076171875,240.9697265625,210.583984375,285.896484375,1427.474609375
q3_physical_fixed_gate_up_pairing,1432,187.443359375,167.462890625,241.7626953125,211.3115234375,286.5205078125,1431.453125
q3_physical_fixed_gate_up_pairing,1436,188.0732421875,167.9736328125,242.4560546875,211.9365234375,287.171875,1435.40234375
q3_physical_fixed_gate_up_pairing,1440,188.6923828125,168.5908203125,243.064453125,212.515625,287.953125,1439.419921875
q3_physical_fixed_gate_up_pairing,1444,189.2548828125,169.3994140625,243.859375,213.552734375,288.6171875,1443.462890625
q3_physical_fixed_gate_up_pairing,1448,189.9091796875,170.0751953125,244.4814453125,214.2548828125,289.3173828125,1447.416015625
q3_physical_fixed_gate_up_pairing,1452,190.505859375,170.6025390625,245.271484375,214.9306640625,289.8955078125,1451.345703125
q3_physical_fixed_gate_up_pairing,1456,191.2177734375,171.232421875,245.8720703125,215.4794921875,290.646484375,1455.453125
q3_physical_fixed_gate_up_pairing,1460,191.69921875,171.8447265625,246.6318359375,216.4091796875,291.3984375,1459.439453125
q3_physical_fixed_gate_up_pairing,1464,192.3525390625,172.3232421875,247.3427734375,216.9306640625,292.0625,1463.49609375
q3_physical_fixed_gate_up_pairing,1468,192.982421875,173.0625,248.0712890625,217.7158203125,292.65625,1467.400390625
q3_physical_fixed_gate_up_pairing,1472,193.62109375,173.818359375,248.7158203125,218.568359375,293.3916015625,1471.4375
q3_physical_fixed_gate_up_pairing,1476,194.2509765625,174.4775390625,249.4208984375,219.298828125,294.0712890625,1475.466796875
q3_physical_fixed_gate_up_pairing,1480,194.8505859375,175.1875,250.0771484375,220.1416015625,294.77734375,1479.390625
q3_physical_fixed_gate_up_pairing,1484,195.5263671875,175.806640625,250.73828125,220.845703125,295.4501953125,1483.41015625
q3_physical_fixed_gate_up_pairing,1488,196.0166015625,176.3408203125,251.5224609375,221.587890625,296.1708984375,1487.408203125
q3_physical_fixed_gate_up_pairing,1492,196.7529296875,176.8857421875,252.21875,221.8984375,296.76953125,1491.462890625
q3_physical_fixed_gate_up_pairing,1496,197.326171875,177.58203125,252.919921875,222.79296875,297.53125,1495.54296875
q3_physical_fixed_gate_up_pairing,1500,197.9873046875,178.4609375,253.5927734375,223.9892578125,298.12109375,1499.390625
q3_physical_fixed_gate_up_pairing,1504,198.4892578125,178.92578125,254.337890625,224.5126953125,298.8486328125,1503.333984375
q3_physical_fixed_gate_up_pairing,1506,198.755859375,179.10546875,254.71484375,224.7802734375,299.2421875,1505.4140625
q3_physical_fixed_gate_up_pairing,1507,199.0322265625,179.3720703125,254.880859375,224.9677734375,299.36328125,1506.53515625
q3_physical_fixed_gate_up_pairing,1508,199.1689453125,179.419921875,255.0498046875,225.1123046875,299.5322265625,1507.484375
q3_physical_fixed_gate_up_pairing,1512,199.818359375,180.27734375,255.701171875,226.0,300.185546875,1511.3984375
q3_physical_fixed_gate_up_pairing,1516,200.3564453125,180.7939453125,256.4052734375,226.546875,300.9248046875,1515.35546875
q3_physical_fixed_gate_up_pairing,1520,201.1025390625,181.3603515625,257.0986328125,227.1689453125,301.5029296875,1519.390625
q3_physical_fixed_gate_up_pairing,1524,201.810546875,182.310546875,257.8251953125,228.12890625,302.0791015625,1523.412109375
q3_physical_fixed_gate_up_pairing,1528,202.404296875,182.9111328125,258.5185546875,228.9052734375,302.796875,1527.41796875
q3_physical_fixed_gate_up_pairing,1532,202.947265625,183.427734375,259.28125,229.58984375,303.50390625,1531.443359375
q3_physical_fixed_gate_up_pairing,1536,203.6025390625,184.0263671875,260.0068359375,230.05859375,304.12890625,1535.455078125
q3_physical_fixed_gate_up_pairing,1568,208.5078125,189.2763671875,265.7158203125,236.3798828125,309.509765625,1567.4140625
q3_physical_fixed_gate_up_pairing,1600,213.8642578125,195.1552734375,271.2470703125,242.75390625,314.6572265625,1599.49609375
q3_physical_fixed_gate_up_pairing,1632,218.8896484375,200.642578125,276.8671875,248.91015625,319.84765625,1631.205078125
q3_physical_fixed_gate_up_pairing,1664,224.2333984375,206.4384765625,282.4296875,255.3935546875,324.796875,1662.916015625
q3_physical_training_coselection_replicated2,384,50.6640625,47.3427734375,62.763671875,55.638671875,79.91796875,383.69921875
q3_physical_training_coselection_replicated2,416,54.53125,50.556640625,67.849609375,60.0126953125,86.71875,415.70703125
q3_physical_training_coselection_replicated2,448,58.3486328125,53.498046875,73.056640625,63.9208984375,93.576171875,447.767578125
q3_physical_training_coselection_replicated2,480,62.060546875,56.4892578125,78.29296875,68.1640625,100.326171875,479.71484375
q3_physical_training_coselection_replicated2,512,65.8349609375,59.0224609375,83.673828125,71.7568359375,107.080078125,511.72265625
q3_physical_training_coselection_replicated2,544,69.4765625,61.787109375,89.1279296875,75.576171875,113.9609375,543.732421875
q3_physical_training_coselection_replicated2,576,73.173828125,64.88671875,94.5869140625,80.1376953125,120.6533203125,575.728515625
q3_physical_training_coselection_replicated2,608,77.2568359375,68.1201171875,100.1025390625,84.091796875,127.2451171875,607.638671875
q3_physical_training_coselection_replicated2,640,81.240234375,71.55859375,105.3974609375,88.9111328125,133.8076171875,639.6640625
q3_physical_training_coselection_replicated2,672,85.21875,75.0283203125,110.8193359375,93.609375,140.40234375,671.662109375
q3_physical_training_coselection_replicated2,704,89.119140625,78.5888671875,116.28515625,98.73046875,147.0322265625,703.6328125
q3_physical_training_coselection_replicated2,736,93.0595703125,81.8828125,121.80078125,103.203125,153.62109375,735.62109375
q3_physical_training_coselection_replicated2,768,96.9892578125,85.5380859375,127.212890625,108.3681640625,160.166015625,767.578125
q3_physical_training_coselection_replicated2,800,101.2041015625,89.1025390625,132.5078125,112.7607421875,166.5947265625,799.69140625
q3_physical_training_coselection_replicated2,832,105.1181640625,92.6142578125,138.1484375,117.8251953125,172.9521484375,831.671875
q3_physical_training_coselection_replicated2,864,109.04296875,95.7138671875,143.58203125,121.9970703125,179.3837890625,863.73046875
q3_physical_training_coselection_replicated2,896,113.17578125,98.9912109375,149.1181640625,126.302734375,185.7275390625,895.697265625
q3_physical_training_coselection_replicated2,928,117.287109375,102.2412109375,154.6240234375,130.7216796875,192.154296875,927.728515625
q3_physical_training_coselection_replicated2,960,121.333984375,105.81640625,160.1484375,135.373046875,198.4921875,959.677734375
q3_physical_training_coselection_replicated2,992,125.5771484375,109.3564453125,165.7275390625,139.962890625,204.8564453125,991.6171875
q3_physical_training_coselection_replicated2,1024,129.8662109375,113.4794921875,171.2470703125,145.2685546875,210.9912109375,1023.65625
q3_physical_training_coselection_replicated2,1056,134.2861328125,117.583984375,176.552734375,150.3525390625,217.1552734375,1055.458984375
q3_physical_training_coselection_replicated2,1088,138.470703125,121.3994140625,182.3125,155.2041015625,223.2978515625,1087.51171875
q3_physical_training_coselection_replicated2,1120,142.7705078125,125.6181640625,187.7822265625,160.6103515625,229.400390625,1119.560546875
q3_physical_training_coselection_replicated2,1152,147.1376953125,129.6259765625,193.3447265625,165.6396484375,235.55078125,1151.59375
q3_physical_training_coselection_replicated2,1184,151.587890625,133.6552734375,198.9453125,170.8232421875,241.4013671875,1183.55078125
q3_physical_training_coselection_replicated2,1216,155.9638671875,137.9013671875,204.4501953125,176.1416015625,247.4560546875,1215.552734375
q3_physical_training_coselection_replicated2,1248,160.486328125,141.65234375,209.8984375,180.626953125,253.41796875,1247.4765625
q3_physical_training_coselection_replicated2,1280,165.01953125,145.994140625,215.4375,186.0498046875,259.365234375,1279.533203125
q3_physical_training_coselection_replicated2,1284,165.4921875,146.2021484375,216.0869140625,186.251953125,260.2880859375,1283.623046875
q3_physical_training_coselection_replicated2,1288,166.1923828125,146.9482421875,216.8525390625,187.12890625,260.8134765625,1287.6171875
q3_physical_training_coselection_replicated2,1292,166.716796875,147.4638671875,217.4365234375,187.6123046875,261.697265625,1291.587890625
q3_physical_training_coselection_replicated2,1296,167.2880859375,147.9638671875,218.1611328125,188.291015625,262.41796875,1295.568359375
q3_physical_training_coselection_replicated2,1300,167.806640625,148.3955078125,218.8095703125,188.8798828125,263.201171875,1299.53125
q3_physical_training_coselection_replicated2,1304,168.388671875,148.9091796875,219.5087890625,189.466796875,263.9267578125,1303.53515625
q3_physical_training_coselection_replicated2,1308,168.8984375,149.4736328125,220.2607421875,190.166015625,264.666015625,1307.505859375
q3_physical_training_coselection_replicated2,1312,169.58984375,150.0556640625,220.9521484375,190.87890625,265.3486328125,1311.6640625
q3_physical_training_coselection_replicated2,1316,170.115234375,150.5068359375,221.6552734375,191.4599609375,266.048828125,1315.484375
q3_physical_training_coselection_replicated2,1320,170.7294921875,151.0341796875,222.2744140625,191.896484375,266.8212890625,1319.5
q3_physical_training_coselection_replicated2,1324,171.25390625,151.46484375,223.0234375,192.546875,267.5537109375,1323.54296875
q3_physical_training_coselection_replicated2,1328,171.8837890625,152.0302734375,223.64453125,193.107421875,268.3056640625,1327.576171875
q3_physical_training_coselection_replicated2,1332,172.3759765625,152.5458984375,224.537109375,193.8837890625,268.982421875,1331.53515625
q3_physical_training_coselection_replicated2,1336,172.982421875,153.1650390625,225.130859375,194.638671875,269.751953125,1335.54296875
q3_physical_training_coselection_replicated2,1340,173.5947265625,153.7802734375,225.7998046875,195.3046875,270.47265625,1339.5859375
q3_physical_training_coselection_replicated2,1344,174.1787109375,154.22265625,226.5537109375,195.7470703125,271.1201171875,1343.55859375
q3_physical_training_coselection_replicated2,1348,174.6796875,154.734375,227.291015625,196.5048828125,271.8779296875,1347.55859375
q3_physical_training_coselection_replicated2,1352,175.294921875,155.25,228.072265625,197.076171875,272.4990234375,1351.466796875
q3_physical_training_coselection_replicated2,1356,175.931640625,155.9873046875,228.7041015625,198.0361328125,273.259765625,1355.623046875
q3_physical_training_coselection_replicated2,1360,176.4365234375,156.4267578125,229.3818359375,198.5283203125,273.9873046875,1359.490234375
q3_physical_training_coselection_replicated2,1364,177.2119140625,157.1572265625,229.9853515625,199.111328125,274.646484375,1363.4765625
q3_physical_training_coselection_replicated2,1368,177.7216796875,157.626953125,230.68359375,199.892578125,275.4033203125,1367.423828125
q3_physical_training_coselection_replicated2,1372,178.365234375,158.3740234375,231.5087890625,200.677734375,276.046875,1371.583984375
q3_physical_training_coselection_replicated2,1376,178.96875,159.1337890625,232.1044921875,201.6005859375,276.759765625,1375.45703125
q3_physical_training_coselection_replicated2,1380,179.5703125,159.6865234375,232.7119140625,202.2919921875,277.5087890625,1379.466796875
q3_physical_training_coselection_replicated2,1384,180.20703125,160.287109375,233.501953125,202.892578125,278.1845703125,1383.544921875
q3_physical_training_coselection_replicated2,1388,180.6962890625,160.509765625,234.1806640625,203.21875,278.9697265625,1387.408203125
q3_physical_training_coselection_replicated2,1392,181.3447265625,161.3828125,234.904296875,204.2421875,279.5771484375,1391.435546875
q3_physical_training_coselection_replicated2,1396,181.9423828125,161.861328125,235.6865234375,204.876953125,280.255859375,1395.4921875
q3_physical_training_coselection_replicated2,1400,182.6123046875,162.4189453125,236.3017578125,205.3779296875,280.96484375,1399.5
q3_physical_training_coselection_replicated2,1404,183.1953125,162.9619140625,236.95703125,206.0244140625,281.708984375,1403.466796875
q3_physical_training_coselection_replicated2,1408,183.7685546875,163.6064453125,237.6474609375,206.685546875,282.470703125,1407.5234375
q3_physical_training_coselection_replicated2,1412,184.390625,164.203125,238.3896484375,207.533203125,283.09375,1411.490234375
q3_physical_training_coselection_replicated2,1416,185.060546875,164.98828125,239.0302734375,208.4013671875,283.755859375,1415.515625
q3_physical_training_coselection_replicated2,1420,185.6220703125,165.5361328125,239.8017578125,209.095703125,284.4306640625,1419.4609375
q3_physical_training_coselection_replicated2,1424,186.1455078125,166.025390625,240.525390625,209.66796875,285.17578125,1423.462890625
q3_physical_training_coselection_replicated2,1428,186.814453125,166.5751953125,241.103515625,210.142578125,285.884765625,1427.369140625
q3_physical_training_coselection_replicated2,1432,187.3173828125,167.1650390625,241.8828125,210.84375,286.63671875,1431.421875
q3_physical_training_coselection_replicated2,1436,188.009765625,167.796875,242.5419921875,211.650390625,287.2978515625,1435.498046875
q3_physical_training_coselection_replicated2,1440,188.681640625,168.5771484375,243.2041015625,212.5048828125,287.9697265625,1439.5
q3_physical_training_coselection_replicated2,1444,189.2998046875,169.1484375,243.865234375,212.98046875,288.6484375,1443.40234375
q3_physical_training_coselection_replicated2,1448,189.970703125,169.8154296875,244.580078125,213.70703125,289.287109375,1447.431640625
q3_physical_training_coselection_replicated2,1452,190.5087890625,170.5849609375,245.353515625,214.791015625,289.9228515625,1451.40234375
q3_physical_training_coselection_replicated2,1456,191.2451171875,171.2666015625,245.939453125,215.5126953125,290.591796875,1455.408203125
q3_physical_training_coselection_replicated2,1460,191.7841796875,171.849609375,246.6689453125,216.1181640625,291.3798828125,1459.443359375
q3_physical_training_coselection_replicated2,1464,192.33984375,172.2255859375,247.361328125,216.462890625,292.0693359375,1463.35546875
q3_physical_training_coselection_replicated2,1468,192.9482421875,173.05859375,248.125,217.634765625,292.7744140625,1467.443359375
q3_physical_training_coselection_replicated2,1472,193.6826171875,173.736328125,248.7890625,218.1630859375,293.3447265625,1471.4453125
q3_physical_training_coselection_replicated2,1476,194.34375,174.34375,249.552734375,218.9443359375,293.9765625,1475.564453125
q3_physical_training_coselection_replicated2,1480,194.869140625,175.03515625,250.1689453125,219.732421875,294.7646484375,1479.4140625
q3_physical_training_coselection_replicated2,1484,195.5390625,175.576171875,250.859375,220.2705078125,295.455078125,1483.490234375
q3_physical_training_coselection_replicated2,1488,196.1318359375,176.294921875,251.5654296875,221.2578125,296.103515625,1487.45703125
q3_physical_training_coselection_replicated2,1492,196.8134765625,176.904296875,252.1728515625,221.740234375,296.78515625,1491.404296875
q3_physical_training_coselection_replicated2,1496,197.416015625,177.5185546875,252.951171875,222.5126953125,297.46875,1495.466796875
q3_physical_training_coselection_replicated2,1500,197.974609375,178.2646484375,253.6474609375,223.34765625,298.1943359375,1499.447265625
q3_physical_training_coselection_replicated2,1504,198.6884765625,178.880859375,254.369140625,224.005859375,298.7353515625,1503.392578125
q3_physical_training_coselection_replicated2,1506,198.9697265625,179.2060546875,254.603515625,224.39453125,299.2392578125,1505.42578125
q3_physical_training_coselection_replicated2,1507,199.2177734375,179.4111328125,254.8212890625,224.4482421875,299.3056640625,1506.423828125
q3_physical_training_coselection_replicated2,1508,199.466796875,179.8037109375,254.9716796875,225.068359375,299.42578125,1507.53125
q3_physical_training_coselection_replicated2,1512,199.9189453125,180.2744140625,255.720703125,225.5625,300.17578125,1511.4609375
q3_physical_training_coselection_replicated2,1516,200.57421875,180.74609375,256.400390625,226.068359375,300.7958984375,1515.33984375
q3_physical_training_coselection_replicated2,1520,201.3232421875,181.625,257.0341796875,227.099609375,301.388671875,1519.31640625
q3_physical_training_coselection_replicated2,1524,201.8115234375,182.263671875,257.8447265625,227.931640625,302.0947265625,1523.322265625
q3_physical_training_coselection_replicated2,1528,202.470703125,182.71484375,258.4677734375,228.390625,302.8193359375,1527.3828125
q3_physical_training_coselection_replicated2,1532,203.0703125,183.4384765625,259.2626953125,229.2861328125,303.4228515625,1531.32421875
q3_physical_training_coselection_replicated2,1536,203.7265625,184.1416015625,259.927734375,230.185546875,304.091796875,1535.400390625
q3_physical_training_coselection_replicated2,1568,208.9111328125,189.7646484375,265.5361328125,236.30859375,309.306640625,1567.40625
q3_physical_training_coselection_replicated2,1600,214.0771484375,195.2353515625,271.1181640625,242.1884765625,314.544921875,1599.3671875
q3_physical_training_coselection_replicated2,1632,219.3935546875,201.0185546875,276.5634765625,248.7705078125,319.6533203125,1631.150390625
q3_physical_training_coselection_replicated2,1664,224.6943359375,206.51953125,282.09375,254.3505859375,324.8271484375,1663.099609375
q3_physical_training_coselection_single,384,50.5966796875,47.3466796875,62.7978515625,55.388671875,79.8974609375,383.716796875
q3_physical_training_coselection_single,416,54.53125,50.572265625,67.8046875,59.7373046875,86.6396484375,415.6796875
q3_physical_training_coselection_single,448,58.1669921875,53.36328125,73.0986328125,63.91015625,93.5419921875,447.734375
q3_physical_training_coselection_single,480,62.0,56.2626953125,78.423828125,67.76171875,100.3193359375,479.732421875
q3_physical_training_coselection_single,512,65.72265625,58.8359375,83.6298828125,71.380859375,107.126953125,511.7578125
q3_physical_training_coselection_single,544,69.396484375,61.724609375,89.2392578125,75.3603515625,113.8759765625,543.71875
q3_physical_training_coselection_single,576,73.078125,64.9541015625,94.6591796875,80.107421875,120.6201171875,575.751953125
q3_physical_training_coselection_single,608,77.0947265625,68.259765625,99.869140625,84.1796875,127.3408203125,607.669921875
q3_physical_training_coselection_single,640,81.1005859375,71.76953125,105.26953125,89.109375,133.798828125,639.625
q3_physical_training_coselection_single,672,85.0771484375,75.1845703125,110.73828125,93.7197265625,140.4560546875,671.61328125
q3_physical_training_coselection_single,704,88.9736328125,78.802734375,116.3056640625,98.998046875,146.9765625,703.65625
q3_physical_training_coselection_single,736,92.8671875,81.982421875,121.705078125,103.4228515625,153.5810546875,735.5703125
q3_physical_training_coselection_single,768,96.892578125,85.42578125,127.158203125,108.138671875,160.1318359375,767.630859375
q3_physical_training_coselection_single,800,101.0419921875,89.142578125,132.4462890625,112.9951171875,166.4970703125,799.546875
q3_physical_training_coselection_single,832,105.0341796875,92.484375,138.0732421875,117.6474609375,172.9580078125,831.65625
q3_physical_training_coselection_single,864,109.017578125,95.6953125,143.6484375,121.8984375,179.3466796875,863.728515625
q3_physical_training_coselection_single,896,113.181640625,99.1435546875,149.064453125,126.376953125,185.677734375,895.697265625
q3_physical_training_coselection_single,928,117.265625,102.3193359375,154.5224609375,130.76953125,192.125,927.677734375
q3_physical_training_coselection_single,960,121.287109375,105.826171875,160.0498046875,135.365234375,198.5791015625,959.6875
q3_physical_training_coselection_single,992,125.427734375,109.466796875,165.7470703125,140.10546875,204.880859375,991.67578125
q3_physical_training_coselection_single,1024,129.7392578125,113.3935546875,171.2724609375,145.1669921875,211.0126953125,1023.68359375
q3_physical_training_coselection_single,1056,134.1708984375,117.5732421875,176.5048828125,150.41796875,217.1494140625,1055.4921875
q3_physical_training_coselection_single,1088,138.43359375,121.546875,182.1962890625,155.3154296875,223.3447265625,1087.548828125
q3_physical_training_coselection_single,1120,142.7646484375,125.6396484375,187.7802734375,160.7529296875,229.3408203125,1119.55078125
q3_physical_training_coselection_single,1152,147.236328125,129.767578125,193.203125,165.849609375,235.4736328125,1151.63671875
q3_physical_training_coselection_single,1184,151.576171875,133.83984375,198.890625,171.0009765625,241.419921875,1183.560546875
q3_physical_training_coselection_single,1216,155.9345703125,138.001953125,204.412109375,176.15625,247.5166015625,1215.53125
q3_physical_training_coselection_single,1248,160.4296875,141.6708984375,209.92578125,180.7021484375,253.4501953125,1247.482421875
q3_physical_training_coselection_single,1280,164.9501953125,145.87109375,215.4755859375,185.9091796875,259.400390625,1279.5390625
q3_physical_training_coselection_single,1284,165.4599609375,146.2607421875,216.1318359375,186.2724609375,260.30078125,1283.677734375
q3_physical_training_coselection_single,1288,166.115234375,146.8095703125,216.9384765625,186.8671875,260.8515625,1287.611328125
q3_physical_training_coselection_single,1292,166.541015625,147.099609375,217.5869140625,187.2939453125,261.7490234375,1291.55078125
q3_physical_training_coselection_single,1296,167.1708984375,147.7177734375,218.275390625,187.953125,262.4462890625,1295.51953125
q3_physical_training_coselection_single,1300,167.6787109375,148.244140625,218.87109375,188.7783203125,263.28125,1299.5625
q3_physical_training_coselection_single,1304,168.2861328125,148.84765625,219.677734375,189.53125,263.9130859375,1303.55859375
q3_physical_training_coselection_single,1308,168.8466796875,149.3662109375,220.2470703125,189.93359375,264.7265625,1307.5
q3_physical_training_coselection_single,1312,169.4599609375,150.048828125,221.05078125,190.880859375,265.3701171875,1311.65234375
q3_physical_training_coselection_single,1316,170.033203125,150.564453125,221.783203125,191.4208984375,266.048828125,1315.501953125
q3_physical_training_coselection_single,1320,170.66015625,150.978515625,222.400390625,191.7353515625,266.8291015625,1319.54296875
q3_physical_training_coselection_single,1324,171.1962890625,151.5205078125,223.02734375,192.5517578125,267.58984375,1323.51953125
q3_physical_training_coselection_single,1328,171.748046875,151.931640625,223.63671875,193.09765625,268.439453125,1327.560546875
q3_physical_training_coselection_single,1332,172.3232421875,152.4697265625,224.44921875,193.85546875,269.0810546875,1331.529296875
q3_physical_training_coselection_single,1336,172.962890625,153.30859375,225.087890625,194.8193359375,269.7783203125,1335.478515625
q3_physical_training_coselection_single,1340,173.53125,153.767578125,225.77734375,195.248046875,270.548828125,1339.572265625
q3_physical_training_coselection_single,1344,174.1005859375,154.1865234375,226.546875,195.6591796875,271.234375,1343.52734375
q3_physical_training_coselection_single,1348,174.6376953125,154.8017578125,227.3193359375,196.6318359375,271.904296875,1347.58984375
q3_physical_training_coselection_single,1352,175.2724609375,155.359375,228.0009765625,197.244140625,272.5947265625,1351.46875
q3_physical_training_coselection_single,1356,175.8623046875,155.9384765625,228.7099609375,197.908203125,273.3701171875,1355.634765625
q3_physical_training_coselection_single,1360,176.392578125,156.3251953125,229.40625,198.412109375,274.060546875,1359.509765625
q3_physical_training_coselection_single,1364,177.150390625,157.158203125,229.9599609375,199.15625,274.7294921875,1363.486328125
q3_physical_training_coselection_single,1368,177.6826171875,157.673828125,230.7568359375,199.9921875,275.4013671875,1367.416015625
q3_physical_training_coselection_single,1372,178.3408203125,158.5576171875,231.583984375,200.9365234375,276.064453125,1371.6015625
q3_physical_training_coselection_single,1376,178.9501953125,159.205078125,232.158203125,201.6474609375,276.765625,1375.421875
q3_physical_training_coselection_single,1380,179.5166015625,159.6181640625,232.7783203125,202.0673828125,277.59375,1379.45703125
q3_physical_training_coselection_single,1384,180.1318359375,160.2001953125,233.4931640625,202.8544921875,278.25390625,1383.521484375
q3_physical_training_coselection_single,1388,180.6572265625,160.5703125,234.2080078125,203.4892578125,278.99609375,1387.447265625
q3_physical_training_coselection_single,1392,181.35546875,161.4541015625,234.810546875,204.48828125,279.6142578125,1391.4453125
q3_physical_training_coselection_single,1396,181.943359375,161.8720703125,235.6611328125,204.9169921875,280.2509765625,1395.427734375
q3_physical_training_coselection_single,1400,182.5908203125,162.392578125,236.2880859375,205.4052734375,280.9794921875,1399.46875
q3_physical_training_coselection_single,1404,183.1962890625,163.04296875,236.9951171875,206.0341796875,281.6787109375,1403.3671875
q3_physical_training_coselection_single,1408,183.7509765625,163.720703125,237.6826171875,206.9599609375,282.4306640625,1407.478515625
q3_physical_training_coselection_single,1412,184.35546875,164.2119140625,238.4990234375,207.5869140625,283.06640625,1411.443359375
q3_physical_training_coselection_single,1416,185.0625,165.0380859375,239.0546875,208.5341796875,283.6953125,1415.4453125
q3_physical_training_coselection_single,1420,185.6455078125,165.6103515625,239.8486328125,209.134765625,284.421875,1419.466796875
q3_physical_training_coselection_single,1424,186.1337890625,166.0341796875,240.5859375,209.82421875,285.12890625,1423.4765625
q3_physical_training_coselection_single,1428,186.8291015625,166.630859375,241.2255859375,210.1318359375,285.8154296875,1427.375
q3_physical_training_coselection_single,1432,187.345703125,167.2841796875,241.95703125,211.0439453125,286.5537109375,1431.34375
q3_physical_training_coselection_single,1436,188.0791015625,167.9326171875,242.5908203125,211.5615234375,287.22265625,1435.435546875
q3_physical_training_coselection_single,1440,188.6552734375,168.6083984375,243.328125,212.6005859375,287.9140625,1439.4609375
q3_physical_training_coselection_single,1444,189.3671875,169.1181640625,243.9482421875,213.0341796875,288.51953125,1443.431640625
q3_physical_training_coselection_single,1448,189.99609375,169.9521484375,244.666015625,213.79296875,289.2421875,1447.4296875
q3_physical_training_coselection_single,1452,190.52734375,170.59765625,245.3916015625,214.8408203125,289.916015625,1451.373046875
q3_physical_training_coselection_single,1456,191.2490234375,171.2197265625,246.056640625,215.36328125,290.580078125,1455.466796875
q3_physical_training_coselection_single,1460,191.7744140625,171.87109375,246.7734375,216.0849609375,291.3447265625,1459.427734375
q3_physical_training_coselection_single,1464,192.3779296875,172.2177734375,247.4970703125,216.40625,291.9833984375,1463.37109375
q3_physical_training_coselection_single,1468,192.9833984375,173.1728515625,248.1611328125,217.6826171875,292.7431640625,1467.388671875
q3_physical_training_coselection_single,1472,193.701171875,173.8916015625,248.8642578125,218.3251953125,293.33984375,1471.490234375
q3_physical_training_coselection_single,1476,194.3173828125,174.2861328125,249.66796875,218.79296875,293.9599609375,1475.548828125
q3_physical_training_coselection_single,1480,194.8779296875,174.9970703125,250.23046875,219.609375,294.7392578125,1479.369140625
q3_physical_training_coselection_single,1484,195.51171875,175.572265625,251.017578125,220.2353515625,295.3955078125,1483.47265625
q3_physical_training_coselection_single,1488,196.09375,176.3232421875,251.724609375,221.26953125,296.0712890625,1487.474609375
q3_physical_training_coselection_single,1492,196.796875,176.9501953125,252.3466796875,221.7490234375,296.705078125,1491.3984375
q3_physical_training_coselection_single,1496,197.4306640625,177.6982421875,252.9951171875,222.80078125,297.4228515625,1495.458984375
q3_physical_training_coselection_single,1500,197.958984375,178.294921875,253.734375,223.484375,298.1494140625,1499.494140625
q3_physical_training_coselection_single,1504,198.666015625,178.927734375,254.4833984375,224.0107421875,298.7294921875,1503.404296875
q3_physical_training_coselection_single,1506,198.99609375,179.2578125,254.66015625,224.2724609375,299.1796875,1505.439453125
q3_physical_training_coselection_single,1507,199.21875,179.4189453125,254.8623046875,224.3681640625,299.248046875,1506.359375
q3_physical_training_coselection_single,1508,199.4033203125,179.677734375,255.0419921875,224.8154296875,299.365234375,1507.41796875
q3_physical_training_coselection_single,1512,199.98828125,180.3818359375,255.7900390625,225.671875,300.0693359375,1511.4921875
q3_physical_training_coselection_single,1516,200.599609375,180.8623046875,256.474609375,226.2490234375,300.7109375,1515.36328125
q3_physical_training_coselection_single,1520,201.259765625,181.5302734375,257.1650390625,226.853515625,301.4072265625,1519.322265625
q3_physical_training_coselection_single,1524,201.8046875,182.294921875,257.9775390625,227.83203125,302.0322265625,1523.31640625
q3_physical_training_coselection_single,1528,202.46875,182.7529296875,258.5556640625,228.517578125,302.7578125,1527.400390625
q3_physical_training_coselection_single,1532,203.0927734375,183.3642578125,259.3291015625,229.1845703125,303.3447265625,1531.33984375
q3_physical_training_coselection_single,1536,203.7421875,184.1455078125,260.03125,230.0361328125,304.021484375,1535.400390625
q3_physical_training_coselection_single,1568,208.8349609375,189.544921875,265.5244140625,236.1728515625,309.3408203125,1567.34375
q3_physical_training_coselection_single,1600,214.0693359375,195.158203125,271.1376953125,242.1796875,314.53515625,1599.361328125
q3_physical_training_coselection_single,1632,219.470703125,201.224609375,276.599609375,249.033203125,319.5537109375,1631.228515625
q3_physical_training_coselection_single,1664,224.712890625,206.724609375,282.08984375,254.6669921875,324.8154296875,1663.162109375
